﻿id,bid,user_id,用户昵称,微博正文,头条文章url,发布位置,艾特用户,话题,转发数,评论数,点赞数,发布时间,发布工具,微博图片url,微博视频url,retweet_id
4539708962772651,JgF0IbDib,5813967630,清新T-V,【本周六美林广场举行大型招聘会，找工作的看过来！】8月22日（即本周六），海大集团（清新）桂花鱼产业园“精准就业扶贫”专场招聘会将在美林广场举行。举办时间为上午10:00至下午16:30，届时，现场会有生产工、叉车工、机修工、工程师、养殖场长等职位岗位招聘。记得来哦~O找工作的看过来！本周六美林广场举行大型招聘会，年薪最高30万,,,,,0,0,0,2020-08-19 18:53,微博 weibo.com,"['http://ww4.sinaimg.cn/large/006lsOzsgy1ghwbhbl34ej30m80go0ub.jpg', 'http://ww2.sinaimg.cn/large/006lsOzsgy1ghwbhbe13yj30m80e40tv.jpg', 'http://ww4.sinaimg.cn/large/006lsOzsgy1ghwbhbcic7j30m80g4wfx.jpg', 'http://ww4.sinaimg.cn/large/006lsOzsgy1ghwbhbeujjj30m80esq4y.jpg']",,
4537408744591509,JfHaGjgsB,2208273904,番禺区融媒体中心官方微博,【科技带动百万农民走上致富路】历经多年深耕，凭借稳定的业绩增长和高质量的发展模式，海大集团在持续为社会创造财富的同时，发挥作为农牧行业龙头企业的优势，积极投身于“东西部扶贫协作”的国家战略中，在广西、四川、云南等省份的贫困地区，推行“五元赋能”产业扶贫模式，补齐产业短板，助力农民增收，争当东西部扶贫协作战略的支持者、参与者、推动者。O番禺日报数字报,,,,,0,0,0,2020-08-13 10:33,微博 weibo.com,,,
4527259929286300,Jbr9CCXN2,3736437613,海大集团,7月13日，碧空如洗，艳阳高照。海大集团位于广西省贵港二区的领导班子来到贵港市平南县大鹏镇大山村，在平南县农业农村局局长廖显攀、大鹏镇党委书记黄国恩的见证下，为当地贫困户送上一批爱心物资，以期为脱贫攻坚战的全面胜利添砖加瓦，并发挥龙头企业标杆示范作用。#决战决胜脱贫攻坚##东西部扶贫协作#,,,,"决战决胜脱贫攻坚,东西部扶贫协作",0,0,0,2020-07-16 10:25,微博 weibo.com,"['http://ww3.sinaimg.cn/large/deb5836dgy1ggslpx5lnmj20u00je7b9.jpg', 'http://ww2.sinaimg.cn/large/deb5836dgy1ggslpz5i49j20u00jen39.jpg', 'http://ww4.sinaimg.cn/large/deb5836dgy1ggslpze36pj20u00je78c.jpg']",,
4525244494321005,JaAIVi85D,5813967630,清新T-V,【招聘啦！上市集团多个岗位最高年薪30万】海大集团（清新）桂花鱼产业园“扶贫”专场招聘来啦！养殖场长、养殖工程师、财务会计、生产工、叉车工……若干个岗位，“职”等你来！还在找工作的朋友赶紧看过来！O招聘！上市集团多个岗位最高年薪30万,,,,,0,0,0,2020-07-10 20:57,微博 weibo.com,"['http://ww2.sinaimg.cn/large/006lsOzsgy1ggm68yppe5j30p00anjui.jpg', 'http://ww2.sinaimg.cn/large/006lsOzsgy1ggm68s6x5tj30u00gwac4.jpg', 'http://ww3.sinaimg.cn/large/006lsOzsgy1ggm68s8dlbj30h90ckk6c.jpg']",,
4525091298325398,JawJPyVOC,3736437613,海大集团,“走向我们的小康生活”，海大集团东西部扶贫协作报道之旅要启程啦！让我们拭目以待。,,,,,0,0,0,2020-07-10 10:48,微博 weibo.com,['http://ww4.sinaimg.cn/large/deb5836dgy1ggloo1veu3j20u01hcdz8.jpg'],,
4524437830116920,JafJR0upO,3736437613,海大集团,发布了头条文章：《南方农村报：海大集团推行“五元赋能”模式，打造精准扶贫新力量》O南方农村报：海大集团推行“五元赋能”模式，打造精准扶贫新力量,http://t.cn/A6yVMfaO,,,,0,0,0,2020-07-08 15:31,微博 weibo.com,,,
4522195609851455,J9jpmFkOr,3736437613,海大集团,#广东扶贫济困日##决战决胜脱贫攻坚##乡村振兴##公益#6月30日上午，2020年广东扶贫济困日活动在广州举行。海大集团凭借在公益慈善、脱贫攻坚等领域的持续投入与突出贡献，荣膺2019年度“广东扶贫济困红棉杯”金杯奖。,,,,"广东扶贫济困日,决战决胜脱贫攻坚,乡村振兴,公益",0,0,0,2020-07-02 11:01,微博 weibo.com,"['http://ww1.sinaimg.cn/large/deb5836dgy1ggcg3mxhrij20u00k0n38.jpg', 'http://ww4.sinaimg.cn/large/deb5836dgy1ggcg3o78sqj20u00k0grq.jpg', 'http://ww2.sinaimg.cn/large/deb5836dgy1ggcg3pej1uj20u00irn2f.jpg']",,
4522194194986423,J9jn5kVcb,3736437613,海大集团,发布了头条文章：《不忘初心勇担当海大集团荣获“广东扶贫济困红棉杯”金杯奖》O不忘初心勇担当海大集团荣获“广东扶贫济困红棉杯”金杯奖,http://t.cn/A6yzqBuL,,,,0,0,0,2020-07-02 10:56,微博 weibo.com,,,
4522187594217376,J9jcrhH8c,3736437613,海大集团,#630扶贫济困日##决战决胜脱贫攻坚#6月29日下午，广州市2020年广东扶贫济困日活动启动仪式举行。海大集团现场捐款1000万元，用于支持贵州省毕节市、广东省梅州市等地的脱贫攻坚。,,,,"630扶贫济困日,决战决胜脱贫攻坚",0,0,0,2020-07-02 10:30,微博 weibo.com,"['http://ww4.sinaimg.cn/large/deb5836dgy1ggcf659efmj20u00jogr5.jpg', 'http://ww2.sinaimg.cn/large/deb5836dgy1ggcf63pq3hj20u00k0n0n.jpg']",,
4515484072075717,J6uOj8HZj,2788497863,中国双拥杂志,"【236家企业主播带货1万余个就业岗位贵阳这场网络招聘很给力！】“各位战友，大家好，这次我们为大家带来的岗位有区域负责人、销售经理，大家有问题尽管问！”5月29日上午，在贵州省贵阳国际人才城，退役军人、贵州摩尔诗科技有限公司董事长方昌华第一次当主播，成为退役军人直播招聘会上公司直播主讲人。直播助理陈亿钱一边忙着回复直播间里的提问，一边把公司的招聘岗位信息和政策发到直播间。“这是第一次参加直播招聘，累计观看人数2169人。”陈亿钱介绍说，公司本次计划招聘106人，提供的岗位遍及全省各地。直播＋招聘，这场由贵州省退役军人事务厅和贵阳市退役军人事务局联合主办的2020年贵州（贵阳）退役军人直播招聘会，是贵州省退役军人事务系统首次使用网络直播形式开展招聘活动。也是常态化疫情防控期间，贵州省规模最大、在线人数最多、覆盖全省的退役军人专场直播招聘会。招聘会一改寻常的招聘模式，没有了“面对面”聚众，而是通过两个手机将企业和全省各地的退役军人们“连接”在一起，充分采用了“企业线上直播”+“视频双选会”的“云”网络直播招聘模式，给大家带来了一次找工作“新风尚”的全新体验。参加招聘会的退役军人不用到招聘现场,只需通过手机登录直播平台就能参加招聘会,直观了解招聘企业的情况、岗位要求及薪资待遇，并可与招聘单位相关人员进行交流互动，对心仪的企业可以直接投递个人简历，让我们的退役军人更加直观、多维度的了解行业和找到工作。真正做到让退役军人少跑腿，数据多跑路。实时直播结束后，退役军人可通过网络进行简历投递、线上面试预约等，让所有参加招聘会的退役军人足不出户就可完成应聘。  记者在现场看到，贵州宏立城集团、万科物业、广州海大集团等30余家企业现场用手机开启了网络主播，岗位信息、薪资待遇宣讲，互动实时问答、精准信息推送，让招聘会变身一场“云”招聘。贵州省退役军人事务厅就业创业处处长潘科介绍，本次招聘活动旨在深入贯彻落实党中央国务院“六稳”、“六保”决策部署和省委省政府疫情防控指示精神，积极响应省委办公厅、省人民政府办公厅印发《关于进一步加强劳务就业扶贫工作的实施意见》，在充分发挥退役军人人才资源优势下，为各类企业及机构搭建起人才供需桥梁，促进退役军人稳定就业。本次招聘会共邀请到236家企业参会，提供了12117个就业机会，除了30余家在现场直播招聘的企业外，还有200余家招聘企业在线面试招聘。招聘会期间，累计观看量152596人次，共收到投递简历数42740份,互动人数9714人，求职意向人数3826人，通过多维云聘进行视频面试的退役军人共计570余人。据悉，招聘会结束后，贵阳警备区将联合贵阳市退役军人事务局、人力资源和社会保障局等相关部门，采取线上与线下相结合的方式，大力开展“订单式”、“定向式”、“定岗式”退役军人就业培训，构建大数据+互联网+退役军人信息化服务保障体系，拓宽退役军人就业渠道，提升就业创业能力，多层次，多渠道为退役军人实提供便捷、高效、精准服务，实现服务事项“一网通办”。#关注退役军人##致敬退役军人##退役军人保障法##最美退役军人#微博退役军人圈",,,,"关注退役军人,致敬退役军人,退役军人保障法,最美退役军人",0,0,2,2020-06-13 22:32,双拥超话,"['http://ww3.sinaimg.cn/large/a63519c7ly1gfr1a1qoe2j20kn0dot9t.jpg', 'http://ww1.sinaimg.cn/large/a63519c7ly1gfr1a1odnhj20js0c8aay.jpg', 'http://ww2.sinaimg.cn/large/a63519c7ly1gfr1a1oumzj20kb0dq3zg.jpg', 'http://ww4.sinaimg.cn/large/a63519c7ly1gfr1a1qgdlj20km0dmt9n.jpg']",,
4512389025179722,J5ciilJtU,3736437613,海大集团,2020年，决战决胜的冲锋号已经吹响。在“广东扶贫济困日”活动十周年之际，脱贫攻坚蹄疾步稳、乡村振兴接续奋斗！从此刻起，海大集团“扶贫济困”系列报道即将拉开帷幕。一个个关于海大携手养户共奔小康，开创美好新生活的故事，将在这万物繁荣的季节里温情上演。流水潺潺，炊烟袅袅，一幅幅秀美的乡村风景画卷正徐徐展开。一片片令人向往的热土之上，村民们挥洒热汗、科学养殖、辛勤耕作……是脱贫攻坚将农村沉睡的土地唤醒，让他们成为了美丽乡村的追梦人致敬为脱贫攻坚、共奔小康做出努力的你、我、他！#脱贫攻坚##乡村振兴##广东扶贫济困日#,,,,"脱贫攻坚,乡村振兴,广东扶贫济困日",0,0,0,2020-06-05 09:34,微博 weibo.com,"['http://ww3.sinaimg.cn/large/deb5836dgy1gfh5smfn60j20u01hcb29.jpg', 'http://ww4.sinaimg.cn/large/deb5836dgy1gfh5smmjeuj20u01hckjl.jpg', 'http://ww4.sinaimg.cn/large/deb5836dgy1gfh5smvoufj20u01hc7wh.jpg', 'http://ww3.sinaimg.cn/large/deb5836dgy1gfh5sm5ue5j20u01hcb29.jpg', 'http://ww1.sinaimg.cn/large/deb5836dgy1gfh5sjmvt8j20u01hce81.jpg', 'http://ww2.sinaimg.cn/large/deb5836dgy1gfh5smlad9j20u01hcqv5.jpg']",,
4493679156922723,IDj1pt2UP,6060138943,割肉荣-,"割肉荣：模式内的买点=地天板折花逢驿使，寄与陇头人。江南无所有，聊赠一枝春。今天是4月以来第二次北上单日流入超过百亿，3月流出的4月已经流回，短期流动性泛滥的资产荒估计过几天就会向大众科普。中午温州公布了两会召开的时间，作为第一批疫情的重灾区，这个公告是一个明显的强势政策信号，说明我们已经做好了面对外部二次冲击的准备。指数最差是阴跌，重点将回到政策和业绩的博弈，个股的机会会多起来。昨天午盘说了米业，这个票近2周都有比较详细的图文解释，看懂了全过程，你短线就入门了。今天午盘也贴了第一买点，收盘涨停时超预期的，但这样的买点大家应该不会陌生。星期六、秀强、模塑科技、道恩都有类似的机会，简单复习一下吧，之前的涨幅强度要强，下跌要快速干脆，持续跌停就是买点，再看一张信仰图明天设置一个高点回落7-8%的止盈就好了，做短线就是这样简单且枯燥。这个传闻很有意思，这样的位置很容易引起中国神X的回忆，而且在接下来2个季度，业绩的故事说的艰难的时候，给市场一个预期也是不错的选择。所以想通了这些的我，已经追高被套了大家谨慎模仿。-------------------------------------------------------------板块解读科技板块电动车板块之前的反弹，每次都是科技带路，然后被砸；这次在特斯拉的影响下，市场尝试了电动车，效果比预期的好，继续观望。农业+食品+黄金抗通胀板块米业是灵魂，辅助的是华资实业，其他就是锦上添花的角色，养殖业绩公布结束，短期小猪弹性更好（唐人神、天康),2季度业绩延续高爆发。种业周线级别面临突破，等等政策催化。食品的节奏就是这样，按图索骥不要追高，时间换空间，个股业绩没问题，最终涨的差不多。黄金没变化。防疫板块原料药和中药继续上涨，中午以岭的公告验证了之前中药外销+扶贫任务的国策，龙头就是他了。只要他月线上没有出顶部结构，防疫板块的整体行情就没有结束。其他连扳的梯队，午盘都帮大家选出来了，下午涨停2个，明天享受一下情绪溢价，去弱留强。明日思路核心是减少持股时间，及时兑现利润，这个位置别担心踏空，控制好仓位和方向。重点还应该放在抗通胀+稳就业的思路；今天是情绪高涨的一天，早盘被核按的昨日反包板下午都打开了地板，后面就是情绪加速找高点的向下转折。明天接力的事就让给别人了，做好止盈。中线组合券商/科技/抗通胀/电动车1/0/4/0配置券商中信抗通胀正邦、北农、黄金宽松预期下，跌就是最好的朋友，明天盘中的机会，我们午盘见。（不知道午盘的，在公众号对话框，回复“午盘”，获得关注路径）中线方向上，市场遭遇的突发性的黑天鹅影响只有一次，上半年大概率是大箱体震荡，等待外围衰退的拐点。很多人觉得我对大局观和逻辑的挖掘比较深入，其实这离不开平时的积累和学习。今天给大家介绍一个我比较欣赏的团队——投研帮，希望给大家的知识体系做一个补充。投研帮的风格以价值投资为主，已经发行私募。有一套独特的对于股票的估值方法，简单易学，很多读者已经掌握精髓。大家关注后可以学习一下。很多牛股的诞生并不是一路顺风的上涨，期间也会经历各种市场情绪和主力间的博弈，只有深刻的理解了公司股价的驱动因子，才能稳坐钓鱼台。投研帮的强项就是发掘基本面优秀，但是短期被市场错杀的好公司。比如一直在创新高的海大集团，100块钱的五粮液等等，今年都稳稳的上涨三成，不需要你每天担忧市场怎么了，买着拿着就能躺赢！",,,,,0,0,0,2020-04-14 18:27,360安全浏览器,,,
4452025276288714,IlPpJqnYS,2207702064,微博贵州,"【2019贵州·广州对口帮扶招商对接会在广州举行】12月20日,贵州省工业和信息化厅在广州市组织召开2019贵州·广州对口帮扶招商对接会。对接会上,省工业和信息化厅与广东海大集团股份有限公司签署战略合作框架协议。此外,通过现场面对面洽谈,贵州省部分园区与广州企业签订了毕节金域医学检验实验室项目、七星关皮具制品项目、贵州粤旺龙里食用菌项目、瓮安县箱包制造项目等11个合作项目,签约金额13.795亿元。下一步,省工业和信息化厅将继续抓好东西部扶贫协作和对口支援战略机遇,力争用优质服务、优越环境以及优厚资源,吸引更多粤港澳大湾区企业到我省工业园区投资兴业,共谋发展,为打赢产业扶贫这场硬仗提供产业支撑。（via.贵州日报）",,,,,0,0,1,2019-12-21 19:50,微博 weibo.com,['http://ww2.sinaimg.cn/large/8396dc30gy1ga4cgynsl3j20et08cwf3.jpg'],,
4452005147407665,IlOTgv54t,1960601312,多彩贵州网,"【2019贵州·广州对口帮扶招商对接会在广州举行】12月20日,贵州省工业和信息化厅在广州市组织召开2019贵州·广州对口帮扶招商对接会。对接会上,省工业和信息化厅与广东海大集团股份有限公司签署战略合作框架协议。此外,通过现场面对面洽谈,贵州省部分园区与广州企业签订了毕节金域医学检验实验室项目、七星关皮具制品项目、贵州粤旺龙里食用菌项目、瓮安县箱包制造项目等11个合作项目,签约金额13.795亿元。下一步,省工业和信息化厅将继续抓好东西部扶贫协作和对口支援战略机遇,力争用优质服务、优越环境以及优厚资源,吸引更多粤港澳大湾区企业到我省工业园区投资兴业,共谋发展,为打赢产业扶贫这场硬仗提供产业支撑。（via.贵州日报）",,,,,1,0,3,2019-12-21 18:30,微博 weibo.com,['http://ww3.sinaimg.cn/large/74dc66e0gy1ga4982v62fj20et08cwf3.jpg'],,
4162392345136226,Fqb6Olyam,2659523842,黔东南新闻网官方微博,#黔东南要闻#【黔东南招大引强迈上新台阶，1-9月引进500强企业21家】2017年，黔东南围绕产业扶贫招商助推脱贫攻坚这一主题，有针对性地主动出击，全方位、多层次、宽领域开展招商引资，以三个需要、四个聚焦、五个强化树立招商引资新导向，打造“千军万马”招商引资新局面，实现招大引强迈上新台阶。全州1-9月引进500强企业21家，投资项目24个，合同约定投资额194.64亿元，首次落户贵州入驻黔东南500强企业4家（联合利华、上海医药、广东海大集团、北京王府井），成为全省首个超额完成省政府考核年度招引首次落户贵州500强企业目标任务的市州。（时政黔东南）,,,,黔东南要闻,0,0,3,2017-10-13 14:12,iPhone 6s Plus,['http://ww4.sinaimg.cn/large/9e851d02gy1fkgl9b5qcwj20dw0addgp.jpg'],,
4142018671683672,FhD637400,2154344603,饲料行业信息网,#畜牧业新闻#海大集团半年销售饲料370万吨，11家益豚养猪公司正在筹建！　　8月17日，海大集团发布2017年半年度报告。报告显示，2017年上半年海大集团营业收入145.32亿元，同比增长25.06%;利润总额达6.48亿元，同比增长31.17%;归属上市公司股东净利润5.19亿元，同比增长34.89%。　　半年销售饲料370万吨，行情低迷、疫病不断仍能保持较高增长　　海大集团饲料板块包括猪、禽以及水产饲料三大板块。报告显示，2017年上半年海大集团饲料销量高达370万吨，同比增长14.55%;销售收入112.52亿元，同比增长23.26%;毛利率同比提升0.57%。具体到细分板块：　　其中猪饲料销量同比增长24.46%，禽饲料销量同比增长10.4%，水产饲料销量同比增长18.33%。　　值得注意的是，在2017年上半年猪价行情低迷、H7N9和对虾疫病爆发严重的情况下，各版块饲料仍能保持10%以上的增长。其中，猪饲料仍能增长24.46%，禽料仍增长10.4%，水产饲料销量增长18.33%。　　2017年上半年，在生猪板块，除了猪价低迷以外，随着环保监管的进一步加强，加速了小散户、低效小农经济养户退出市场，为规模化生猪养殖户提供了更有利的发展空间。　　另外，在水产板块，上半年我国对虾养殖疫病暴发严重，养殖成功率创近年新低，对虾饲料需求锐减，但对虾饲料销量同比增长仍超过20%，且产品毛利率创新高。而海大集团特种高档膨化饲料销量也同比增长超过40%。　　而在家禽板块，上半年爆发的H7N9流感导致活禽市场整体低迷;鸡蛋本身产能过剩及蛋鸡延长淘汰直接导致鸡蛋的价格一跌再跌，跌至近十年最低价。肉禽和蛋禽养殖深度亏损，导致上半年禽类存栏持续下降，部分区域存栏降至6-7成，饲料需求大幅减少。　　注：农产品主要包括生猪养殖和水产苗种;　　贸易业务主要以以饲料原料为主。　　出栏生猪22万头，有11家益豚养猪子公司正在筹建　　报告显示，2017年上半年海大出栏肉猪22万头，同比增长44%。与此同时，海大集团正在加快在华南、华中、西南等区域上的土地布局，并已经分别与广西、贵州、湖南等当地政府签订生猪养殖战略合作协议，争取快速取得未来几年发展所需的土地资源。　　公告显示，目前海大集团共有11家益豚猪场正在筹建，包括恩平益豚、英德益豚、岳阳益豚、四会益豚、平南益豚、桂平益豚、平果益豚、覃塘益豚、衡山益豚、衡阳益豚、港北益豚。　　其中已新设立平南益豚、桂平益豚、平果益豚、覃塘益豚、衡山益豚、衡阳益豚、港北益豚7家养猪子公司，还有恩平益豚、英德益豚、岳阳益豚、四会益豚等4家仍未设立。　　2017年上半年海大集团新签订的养猪扶贫项目一览　　今年上半年，海大集团与平果县人民政府签订合作框架协议，拟以自有资金6亿元投资年出栏50万头的商品猪(年存栏2万头母猪)养殖场及配套年产20万吨生物饲料生产项目，扶持年出栏1000-2000头育肥猪的农户300-500户参与项目建设，目前公司已成立设立平果县益豚生态农业有限公司。　　另外，海大集团还与贵港市政府签订生猪生态环保养殖项目投资框架协议。目前，公司已成功在桂平市设立桂平市益豚生态农业有限公司，以“公司+农户”模式发展养猪。　　今年2月21日，海大集团公告披露，海大集团还与贵州省榕江县人民政府签订战略合作框架协议，拟以自有资金6亿元投资年产50万头的猪苗场及配套年产15万吨饲料生产项目，扶持年出栏500-1000头育肥猪的农户500-1000户参与项目建设;　　公司与贵州省都匀市人民政府签订战略合作框架协议，拟以自有资金4.5亿元投资年出栏仔猪30万头的猪苗场及配套年产15万吨饲料厂，扶持年出栏500-1000头育肥猪的农户300-600户参与项目建设，并提供500-800人的就业岗位。文章来源：新牧网　作者：何敏辉　O网页链接,,,,畜牧业新闻,2,0,1,2017-08-18 08:54,360安全浏览器,"['http://ww2.sinaimg.cn/large/8068b09bly1finldujecwj20b407qabb.jpg', 'http://ww3.sinaimg.cn/large/8068b09bly1finldv58bqj20fa0a777b.jpg']",,
4126837817428859,FbgaNvaAj,5983283973,养殖促销网孙大为,海大集团瓮福集团将在榕江县实施生猪养殖扶贫项目，计划总投资5.4亿，建设3-5个种苗场和出栏50万头生猪养殖基地。,,,,,0,0,0,2017-07-07 11:31,荣耀手机 勇敢做自己,['http://ww3.sinaimg.cn/large/006wVfudly1fhb5vyb6scj30qo13yjvd.jpg'],,
4109377159947427,F3VWrFJMn,5983283973,养殖促销网孙大为,海大集团投资6亿元在广西建年出栏50万头生猪项目5月19日，海大集团公告，近日海大集团的下属子公司广州市益豚猪业投资有限公司与平果县人民政府签订了《关于投资生猪生态环保养殖扶贫建设项目及配套生物饲料工厂建设项目的合作协议》，拟以自有资金6亿元投资年出栏50万头的商品猪(年存栏2万头母猪)养殖场及配套年产20万吨生物饲料生产项目。,,石家庄·谈固,,,0,0,0,2017-05-20 07:08,荣耀手机 勇敢做自己,['http://ww3.sinaimg.cn/large/006wVfudly1ffrgk3dgaoj31e70qon0r.jpg'],,
4108845225471411,F3I6umXmz,2239792910,巨潮资讯网,【海大集团：签署6亿元投资合作协议】近日海大集团的下属子公司广州市益豚猪业投资有限公司与平果县人民政府签订了《关于投资生猪生态环保养殖扶贫建设项目及配套生物饲料工厂建设项目的合作协议》，拟以自有资金6亿元投资年出栏50万头的商品猪（年存栏2万头母猪）养殖场及配套年产20万吨生物饲料生产项目。,,,,,4,1,4,2017-05-18 19:55,微博 weibo.com,,,
