﻿id,bid,user_id,用户昵称,微博正文,头条文章url,发布位置,艾特用户,话题,转发数,评论数,点赞数,发布时间,发布工具,微博图片url,微博视频url,retweet_id
4496535238676083,IEvjZAp2P,3181336015,静海发布,#静海战“疫”#【双线作战全面攻坚──静海区统筹推进疫情防控期间脱贫攻坚工作侧记】今年是全面建成小康社会目标实现之年，也是脱贫攻坚收官之年，面对突如其来的疫情与艰巨的扶贫任务，静海区委、区政府坚决摒弃等一等、缓一缓的思想，高站位、高起点，统筹推进疫情防控期间的脱贫攻坚工作，切实把各项工作抓实、抓细、抓落地，坚决打赢疫情防控阻击战和脱贫攻坚战。不等不缓行动早静海区委、区政府始终绷紧脱贫攻坚这根弦，随时做好决战决胜打硬仗的准备。结合疫情防控工作，及时倡导社会各界人士为镇原县捐款180万元，天津物宗园公司响应号召为镇原县捐助医用防护口罩、医用外科口罩、消毒液等，总计价值约15万元；拨付卡若区100万元，捐助卡若区口罩、护目镜等，并将资金和物资第一时间拨付受援地区，帮助受援地打赢疫情防控阻击战。扶贫工作组3月2日至11日、3月17日至20日两批次点对点到达镇原，以脚丈量、用心推动，深入走访困难村，摸清一手资料，开展了大量扶贫对接工作。通过10天的走访调研，针对镇原县未脱贫的13个贫困村，细化落实举措，逐村制定任务清单、时间表、路线图，掀起了赶超奋进、狠抓落实的新局面和新浪潮。截至目前，静海区已拨付镇原县财政资金4070.5万元，其中区级财政资金3814万元，镇级财政资金256.5万元；通过动员社会力量向镇原县捐款642.3万元，用于疫情防控、扶持产业发展、劳务协作、教育扶贫、健康扶贫等。挂牌督战目标准静海区在制定《关于天津市静海区对甘肃省镇原县脱贫攻坚挂牌督战的实施方案》的基础上，按照“一村一策”要求，针对镇原县13个未退出贫困村分别制定了挂牌督战帮扶方案。其中，由静海区委书记蔺雪峰对国务院挂牌督战贫困率超过10%的方山乡贾山村进行督战帮扶，其余12个未退出贫困村各由一名区级领导包联。针对贾山村等13个未退出贫困村，以产业帮扶为主，分类施策，多措并举，分别围绕建设肉兔养殖合作社、扶持万寿菊和药材种植、购置药材挖掘农机设备、建设黄花菜加工扶贫车间、修建漫水桥涵等发展需求，精准发力，督促落实，助力未退出贫困村打赢脱贫攻坚战。截至目前，286.8万元帮扶资金已全部拨付到位。统筹推进效果好产业合作方面，在稳定“输血”的基础上，根据镇原县自然条件、资源禀赋和产业基础等因素，找准弱项、补足短板，真正在产业帮扶上出实招、解难题，切实变“输血”为“造血”，推动产业帮扶落到实处。积极落实畜牧业科研、海吉星农产品采购等“津企陇上行”签约项目。继续发展久鼎养殖专业合作社、黑山羊保种繁育、肉牛肉羊屠宰等项目，深呼吸口罩厂项目将于4月投产达产。进一步协调庆阳市、镇原县等相关职能部门在规划、环保、国土等申报审批方面给予帮助，让项目尽快投产达产，让投资者安心放心，让地方百姓受益。消费扶贫方面，2月28日，在镇原县注册金仓农业发展有限公司，进一步落实海吉星农产品采购项目。依托爱心扶贫超市，在镇原19个乡镇及13个未退出贫困村设立爱心收购站，进一步精准到户、精准到人，打通建档立卡贫困户农副产品销售渠道。截至目前，共采购甘肃地区3177万元的农副产品，争取6月份完成5500万元消费扶贫任务。劳务协作方面，静海区开展“同心战疫，让爱回家”行动，先后三批次接收镇原务工人员324人到天津爱玛集团、天津富士达体育用品有限公司和天津信隆实业有限公司务工。截至目前，共帮助镇原县建档立卡贫困人口来津就业192人，就近就地就业121人，到其他地区就业1195人。携手奔小康方面，今年在已实现101户结对认亲的基础上，进一步加大结对认亲帮扶力度，重点突出与镇原县未退出13个贫困村建档立卡贫困户的结对认亲，并针对部分特殊困难的建档立卡贫困户，与爱心企业、爱心人士搭建帮扶桥梁，给予重点帮扶，不仅“扶上马”，更要“送一程”，确保精准帮扶，措施有效。继续做好18个乡镇（包括对应的19个村）、2个社会组织、93个学校、2个医院、相关部门的结对帮扶工作；全力推进“万企帮万村”精准扶贫行动；新增建立21对幼儿学校手拉手结对，促进中小学生共同成长进步。距离完成脱贫攻坚目标任务时间紧、任务重，静海区将以时不我待的紧迫感、舍我其谁的使命感，只争朝夕、不负韶华，撸起袖子加油干，重锤敲出最强音，以实际行动向党和人民交上一份满意的答卷。,,,,静海战“疫”,0,0,0,2020-04-22 15:36,360安全浏览器,['http://ww3.sinaimg.cn/large/bd9f55cfly1ge2l1sjsglj209008mjrg.jpg'],,
4384933592559512,HzDvFaJQs,2024130591,西安医学高等专科学校,#医专扶贫路#6月18日上午，西安医专向鄠邑区中心敬老院捐赠价值五万元健康服务设备，校院双方代表签署了捐赠清单，王信隆授捐赠牌与鄠邑区中心敬老院。鄠邑区中心敬老院作为我校健康帮扶产学研示范基地，我校将继续承担起“医疗扶贫”这一重要角色，做好产学研基地的基础建设，让敬老院老人安度晚年。,,,,医专扶贫路,0,0,1,2019-06-19 16:31,微博 weibo.com,"['http://ww1.sinaimg.cn/large/78a5c81fly1g46jrf9o6zj20rs0ijaf0.jpg', 'http://ww4.sinaimg.cn/large/78a5c81fly1g46jre02yvj20rs0ijgqm.jpg', 'http://ww2.sinaimg.cn/large/78a5c81fly1g46jrg2xvdj20rs0ijtcp.jpg', 'http://ww4.sinaimg.cn/large/78a5c81fly1g46jrkase7j20rs0ijq7m.jpg', 'http://ww3.sinaimg.cn/large/78a5c81fly1g46jrp0ivaj20rs0ku0xv.jpg', 'http://ww4.sinaimg.cn/large/78a5c81fly1g46jrsr4yjj20rs11143r.jpg']",,
4496535238676083,IEvjZAp2P,3181336015,静海发布,#静海战“疫”#【双线作战全面攻坚──静海区统筹推进疫情防控期间脱贫攻坚工作侧记】今年是全面建成小康社会目标实现之年，也是脱贫攻坚收官之年，面对突如其来的疫情与艰巨的扶贫任务，静海区委、区政府坚决摒弃等一等、缓一缓的思想，高站位、高起点，统筹推进疫情防控期间的脱贫攻坚工作，切实把各项工作抓实、抓细、抓落地，坚决打赢疫情防控阻击战和脱贫攻坚战。不等不缓行动早静海区委、区政府始终绷紧脱贫攻坚这根弦，随时做好决战决胜打硬仗的准备。结合疫情防控工作，及时倡导社会各界人士为镇原县捐款180万元，天津物宗园公司响应号召为镇原县捐助医用防护口罩、医用外科口罩、消毒液等，总计价值约15万元；拨付卡若区100万元，捐助卡若区口罩、护目镜等，并将资金和物资第一时间拨付受援地区，帮助受援地打赢疫情防控阻击战。扶贫工作组3月2日至11日、3月17日至20日两批次点对点到达镇原，以脚丈量、用心推动，深入走访困难村，摸清一手资料，开展了大量扶贫对接工作。通过10天的走访调研，针对镇原县未脱贫的13个贫困村，细化落实举措，逐村制定任务清单、时间表、路线图，掀起了赶超奋进、狠抓落实的新局面和新浪潮。截至目前，静海区已拨付镇原县财政资金4070.5万元，其中区级财政资金3814万元，镇级财政资金256.5万元；通过动员社会力量向镇原县捐款642.3万元，用于疫情防控、扶持产业发展、劳务协作、教育扶贫、健康扶贫等。挂牌督战目标准静海区在制定《关于天津市静海区对甘肃省镇原县脱贫攻坚挂牌督战的实施方案》的基础上，按照“一村一策”要求，针对镇原县13个未退出贫困村分别制定了挂牌督战帮扶方案。其中，由静海区委书记蔺雪峰对国务院挂牌督战贫困率超过10%的方山乡贾山村进行督战帮扶，其余12个未退出贫困村各由一名区级领导包联。针对贾山村等13个未退出贫困村，以产业帮扶为主，分类施策，多措并举，分别围绕建设肉兔养殖合作社、扶持万寿菊和药材种植、购置药材挖掘农机设备、建设黄花菜加工扶贫车间、修建漫水桥涵等发展需求，精准发力，督促落实，助力未退出贫困村打赢脱贫攻坚战。截至目前，286.8万元帮扶资金已全部拨付到位。统筹推进效果好产业合作方面，在稳定“输血”的基础上，根据镇原县自然条件、资源禀赋和产业基础等因素，找准弱项、补足短板，真正在产业帮扶上出实招、解难题，切实变“输血”为“造血”，推动产业帮扶落到实处。积极落实畜牧业科研、海吉星农产品采购等“津企陇上行”签约项目。继续发展久鼎养殖专业合作社、黑山羊保种繁育、肉牛肉羊屠宰等项目，深呼吸口罩厂项目将于4月投产达产。进一步协调庆阳市、镇原县等相关职能部门在规划、环保、国土等申报审批方面给予帮助，让项目尽快投产达产，让投资者安心放心，让地方百姓受益。消费扶贫方面，2月28日，在镇原县注册金仓农业发展有限公司，进一步落实海吉星农产品采购项目。依托爱心扶贫超市，在镇原19个乡镇及13个未退出贫困村设立爱心收购站，进一步精准到户、精准到人，打通建档立卡贫困户农副产品销售渠道。截至目前，共采购甘肃地区3177万元的农副产品，争取6月份完成5500万元消费扶贫任务。劳务协作方面，静海区开展“同心战疫，让爱回家”行动，先后三批次接收镇原务工人员324人到天津爱玛集团、天津富士达体育用品有限公司和天津信隆实业有限公司务工。截至目前，共帮助镇原县建档立卡贫困人口来津就业192人，就近就地就业121人，到其他地区就业1195人。携手奔小康方面，今年在已实现101户结对认亲的基础上，进一步加大结对认亲帮扶力度，重点突出与镇原县未退出13个贫困村建档立卡贫困户的结对认亲，并针对部分特殊困难的建档立卡贫困户，与爱心企业、爱心人士搭建帮扶桥梁，给予重点帮扶，不仅“扶上马”，更要“送一程”，确保精准帮扶，措施有效。继续做好18个乡镇（包括对应的19个村）、2个社会组织、93个学校、2个医院、相关部门的结对帮扶工作；全力推进“万企帮万村”精准扶贫行动；新增建立21对幼儿学校手拉手结对，促进中小学生共同成长进步。距离完成脱贫攻坚目标任务时间紧、任务重，静海区将以时不我待的紧迫感、舍我其谁的使命感，只争朝夕、不负韶华，撸起袖子加油干，重锤敲出最强音，以实际行动向党和人民交上一份满意的答卷。,,,,静海战“疫”,0,0,0,2020-04-22 15:36,360安全浏览器,['http://ww3.sinaimg.cn/large/bd9f55cfly1ge2l1sjsglj209008mjrg.jpg'],,
4384933592559512,HzDvFaJQs,2024130591,西安医学高等专科学校,#医专扶贫路#6月18日上午，西安医专向鄠邑区中心敬老院捐赠价值五万元健康服务设备，校院双方代表签署了捐赠清单，王信隆授捐赠牌与鄠邑区中心敬老院。鄠邑区中心敬老院作为我校健康帮扶产学研示范基地，我校将继续承担起“医疗扶贫”这一重要角色，做好产学研基地的基础建设，让敬老院老人安度晚年。,,,,医专扶贫路,0,0,1,2019-06-19 16:31,微博 weibo.com,"['http://ww3.sinaimg.cn/large/78a5c81fly1g46jrf9o6zj20rs0ijaf0.jpg', 'http://ww2.sinaimg.cn/large/78a5c81fly1g46jre02yvj20rs0ijgqm.jpg', 'http://ww2.sinaimg.cn/large/78a5c81fly1g46jrg2xvdj20rs0ijtcp.jpg', 'http://ww4.sinaimg.cn/large/78a5c81fly1g46jrkase7j20rs0ijq7m.jpg', 'http://ww4.sinaimg.cn/large/78a5c81fly1g46jrp0ivaj20rs0ku0xv.jpg', 'http://ww4.sinaimg.cn/large/78a5c81fly1g46jrsr4yjj20rs11143r.jpg']",,
4496535238676083,IEvjZAp2P,3181336015,静海发布,#静海战“疫”#【双线作战全面攻坚──静海区统筹推进疫情防控期间脱贫攻坚工作侧记】今年是全面建成小康社会目标实现之年，也是脱贫攻坚收官之年，面对突如其来的疫情与艰巨的扶贫任务，静海区委、区政府坚决摒弃等一等、缓一缓的思想，高站位、高起点，统筹推进疫情防控期间的脱贫攻坚工作，切实把各项工作抓实、抓细、抓落地，坚决打赢疫情防控阻击战和脱贫攻坚战。不等不缓行动早静海区委、区政府始终绷紧脱贫攻坚这根弦，随时做好决战决胜打硬仗的准备。结合疫情防控工作，及时倡导社会各界人士为镇原县捐款180万元，天津物宗园公司响应号召为镇原县捐助医用防护口罩、医用外科口罩、消毒液等，总计价值约15万元；拨付卡若区100万元，捐助卡若区口罩、护目镜等，并将资金和物资第一时间拨付受援地区，帮助受援地打赢疫情防控阻击战。扶贫工作组3月2日至11日、3月17日至20日两批次点对点到达镇原，以脚丈量、用心推动，深入走访困难村，摸清一手资料，开展了大量扶贫对接工作。通过10天的走访调研，针对镇原县未脱贫的13个贫困村，细化落实举措，逐村制定任务清单、时间表、路线图，掀起了赶超奋进、狠抓落实的新局面和新浪潮。截至目前，静海区已拨付镇原县财政资金4070.5万元，其中区级财政资金3814万元，镇级财政资金256.5万元；通过动员社会力量向镇原县捐款642.3万元，用于疫情防控、扶持产业发展、劳务协作、教育扶贫、健康扶贫等。挂牌督战目标准静海区在制定《关于天津市静海区对甘肃省镇原县脱贫攻坚挂牌督战的实施方案》的基础上，按照“一村一策”要求，针对镇原县13个未退出贫困村分别制定了挂牌督战帮扶方案。其中，由静海区委书记蔺雪峰对国务院挂牌督战贫困率超过10%的方山乡贾山村进行督战帮扶，其余12个未退出贫困村各由一名区级领导包联。针对贾山村等13个未退出贫困村，以产业帮扶为主，分类施策，多措并举，分别围绕建设肉兔养殖合作社、扶持万寿菊和药材种植、购置药材挖掘农机设备、建设黄花菜加工扶贫车间、修建漫水桥涵等发展需求，精准发力，督促落实，助力未退出贫困村打赢脱贫攻坚战。截至目前，286.8万元帮扶资金已全部拨付到位。统筹推进效果好产业合作方面，在稳定“输血”的基础上，根据镇原县自然条件、资源禀赋和产业基础等因素，找准弱项、补足短板，真正在产业帮扶上出实招、解难题，切实变“输血”为“造血”，推动产业帮扶落到实处。积极落实畜牧业科研、海吉星农产品采购等“津企陇上行”签约项目。继续发展久鼎养殖专业合作社、黑山羊保种繁育、肉牛肉羊屠宰等项目，深呼吸口罩厂项目将于4月投产达产。进一步协调庆阳市、镇原县等相关职能部门在规划、环保、国土等申报审批方面给予帮助，让项目尽快投产达产，让投资者安心放心，让地方百姓受益。消费扶贫方面，2月28日，在镇原县注册金仓农业发展有限公司，进一步落实海吉星农产品采购项目。依托爱心扶贫超市，在镇原19个乡镇及13个未退出贫困村设立爱心收购站，进一步精准到户、精准到人，打通建档立卡贫困户农副产品销售渠道。截至目前，共采购甘肃地区3177万元的农副产品，争取6月份完成5500万元消费扶贫任务。劳务协作方面，静海区开展“同心战疫，让爱回家”行动，先后三批次接收镇原务工人员324人到天津爱玛集团、天津富士达体育用品有限公司和天津信隆实业有限公司务工。截至目前，共帮助镇原县建档立卡贫困人口来津就业192人，就近就地就业121人，到其他地区就业1195人。携手奔小康方面，今年在已实现101户结对认亲的基础上，进一步加大结对认亲帮扶力度，重点突出与镇原县未退出13个贫困村建档立卡贫困户的结对认亲，并针对部分特殊困难的建档立卡贫困户，与爱心企业、爱心人士搭建帮扶桥梁，给予重点帮扶，不仅“扶上马”，更要“送一程”，确保精准帮扶，措施有效。继续做好18个乡镇（包括对应的19个村）、2个社会组织、93个学校、2个医院、相关部门的结对帮扶工作；全力推进“万企帮万村”精准扶贫行动；新增建立21对幼儿学校手拉手结对，促进中小学生共同成长进步。距离完成脱贫攻坚目标任务时间紧、任务重，静海区将以时不我待的紧迫感、舍我其谁的使命感，只争朝夕、不负韶华，撸起袖子加油干，重锤敲出最强音，以实际行动向党和人民交上一份满意的答卷。,,,,静海战“疫”,0,0,0,2020-04-22 15:36,360安全浏览器,['http://ww2.sinaimg.cn/large/bd9f55cfly1ge2l1sjsglj209008mjrg.jpg'],,
4384933592559512,HzDvFaJQs,2024130591,西安医学高等专科学校,#医专扶贫路#6月18日上午，西安医专向鄠邑区中心敬老院捐赠价值五万元健康服务设备，校院双方代表签署了捐赠清单，王信隆授捐赠牌与鄠邑区中心敬老院。鄠邑区中心敬老院作为我校健康帮扶产学研示范基地，我校将继续承担起“医疗扶贫”这一重要角色，做好产学研基地的基础建设，让敬老院老人安度晚年。,,,,医专扶贫路,0,0,1,2019-06-19 16:31,微博 weibo.com,"['http://ww1.sinaimg.cn/large/78a5c81fly1g46jrf9o6zj20rs0ijaf0.jpg', 'http://ww3.sinaimg.cn/large/78a5c81fly1g46jre02yvj20rs0ijgqm.jpg', 'http://ww3.sinaimg.cn/large/78a5c81fly1g46jrg2xvdj20rs0ijtcp.jpg', 'http://ww1.sinaimg.cn/large/78a5c81fly1g46jrkase7j20rs0ijq7m.jpg', 'http://ww1.sinaimg.cn/large/78a5c81fly1g46jrp0ivaj20rs0ku0xv.jpg', 'http://ww2.sinaimg.cn/large/78a5c81fly1g46jrsr4yjj20rs11143r.jpg']",,
