﻿id,bid,user_id,用户昵称,微博正文,头条文章url,发布位置,艾特用户,话题,转发数,评论数,点赞数,发布时间,发布工具,微博图片url,微博视频url,retweet_id
4309221279013271,H3RT1BOLl,1960131082,贵州经济广播官方微博,"【2018贵州省企业社会责任报告发布会在兴义市举行】11月22日，2018贵州省企业社会责任报告发布会在兴义市举行。会议紧紧围绕党的十九大提出的新时代新任务，勇于担当历史使命,从企业坚持依法诚信守信、高度重视产品质量安全、扎实推进经济发展方式转变、大力加强资源节约和环境保护、切实维护职工健康安全等合法权益、积极支持社会公益事业，在精准扶贫方面作出贡献等六个方面进行了工作交流。本次发布会由贵州省工业与知识经济联合会、省质量管理协会联合举办，充分发挥社会组织的凝聚力和桥梁纽带作用及社会织组的合力。会上，瓮福集团有限责任公司、联塑科技发展(贵阳)有限公司、贵州华星酒业(集团)有限公司等企业作了经验交流发言，还对2018贵州省企业社会责任报告发布会上发布报告的35家企业颁发证书。中国航发贵州黎阳航空动力有限公司、贵州电网有限责任公司、贵州高速公路集团有限公司、贵州乌江水电开发有限公司、贵州建工集团有限公司、贵州盐业(集团)有限责任公司、贵州省农村信用社联合社、贵州银行股份有限公司、贵阳银行股份有限公司、贵州信邦制药股份有限公司、贵州锦丰矿业有限公司、贵州醇酒业有限公司等35户企业在会上进行纸质报告文本交流。茅台集团有限公司等企业通过全国会议渠道、企业网站和其他媒体发布了企业社会责任报告。据了解，贵州省企业社会责任报告发布会自2011年以来已连续举办八届，先后有534家（次）中央在黔企业、地方国有骨干企业和优秀民营企业在会上发布了社会责任报告，历届参会代表累计2400多人次。上百家中央在黔企业、省属国有大型企业、股份制企业和民营企业参加了会议。",,,,,0,0,0,2018-11-22 18:17,iPhone客户端,"['http://ww1.sinaimg.cn/large/74d53a0agy1fxh0c6odjqj20m80cktax.jpg', 'http://ww4.sinaimg.cn/large/74d53a0agy1fxh0c88yojj20m80hfwho.jpg']",,
4248202414355211,GkdXPigZl,5381917043,知心兰姐,兰姐看盘——监管层确认6只独角兽基金获批·国际快递·1，欧美股市：欧洲STOXX600指数收平；2，标普500指数收涨23.55点，涨幅0.86%，报2772.35点；3，道琼斯工业平均指数收涨346.41点，涨幅1.40%；4，纳斯达克综合指数收涨51.38点，涨幅0.67%，报7689.24点。5，8月黄金期货收跌不到0.1%，报1301.40美元/盎司；6，美国WTI原油7月期货基本持稳，报64.73美元/桶；7，布伦特原油8月期货也基本持稳，报75.36美元/桶。8，上期所原油期货主力合约SC1809夜盘收涨0.67%，报463.80元。9，美元指数跌0.25%，报93.6515；美元兑人民币跌0.33%，报6.3850·早间点评·国际贸易关系解冻迹象令市场得到提振，同时银行股和波音股价攀升也对市场带来推动，美股大幅收涨，道指攀升346.41点重新站上25000点关口，纳指连续三日创下历史新高；美联储加息预期降低避险资产吸引力，纽约黄金下跌。资本主义继续大涨，而A股昨天窄幅度震荡，预计今天有望跟风反抽，大盘关注上方3130点附近阻力。题材方面，证监会官网确认6只“独角兽”基金获批文，独角兽回归的盛宴将正式拉开序幕，炒作题材热点方向可朝这条主线发展，宁德时代以及以CDR方式上市的阿里百度京东等出现板块启动可参与；茅台新高背后是沪股通全力加持，外资在表演猴子的故事，拉高即是派发，不可盲目追涨参与；天猫618年中大促近日已拉开帷幕，物流等消费类的短线有望活跃；投资者还可关注网络扶贫（信维通信、欧菲科技），菜鸟物流（中海达、诺力股份），高铁（华铁股份、永贵电器），美团IPO（浪潮信息、光线传媒）等相关个股。·利好公告·信邦制药：董事长继续增持股份东华软件：拟6亿投建互联网医院三木集团：获阳光集团举牌持股近10%,,,,,0,0,0,2018-06-07 09:10,微博 weibo.com,['http://ww1.sinaimg.cn/large/005SdYtBgy1fs2cf3xaqzj30qo0qotdu.jpg'],,
4221941730486382,G9cNT22wS,2196849334,彬彬聊股市,【20180327早盘特供：公司与行业】每日更新1）：北京、上海、深圳、重庆多地推进智能驾驶政策落地，中国计划10年内部署3000万辆自动驾驶汽车采用自主芯片。路畅股份、星网宇达2）：军民融合不如加速实施阶段、或将取得实质性进展。内蒙一机、中航飞机、航天电器、中航机电、中航光电、中航沈飞3）：集成电路进口替代迫在眉睫，大基金有望加速实现“中国芯”目标。景嘉微、北方华创、晶瑞股份、曙光芯片、浪潮信息4）：药明康德周二上回、参股公司受关注。信邦制药、昆药集团5）：超高速无线通信技术主力5G开拓心一动互联网入口。杰赛科技、辉煌科技6）：微信支付宝同时发力，告诉“无感支付”时代到来。天喻信息、捷顺科技7）：财政部：将合规光伏扶贫项目列入电价补助目录。清源股份8）：MCU产品供应持续紧张。中颖电子、东软载波9）：太赫兹技术成6G通信基础。华讯方舟、大恒科技10）：文昌航天科技城完成初步规划，成海南发展新亮点。海南高速、海南瑞泽#今日看盘#上证指数sh000001创业板指sz399006,,,,今日看盘,0,6,8,2018-03-26 22:00,今日看盘超话,,,
4045305832437318,Ej0BVae3A,3919163252,微罗甸,【全州统战系统“同心·百企帮百村”精准扶贫现场会走进罗甸】11月22日，黔南州委统战部常务副部长陈良海率全州县（市）党委统战部第三季度工作交流座谈会暨“同心·百企帮百村”精准扶贫行动推进会与会代表现场观摩了罗甸县扶贫开发局办公地、县第四小学、县信邦制药公司和边阳镇玉都北殿现代高效农业示范园区等统战工作示范点。O全州统战系统“同心·百企帮百村”精准扶贫现场会走进罗甸,,,,,3,0,1,2016-11-24 11:52,微博 weibo.com,"['http://ww1.sinaimg.cn/large/e999af74gw1fa321wlgscj20gr0b7mzm.jpg', 'http://ww2.sinaimg.cn/large/e999af74gw1fa321xsp6vj20gp0b6dit.jpg', 'http://ww1.sinaimg.cn/large/e999af74gw1fa321xfzpyj20gp0b1acn.jpg', 'http://ww1.sinaimg.cn/large/e999af74gw1fa321xcdh1j20gj0b3gp1.jpg', 'http://ww4.sinaimg.cn/large/e999af74gw1fa321xuu8uj20gq0b60w3.jpg']",,
3961938469904044,DpZiKFyuE,1960601312,多彩贵州网,#2016贵州项目观摩会#【2016全省第一次项目观摩会第二组走进罗甸】4月7日，2016年全省第一次项目建设现场观摩会第二观摩组走进黔南罗甸，实地观摩了罗甸县麻山腹地高效蔬菜产业园、罗甸麻山扶贫精品水果产业园、罗甸县第四小学、新中盛火龙果农业观光园和贵州信邦制药股份有限公司。近年来，罗甸县紧紧围绕主基调、主战略和“一圈两翼”区域经济发展战略，坚守发展和生态两条底线，努力克服区位条件较差、发展基础薄弱、民生欠账较多等困难，把脱离贫攻坚作为经济社会发展的核心工作要任瞄准靶心、精准施策、聚合发力，以抓大项目领导跑大扶贫，走出了一条麻山地区脱贫攻坚的新路子。O网页链接,,,,2016贵州项目观摩会,1,0,4,2016-04-08 10:40,微博 weibo.com,"['http://ww2.sinaimg.cn/large/74dc66e0gw1f2p2sh919uj20on0gdjt5.jpg', 'http://ww2.sinaimg.cn/large/74dc66e0gw1f2p2shdyh3j20or0gd76z.jpg', 'http://ww2.sinaimg.cn/large/74dc66e0gw1f2p2shlgbyj20or0gcmyy.jpg', 'http://ww2.sinaimg.cn/large/74dc66e0gw1f2p2shzieij20or0gfgn6.jpg']",,
3881850135636341,CylilnEgJ,2545579567,个股雷达-信邦制药,【碧江区切实推进中药材产业发展】近年来，碧江区坚持生产与发展两条底线，积极探索精准扶贫机制，以实施订单农业、开展招商引资、打造医药物流园为引领，拓宽精准扶贫新渠道，切实推进中药材产业发展，实现了当地农业增效、农民增收。8月中旬，中国武陵山（铜仁）首...#信邦制药#O网页链接,,,,信邦制药,0,0,0,2015-08-31 10:37,股票123个股雷达,,,
3480914464429873,yxWXciApz,1162044031,ynlsx,贵州百灵、益佰制药、信邦制药：从2012年起，贵州每年将整合发改、科技、经信、财政、商务、农业、林业、扶贫等各项资金不少于3亿元，以投向中药材产业，从而把中药材产业作为特色新型工业和农业产业结构调整的重要任务。,,,,,0,0,0,2012-08-20 01:42,开开点评_发现好去处,,,
