﻿id,bid,user_id,用户昵称,微博正文,头条文章url,发布位置,艾特用户,话题,转发数,评论数,点赞数,发布时间,发布工具,微博图片url,微博视频url,retweet_id
4504211599334459,J1LyTDajN,3768664027,晓航股海,屌丝复盘2020.5.13周三您的关注是对我最大的支持一、消费内需1、医药医疗：片仔癀、长春高新、恒瑞医药、泰格医药、凯莱英、我武生物、药明康德、迈瑞医疗、药房（大参林、益丰药房、老百姓）、司太立、凯利泰、欧普康视、山东药玻、三诺生物、康德莱、大博医疗等等；2、白酒：贵州茅台、五粮液、山西汾酒、今世缘、泸州老窖、舍得酒业、古井贡酒等；3、奶制品：光明乳业、妙可蓝多、伊利股份、新乳业等；4、家电：新宝股份、老板电器、格力电器、小熊电器、三花智控、九阳股份、金莱特等；5、调味品：天味食品、海天味业、恒顺醋业、千禾味业、中炬高新等；6、食品加工：洽洽食品、良品铺子、三只松鼠、三全食品、双汇发展、涪陵榨菜、金字火腿、克明面业、煌上煌、龙大肉食、盐津铺子、西麦食品、安琪酵母、安井食品、桃李面包、来伊份、加加食品（暴雷）等；7、化妆品：御家汇、珀莱雅、上海家化等；8、家居：质邦家居、江山欧派、金牌橱柜、喜临门、大亚圣象、顾家家居、欧派家居、帝欧家居、索菲亚等；9、汽车：中国重汽、长安汽车、广汽集团、上汽集团、长城汽车等。下面附上笔者的消费内需自选股，希望对大家有用。资金选择消费内需方向的深层逻辑反复赘述，一切从疫情当下，经济刺激的实际情况出发，具体参考屌丝复盘2020.5.8周五。昨日复盘预期今天分化，等低吸机会，涨了要卖。今日盘面表现比预期强势的多，细分行业（1-7，主流）今天全面爆发，有点主升浪高潮的意思。笔者反复重申看好消费内需方向，但操作上，仍不建议追着买，消费内需方向不同于一般的主题投资炒作，主要是资金抱团的趋势打法，只要低吸大概率会有肉。但追着买，很容易站山岗。此方向重点阐述相关逻辑，个股数量极其庞大，笔者不做单独推荐。二、科技（1）半导体芯片：中微公司、晶盛机电、中环股份、紫光国微、圣邦股份、北方华创、长电科技、华天科技、通富微电、兆易创新、卓盛微（2）光刻胶：同益股份（反包未封板）、晶瑞股份、江化微等（3）5G：中兴通讯、新易盛、中际旭创、光迅科技等（4）消费电子：漫步者、立讯精密、欧菲光、信维通信等（5）国产软件、服务器、存储：华胜天成、中国软件、浪潮信息、紫光股份、紫光国微、中科曙光等今日多条分支线均有所表现，第一，同益股份有资金做反包，带动光刻胶反弹一波；第二，中环股份等半导体上游材料，带了芯片走了一波；第三，圣邦股份、紫光国微等带了一波。每一个龙头带动，都有不少的跟风盘，板块弹性很好，但是三波带动，资金都没有打出足够的高度，信心不足，估计也是忌惮消费内需资金分流的问题。晚上中芯国际公布一季度业绩，收入9.05亿美元，同比增长35.3%，营收创季度新高，对板块有一定的提振作用，明日继续重点关注科技方向。三、疫情线相关个股：疫苗：未名医药（3板）检测试剂（大跌）：明德生物、迈克生物、达安基因、昌红科技、华大基因等疫苗瓶：正川股份（4板，庄股）口罩：泰达股份、奥美医疗、振德医疗、南卫股份未名医药今日3连板，创历史新高，已经4波主升浪，新冠疫苗想象空间巨大，但最受益的是哪个，现在谁也不知道。妖股，靠信仰生存，笔者已经理解不了，当个市场情绪指标对待。检测试剂昨日大涨今日大跌，口罩方面昨日南卫股份，今日切换到泰达股份，资金高位接力意愿很差。至于正川股份，典型的一庄股，去年11月崩盘记忆犹新。疫情线有多条分支，多数叠加医疗医药线（内需消费），如果非要做个区分，可以根据资金的打法不同做选择，消费内需那条线更多的是抱团走趋势，疫情这边更多的是游资手法，频繁大涨大跌走势。相比之下，笔者更愿意选择大资金抱团走趋势的医疗个股。四、军工相关个股：轴研科技（6连板）、江龙船艇、中航沈飞、航空发动机三兄弟等。相关逻辑：军费+业绩+边缘政治深层逻辑参考屌丝复盘2020.5.8周五板块前面表现多日，到了该调整的时候，轴研科技6连板，走个股行情，延迟了板块的调整，后期继续等待低吸机会，不要忘记，近期市场是轮动的行情，消费内需如果调整，出来的资金总需要去处。重点等待华伍股份、中航沈飞、中兵红箭、航空发动机三兄弟的低吸机会。五、网红经济与农业电商网红经济相关个股：省广集团（1+1+2板）、梦洁股份（3板）、御家汇（2板趋势叠加消费内需）、供销大集（1板叠加农业电商）农业电商相关个股：供销大集（1板）、金健米业、新农开发（-9.53%）相关逻辑：扶贫攻坚+蝗虫减产+疫情粮食危机+大哥支持农村直播带货之所以两个板块放一块分析，其实本质上都是网红经济，农业电商本身有深层次的逻辑在里面，网红经济板块有点各自为战的意思，联动性不是很强。农业电商方面，金健米业早盘最高3个多点，未摸板，低于预期，供销大集卡位，也没带起人气，板块短期调整概率偏大，调后还是值得重点关注。大哥主张农业直播带货，估计大概率会进入两会议程。六、新基建——特高压；老基建（1）特高压相关个股：保变电气、平高电气、汉缆股份、神马电力（庄股）、国电南自等盘中有资金尝试打出人气，奈何消费内需方向对资金虹吸效应太明显，老妖保变电气封板，前期人气龙头汉缆股份、国电南自、中国西电均冲高回落，伤了板块人气。（2）老基建相关个股：建筑装饰：建研院、亚夏股份、宁波建工等高铁：新筑股份、晋亿实业等盘中资金尝试切换，跟新基建特高压一个路子，只是操作上更加猥琐，力度大大弱于特高压。在没有切换成功的情况下，反而成了好事，明天抛压上特高压会更重一些。短线性价比老基建更占优。继续关注老基建高铁方向，注意晋亿实业的低吸。七、次新股华昌达强势7连板，成了独苗，还是那句话，当成盘面人气指标股看就可以。综合，股票池：纯内需消费+新基建、老基建+军工。操作上，缺少增量资金，板块轮动，低吸必胜，追高必死。明日重点关注科技方向。免责声明：本订阅号发布的文章仅代表本订阅号个人观点。不对任何人构成个股推荐和买卖建议。本订阅号所载资料的准确性、可靠性、时效性、完整性不作任何明示或暗示的保证。请结合自身风险承受能力进行股市投资。股市有风险，入市需谨慎。,,,,,2,0,1,2020-05-13 19:59,360安全浏览器,,,
4365945323997190,HrFxqgLQO,2280198017,解放军报,#军报版面导读#【第23届“中国青年五四奖章”评选结果揭晓！他们擦亮青年军人名片】为集中展示新时代青年的精神品格和价值追求，激励和引导全国广大青年继承和发扬五四精神，不忘初心、牢记使命，投身决胜全面建成小康社会、夺取新时代中国特色社会主义伟大胜利的新征程，以优异成绩迎接中华人民共和国成立70周年，经第23届“中国青年五四奖章”评审会议评审，共青团中央、全国青联日前决定，授予中铁九桥工程有限公司电焊工特级技师王中美等30人第23届“中国青年五四奖章”，“月宫一号”团队等13个青年集体“中国青年五四奖章集体”。荣获第23届“中国青年五四奖章”的分别是：中铁九桥工程有限公司电焊工特级技师王中美（女），中国科学院宁波材料技术与工程研究所表面工程事业部副主任王立平，山东麦德森文化传媒有限公司董事长王勇，三江源国家公园管理局可可西里管理处索南达杰保护站副站长龙周才加（藏族），重庆市公安局禁毒总队三支队支队长田丰，石家庄常山北明恒盛纺织分公司布机挡车工刘冬（女），天津大学机器人与自主系统研究所副所长齐俊桐，西藏自治区山南市浪卡子普玛江塘乡邮递员次仁曲巴（藏族），昆明理工大学复杂机电系统智能控制研究所所长那靖（白族），重庆市巫山县当阳乡党政办主任严克美（女），65426部队500分队分队长李庆昆，河北省曲周县幼教特教中心教师杨会芳（女），内蒙古自治区人民医院新生儿科护士长杨晓玲（女、满族），内蒙古自治区通辽市扎鲁特旗巴彦塔拉苏木东萨拉嘎查党支部书记吴云波（蒙古族），江苏省常州技师学院学生宋彪，河南省南阳市镇平县高丘镇黑虎庙小学校长张玉滚，黑龙江省和粮农业有限公司董事长张芳（女），北京市公安局朝阳分局刑侦支队北部重案中队中队长张超（满族），四川省凉山州雷波县簸箕梁子乡觉普村村委会主任阿合尔以（彝族），中国航天科技集团有限公司第五研究院总体部研究室副主任陈建新，清华大学物理系长聘教授周树云（女），中国科学院深海科学与工程研究所工人周皓，国家超级计算天津中心党支部书记孟祥飞，贵州省安顺市关岭县公安局刑侦大队技术中队指导员赵晶晶（女、回族），岳阳新和美农业科技服务有限公司负责人钟瑛（女），黑龙江省哈尔滨市道外区青春爱心志愿者服务协会会长洪润浩，湖北省恩施州巴东县清太坪镇白沙坪小学志愿支教教师袁辉，中国石油新疆油田分公司勘探开发研究院勘探研究所常务副所长郭旭光，武警部队广东省总队某部中队长彭星（土家族），自然资源部中国极地研究中心考察运行部副主任魏福海。荣获“中国青年五四奖章集体”的分别是：“月宫一号”团队，山西省长治市沁源县森林消防大队，中国航发动力所研发设计团队，中国船舶重工集团有限公司第七一五研究所“海眼”系统项目组，中科院合肥物质研究院等离子体所“匠心聚合、质量极限”核聚变大科学工程创新团队，中航通飞大型水陆两栖飞机AG600研制团队，琼中女足，四川航空刘传健机组，四川省凉山州森林消防支队西昌大队，FAST工程调试团队，云南独龙江边境派出所，青藏铁路安多段通天河护路大队，海军“和平方舟”号医院船。同时，共青团中央主办的2019年“全国向上向善好青年”推选活动结果揭晓，最终推选出爱岗敬业、创新创业、勤学上进、扶贫助困、诚实守信、孝老爱亲6类共计120名“全国向上向善好青年”。（据新华社北京4月27日电记者王琦）,,,,军报版面导读,10,3,43,2019-04-28 06:59,微博 weibo.com,['http://ww2.sinaimg.cn/large/87e90f81ly1g2hyz6jzslj20b00f2wkg.jpg'],,
4221941730486382,G9cNT22wS,2196849334,彬彬聊股市,【20180327早盘特供：公司与行业】每日更新1）：北京、上海、深圳、重庆多地推进智能驾驶政策落地，中国计划10年内部署3000万辆自动驾驶汽车采用自主芯片。路畅股份、星网宇达2）：军民融合不如加速实施阶段、或将取得实质性进展。内蒙一机、中航飞机、航天电器、中航机电、中航光电、中航沈飞3）：集成电路进口替代迫在眉睫，大基金有望加速实现“中国芯”目标。景嘉微、北方华创、晶瑞股份、曙光芯片、浪潮信息4）：药明康德周二上回、参股公司受关注。信邦制药、昆药集团5）：超高速无线通信技术主力5G开拓心一动互联网入口。杰赛科技、辉煌科技6）：微信支付宝同时发力，告诉“无感支付”时代到来。天喻信息、捷顺科技7）：财政部：将合规光伏扶贫项目列入电价补助目录。清源股份8）：MCU产品供应持续紧张。中颖电子、东软载波9）：太赫兹技术成6G通信基础。华讯方舟、大恒科技10）：文昌航天科技城完成初步规划，成海南发展新亮点。海南高速、海南瑞泽#今日看盘#上证指数sh000001创业板指sz399006,,,,今日看盘,0,6,8,2018-03-26 22:00,今日看盘超话,,,
4163862767568786,FqNmsvKZc,5198672477,水晶球财经网,【十九大主题前瞻：强国决胜时刻】总的来说，我们认为十九大“强起来”的关键在产业创新、区域机会和精准扶贫，产业创新关注强国强军的混改主题（首推中航机电）、强国重器5G（首推中兴通讯）、强国之“芯”半导体（首推华天科技），区域机会关注海南（首推海南高速）……详情O网页链接,,,,,10,3,10,2017-10-17 15:35,微博 weibo.com,,,
4009432314063111,E3Xnph303,3989003493,中投鸿达财富,午评：早盘三大股指并未受深港通实施方案正式获批的影响高开，反而沪深两市小幅低开，随后股指呈现震荡回调的走势，盘面上仅钢铁及深圳国资改革等表现相对活跃，板块活跃度不高且力度不强。截止午间收盘，沪指小幅下跌报收，深成指及创业板指小幅翻红。　　热点板块：　　国务院部署对钢铁煤炭行业化解过剩产能专项督查，早盘钢铁板块领涨，三钢闽光率先涨停，首钢股份、新钢股份、河钢股份等随之大涨；国防军工早盘表现较为强势，中航飞机领涨，中航机电、景嘉微、北方导航等表现较为强势；另外深圳改革会议将开，深圳国资改革早盘表现强劲，深深宝A盘中一度封上涨停，深物业A、特力A、深天地A等跟随上涨。另外次新股、高送转等也表现较为强势。　　市场要闻：　　　　1、金融时报：政府不应该过度依赖货币政策来刺激经济。国央行主管的《金融时报》援引不具名分析人士报道称，政府不应该过度依赖货币政策来刺激经济；考虑到政府掌握了大量的资产，政府负债率也不高，这些意味着财政政策仍有充足的操作空间。　　2、社保二季末持仓曝光：新进22股，增持26股。随着上市公司中报逐步披露，社保2016年二季末持仓情况曝光。截至8月17日，社保现身于91只个股前十大流通股东名单当中，合计持有股数为12.94亿股，市值达209.27亿元。这91只个股中，社保新进22只个股，增持26只个股。其中，社保新进持股数量排名靠前的个股有大名城，新进持有数量为4119.98万股；社保增持或新进个股占流通A股比例最高的个股为济川药业，占比达7.64%。社保增持股数最多的个股为西山煤电，增持股数为5166.73万股；增持比例较多的个股有科大讯飞，增持比例高达122.35%。　　3、国务院常务会议部署对钢铁煤炭行业化解过剩产能开展专项督查等。国务院总理李克强8月16日主持召开国务院常务会议，部署对钢铁煤炭行业化解过剩产能开展专项督查，确保完成既定目标任务；听取促进外贸增长政策落实情况汇报，推动进出口回稳向好；决定免除普通高中建档立卡家庭经济困难学生学杂费，推进扶贫攻坚；确定完善社会救助和保障标准与物价上涨挂钩联动机制，更好保障困难群众基本生活。　　4、两市融资余额增加99.63亿元，两连升。截至8月16日，上交所融资余额报4935.66亿元，较前一交易日增加70.81亿元；深交所融资余额报3929.43亿元，较前一交易日增加28.82亿元；两市合计8865.09亿元，增加99.63亿元。　　机构观点：　　中金：深港通获批将明显提升A股纳入MSCI可能性。中金公司分析师王汉锋等人称，尽管已有市场预期，但深港通额度的取消及投资标的扩充使港股仍将在短期受益。互通机制生效后覆盖A股市值的81%，所覆盖股票交易量占A股交易量的68%；覆盖港股市值的73%，占港股交易量的90%。总额度的取消意味着大陆股票市场将实际上对所有国际投资者开放，这将是中国资本市场和资本账户开放的重要一步；MSCI指数体系纳入A股的可能性将明显提升。　　总体策略：　　昨日沪深指数震荡休整，主要源于周一涨幅较大的银行股板块性做空及市场普涨格局的分化，导致指数调整压力加大，但两市成交依旧维持在7000亿的水平，市场个股依旧活跃。昨日沪股通净买入额近50亿，为今年6月份以来新高，A股投资价值正逐步被仍可。技术上看，沪指在大涨之后回调属于正常走势，日K线MACD红柱不断放大，BOLL也冲击上轨回落，预计日线级别有一定的调整需求。今日沪指的支撑位置关注五日线3078点附近，压力位置先看能否重新站上年线3124点。操作策略上，建议投资者注意把握热点板块轮动。,,,,,0,0,0,2016-08-17 12:03,搜狗高速浏览器,,,
4504211599334459,J1LyTDajN,3768664027,晓航股海,屌丝复盘2020.5.13周三您的关注是对我最大的支持一、消费内需1、医药医疗：片仔癀、长春高新、恒瑞医药、泰格医药、凯莱英、我武生物、药明康德、迈瑞医疗、药房（大参林、益丰药房、老百姓）、司太立、凯利泰、欧普康视、山东药玻、三诺生物、康德莱、大博医疗等等；2、白酒：贵州茅台、五粮液、山西汾酒、今世缘、泸州老窖、舍得酒业、古井贡酒等；3、奶制品：光明乳业、妙可蓝多、伊利股份、新乳业等；4、家电：新宝股份、老板电器、格力电器、小熊电器、三花智控、九阳股份、金莱特等；5、调味品：天味食品、海天味业、恒顺醋业、千禾味业、中炬高新等；6、食品加工：洽洽食品、良品铺子、三只松鼠、三全食品、双汇发展、涪陵榨菜、金字火腿、克明面业、煌上煌、龙大肉食、盐津铺子、西麦食品、安琪酵母、安井食品、桃李面包、来伊份、加加食品（暴雷）等；7、化妆品：御家汇、珀莱雅、上海家化等；8、家居：质邦家居、江山欧派、金牌橱柜、喜临门、大亚圣象、顾家家居、欧派家居、帝欧家居、索菲亚等；9、汽车：中国重汽、长安汽车、广汽集团、上汽集团、长城汽车等。下面附上笔者的消费内需自选股，希望对大家有用。资金选择消费内需方向的深层逻辑反复赘述，一切从疫情当下，经济刺激的实际情况出发，具体参考屌丝复盘2020.5.8周五。昨日复盘预期今天分化，等低吸机会，涨了要卖。今日盘面表现比预期强势的多，细分行业（1-7，主流）今天全面爆发，有点主升浪高潮的意思。笔者反复重申看好消费内需方向，但操作上，仍不建议追着买，消费内需方向不同于一般的主题投资炒作，主要是资金抱团的趋势打法，只要低吸大概率会有肉。但追着买，很容易站山岗。此方向重点阐述相关逻辑，个股数量极其庞大，笔者不做单独推荐。二、科技（1）半导体芯片：中微公司、晶盛机电、中环股份、紫光国微、圣邦股份、北方华创、长电科技、华天科技、通富微电、兆易创新、卓盛微（2）光刻胶：同益股份（反包未封板）、晶瑞股份、江化微等（3）5G：中兴通讯、新易盛、中际旭创、光迅科技等（4）消费电子：漫步者、立讯精密、欧菲光、信维通信等（5）国产软件、服务器、存储：华胜天成、中国软件、浪潮信息、紫光股份、紫光国微、中科曙光等今日多条分支线均有所表现，第一，同益股份有资金做反包，带动光刻胶反弹一波；第二，中环股份等半导体上游材料，带了芯片走了一波；第三，圣邦股份、紫光国微等带了一波。每一个龙头带动，都有不少的跟风盘，板块弹性很好，但是三波带动，资金都没有打出足够的高度，信心不足，估计也是忌惮消费内需资金分流的问题。晚上中芯国际公布一季度业绩，收入9.05亿美元，同比增长35.3%，营收创季度新高，对板块有一定的提振作用，明日继续重点关注科技方向。三、疫情线相关个股：疫苗：未名医药（3板）检测试剂（大跌）：明德生物、迈克生物、达安基因、昌红科技、华大基因等疫苗瓶：正川股份（4板，庄股）口罩：泰达股份、奥美医疗、振德医疗、南卫股份未名医药今日3连板，创历史新高，已经4波主升浪，新冠疫苗想象空间巨大，但最受益的是哪个，现在谁也不知道。妖股，靠信仰生存，笔者已经理解不了，当个市场情绪指标对待。检测试剂昨日大涨今日大跌，口罩方面昨日南卫股份，今日切换到泰达股份，资金高位接力意愿很差。至于正川股份，典型的一庄股，去年11月崩盘记忆犹新。疫情线有多条分支，多数叠加医疗医药线（内需消费），如果非要做个区分，可以根据资金的打法不同做选择，消费内需那条线更多的是抱团走趋势，疫情这边更多的是游资手法，频繁大涨大跌走势。相比之下，笔者更愿意选择大资金抱团走趋势的医疗个股。四、军工相关个股：轴研科技（6连板）、江龙船艇、中航沈飞、航空发动机三兄弟等。相关逻辑：军费+业绩+边缘政治深层逻辑参考屌丝复盘2020.5.8周五板块前面表现多日，到了该调整的时候，轴研科技6连板，走个股行情，延迟了板块的调整，后期继续等待低吸机会，不要忘记，近期市场是轮动的行情，消费内需如果调整，出来的资金总需要去处。重点等待华伍股份、中航沈飞、中兵红箭、航空发动机三兄弟的低吸机会。五、网红经济与农业电商网红经济相关个股：省广集团（1+1+2板）、梦洁股份（3板）、御家汇（2板趋势叠加消费内需）、供销大集（1板叠加农业电商）农业电商相关个股：供销大集（1板）、金健米业、新农开发（-9.53%）相关逻辑：扶贫攻坚+蝗虫减产+疫情粮食危机+大哥支持农村直播带货之所以两个板块放一块分析，其实本质上都是网红经济，农业电商本身有深层次的逻辑在里面，网红经济板块有点各自为战的意思，联动性不是很强。农业电商方面，金健米业早盘最高3个多点，未摸板，低于预期，供销大集卡位，也没带起人气，板块短期调整概率偏大，调后还是值得重点关注。大哥主张农业直播带货，估计大概率会进入两会议程。六、新基建——特高压；老基建（1）特高压相关个股：保变电气、平高电气、汉缆股份、神马电力（庄股）、国电南自等盘中有资金尝试打出人气，奈何消费内需方向对资金虹吸效应太明显，老妖保变电气封板，前期人气龙头汉缆股份、国电南自、中国西电均冲高回落，伤了板块人气。（2）老基建相关个股：建筑装饰：建研院、亚夏股份、宁波建工等高铁：新筑股份、晋亿实业等盘中资金尝试切换，跟新基建特高压一个路子，只是操作上更加猥琐，力度大大弱于特高压。在没有切换成功的情况下，反而成了好事，明天抛压上特高压会更重一些。短线性价比老基建更占优。继续关注老基建高铁方向，注意晋亿实业的低吸。七、次新股华昌达强势7连板，成了独苗，还是那句话，当成盘面人气指标股看就可以。综合，股票池：纯内需消费+新基建、老基建+军工。操作上，缺少增量资金，板块轮动，低吸必胜，追高必死。明日重点关注科技方向。免责声明：本订阅号发布的文章仅代表本订阅号个人观点。不对任何人构成个股推荐和买卖建议。本订阅号所载资料的准确性、可靠性、时效性、完整性不作任何明示或暗示的保证。请结合自身风险承受能力进行股市投资。股市有风险，入市需谨慎。,,,,,2,0,1,2020-05-13 19:59,360安全浏览器,,,
4365945323997190,HrFxqgLQO,2280198017,解放军报,#军报版面导读#【第23届“中国青年五四奖章”评选结果揭晓！他们擦亮青年军人名片】为集中展示新时代青年的精神品格和价值追求，激励和引导全国广大青年继承和发扬五四精神，不忘初心、牢记使命，投身决胜全面建成小康社会、夺取新时代中国特色社会主义伟大胜利的新征程，以优异成绩迎接中华人民共和国成立70周年，经第23届“中国青年五四奖章”评审会议评审，共青团中央、全国青联日前决定，授予中铁九桥工程有限公司电焊工特级技师王中美等30人第23届“中国青年五四奖章”，“月宫一号”团队等13个青年集体“中国青年五四奖章集体”。荣获第23届“中国青年五四奖章”的分别是：中铁九桥工程有限公司电焊工特级技师王中美（女），中国科学院宁波材料技术与工程研究所表面工程事业部副主任王立平，山东麦德森文化传媒有限公司董事长王勇，三江源国家公园管理局可可西里管理处索南达杰保护站副站长龙周才加（藏族），重庆市公安局禁毒总队三支队支队长田丰，石家庄常山北明恒盛纺织分公司布机挡车工刘冬（女），天津大学机器人与自主系统研究所副所长齐俊桐，西藏自治区山南市浪卡子普玛江塘乡邮递员次仁曲巴（藏族），昆明理工大学复杂机电系统智能控制研究所所长那靖（白族），重庆市巫山县当阳乡党政办主任严克美（女），65426部队500分队分队长李庆昆，河北省曲周县幼教特教中心教师杨会芳（女），内蒙古自治区人民医院新生儿科护士长杨晓玲（女、满族），内蒙古自治区通辽市扎鲁特旗巴彦塔拉苏木东萨拉嘎查党支部书记吴云波（蒙古族），江苏省常州技师学院学生宋彪，河南省南阳市镇平县高丘镇黑虎庙小学校长张玉滚，黑龙江省和粮农业有限公司董事长张芳（女），北京市公安局朝阳分局刑侦支队北部重案中队中队长张超（满族），四川省凉山州雷波县簸箕梁子乡觉普村村委会主任阿合尔以（彝族），中国航天科技集团有限公司第五研究院总体部研究室副主任陈建新，清华大学物理系长聘教授周树云（女），中国科学院深海科学与工程研究所工人周皓，国家超级计算天津中心党支部书记孟祥飞，贵州省安顺市关岭县公安局刑侦大队技术中队指导员赵晶晶（女、回族），岳阳新和美农业科技服务有限公司负责人钟瑛（女），黑龙江省哈尔滨市道外区青春爱心志愿者服务协会会长洪润浩，湖北省恩施州巴东县清太坪镇白沙坪小学志愿支教教师袁辉，中国石油新疆油田分公司勘探开发研究院勘探研究所常务副所长郭旭光，武警部队广东省总队某部中队长彭星（土家族），自然资源部中国极地研究中心考察运行部副主任魏福海。荣获“中国青年五四奖章集体”的分别是：“月宫一号”团队，山西省长治市沁源县森林消防大队，中国航发动力所研发设计团队，中国船舶重工集团有限公司第七一五研究所“海眼”系统项目组，中科院合肥物质研究院等离子体所“匠心聚合、质量极限”核聚变大科学工程创新团队，中航通飞大型水陆两栖飞机AG600研制团队，琼中女足，四川航空刘传健机组，四川省凉山州森林消防支队西昌大队，FAST工程调试团队，云南独龙江边境派出所，青藏铁路安多段通天河护路大队，海军“和平方舟”号医院船。同时，共青团中央主办的2019年“全国向上向善好青年”推选活动结果揭晓，最终推选出爱岗敬业、创新创业、勤学上进、扶贫助困、诚实守信、孝老爱亲6类共计120名“全国向上向善好青年”。（据新华社北京4月27日电记者王琦）,,,,军报版面导读,10,3,43,2019-04-28 06:59,微博 weibo.com,['http://ww3.sinaimg.cn/large/87e90f81ly1g2hyz6jzslj20b00f2wkg.jpg'],,
4221941730486382,G9cNT22wS,2196849334,彬彬聊股市,【20180327早盘特供：公司与行业】每日更新1）：北京、上海、深圳、重庆多地推进智能驾驶政策落地，中国计划10年内部署3000万辆自动驾驶汽车采用自主芯片。路畅股份、星网宇达2）：军民融合不如加速实施阶段、或将取得实质性进展。内蒙一机、中航飞机、航天电器、中航机电、中航光电、中航沈飞3）：集成电路进口替代迫在眉睫，大基金有望加速实现“中国芯”目标。景嘉微、北方华创、晶瑞股份、曙光芯片、浪潮信息4）：药明康德周二上回、参股公司受关注。信邦制药、昆药集团5）：超高速无线通信技术主力5G开拓心一动互联网入口。杰赛科技、辉煌科技6）：微信支付宝同时发力，告诉“无感支付”时代到来。天喻信息、捷顺科技7）：财政部：将合规光伏扶贫项目列入电价补助目录。清源股份8）：MCU产品供应持续紧张。中颖电子、东软载波9）：太赫兹技术成6G通信基础。华讯方舟、大恒科技10）：文昌航天科技城完成初步规划，成海南发展新亮点。海南高速、海南瑞泽#今日看盘#上证指数sh000001创业板指sz399006,,,,今日看盘,0,6,8,2018-03-26 22:00,今日看盘超话,,,
4163862767568786,FqNmsvKZc,5198672477,水晶球财经网,【十九大主题前瞻：强国决胜时刻】总的来说，我们认为十九大“强起来”的关键在产业创新、区域机会和精准扶贫，产业创新关注强国强军的混改主题（首推中航机电）、强国重器5G（首推中兴通讯）、强国之“芯”半导体（首推华天科技），区域机会关注海南（首推海南高速）……详情O网页链接,,,,,10,3,10,2017-10-17 15:35,微博 weibo.com,,,
4504211599334459,J1LyTDajN,3768664027,晓航股海,屌丝复盘2020.5.13周三您的关注是对我最大的支持一、消费内需1、医药医疗：片仔癀、长春高新、恒瑞医药、泰格医药、凯莱英、我武生物、药明康德、迈瑞医疗、药房（大参林、益丰药房、老百姓）、司太立、凯利泰、欧普康视、山东药玻、三诺生物、康德莱、大博医疗等等；2、白酒：贵州茅台、五粮液、山西汾酒、今世缘、泸州老窖、舍得酒业、古井贡酒等；3、奶制品：光明乳业、妙可蓝多、伊利股份、新乳业等；4、家电：新宝股份、老板电器、格力电器、小熊电器、三花智控、九阳股份、金莱特等；5、调味品：天味食品、海天味业、恒顺醋业、千禾味业、中炬高新等；6、食品加工：洽洽食品、良品铺子、三只松鼠、三全食品、双汇发展、涪陵榨菜、金字火腿、克明面业、煌上煌、龙大肉食、盐津铺子、西麦食品、安琪酵母、安井食品、桃李面包、来伊份、加加食品（暴雷）等；7、化妆品：御家汇、珀莱雅、上海家化等；8、家居：质邦家居、江山欧派、金牌橱柜、喜临门、大亚圣象、顾家家居、欧派家居、帝欧家居、索菲亚等；9、汽车：中国重汽、长安汽车、广汽集团、上汽集团、长城汽车等。下面附上笔者的消费内需自选股，希望对大家有用。资金选择消费内需方向的深层逻辑反复赘述，一切从疫情当下，经济刺激的实际情况出发，具体参考屌丝复盘2020.5.8周五。昨日复盘预期今天分化，等低吸机会，涨了要卖。今日盘面表现比预期强势的多，细分行业（1-7，主流）今天全面爆发，有点主升浪高潮的意思。笔者反复重申看好消费内需方向，但操作上，仍不建议追着买，消费内需方向不同于一般的主题投资炒作，主要是资金抱团的趋势打法，只要低吸大概率会有肉。但追着买，很容易站山岗。此方向重点阐述相关逻辑，个股数量极其庞大，笔者不做单独推荐。二、科技（1）半导体芯片：中微公司、晶盛机电、中环股份、紫光国微、圣邦股份、北方华创、长电科技、华天科技、通富微电、兆易创新、卓盛微（2）光刻胶：同益股份（反包未封板）、晶瑞股份、江化微等（3）5G：中兴通讯、新易盛、中际旭创、光迅科技等（4）消费电子：漫步者、立讯精密、欧菲光、信维通信等（5）国产软件、服务器、存储：华胜天成、中国软件、浪潮信息、紫光股份、紫光国微、中科曙光等今日多条分支线均有所表现，第一，同益股份有资金做反包，带动光刻胶反弹一波；第二，中环股份等半导体上游材料，带了芯片走了一波；第三，圣邦股份、紫光国微等带了一波。每一个龙头带动，都有不少的跟风盘，板块弹性很好，但是三波带动，资金都没有打出足够的高度，信心不足，估计也是忌惮消费内需资金分流的问题。晚上中芯国际公布一季度业绩，收入9.05亿美元，同比增长35.3%，营收创季度新高，对板块有一定的提振作用，明日继续重点关注科技方向。三、疫情线相关个股：疫苗：未名医药（3板）检测试剂（大跌）：明德生物、迈克生物、达安基因、昌红科技、华大基因等疫苗瓶：正川股份（4板，庄股）口罩：泰达股份、奥美医疗、振德医疗、南卫股份未名医药今日3连板，创历史新高，已经4波主升浪，新冠疫苗想象空间巨大，但最受益的是哪个，现在谁也不知道。妖股，靠信仰生存，笔者已经理解不了，当个市场情绪指标对待。检测试剂昨日大涨今日大跌，口罩方面昨日南卫股份，今日切换到泰达股份，资金高位接力意愿很差。至于正川股份，典型的一庄股，去年11月崩盘记忆犹新。疫情线有多条分支，多数叠加医疗医药线（内需消费），如果非要做个区分，可以根据资金的打法不同做选择，消费内需那条线更多的是抱团走趋势，疫情这边更多的是游资手法，频繁大涨大跌走势。相比之下，笔者更愿意选择大资金抱团走趋势的医疗个股。四、军工相关个股：轴研科技（6连板）、江龙船艇、中航沈飞、航空发动机三兄弟等。相关逻辑：军费+业绩+边缘政治深层逻辑参考屌丝复盘2020.5.8周五板块前面表现多日，到了该调整的时候，轴研科技6连板，走个股行情，延迟了板块的调整，后期继续等待低吸机会，不要忘记，近期市场是轮动的行情，消费内需如果调整，出来的资金总需要去处。重点等待华伍股份、中航沈飞、中兵红箭、航空发动机三兄弟的低吸机会。五、网红经济与农业电商网红经济相关个股：省广集团（1+1+2板）、梦洁股份（3板）、御家汇（2板趋势叠加消费内需）、供销大集（1板叠加农业电商）农业电商相关个股：供销大集（1板）、金健米业、新农开发（-9.53%）相关逻辑：扶贫攻坚+蝗虫减产+疫情粮食危机+大哥支持农村直播带货之所以两个板块放一块分析，其实本质上都是网红经济，农业电商本身有深层次的逻辑在里面，网红经济板块有点各自为战的意思，联动性不是很强。农业电商方面，金健米业早盘最高3个多点，未摸板，低于预期，供销大集卡位，也没带起人气，板块短期调整概率偏大，调后还是值得重点关注。大哥主张农业直播带货，估计大概率会进入两会议程。六、新基建——特高压；老基建（1）特高压相关个股：保变电气、平高电气、汉缆股份、神马电力（庄股）、国电南自等盘中有资金尝试打出人气，奈何消费内需方向对资金虹吸效应太明显，老妖保变电气封板，前期人气龙头汉缆股份、国电南自、中国西电均冲高回落，伤了板块人气。（2）老基建相关个股：建筑装饰：建研院、亚夏股份、宁波建工等高铁：新筑股份、晋亿实业等盘中资金尝试切换，跟新基建特高压一个路子，只是操作上更加猥琐，力度大大弱于特高压。在没有切换成功的情况下，反而成了好事，明天抛压上特高压会更重一些。短线性价比老基建更占优。继续关注老基建高铁方向，注意晋亿实业的低吸。七、次新股华昌达强势7连板，成了独苗，还是那句话，当成盘面人气指标股看就可以。综合，股票池：纯内需消费+新基建、老基建+军工。操作上，缺少增量资金，板块轮动，低吸必胜，追高必死。明日重点关注科技方向。免责声明：本订阅号发布的文章仅代表本订阅号个人观点。不对任何人构成个股推荐和买卖建议。本订阅号所载资料的准确性、可靠性、时效性、完整性不作任何明示或暗示的保证。请结合自身风险承受能力进行股市投资。股市有风险，入市需谨慎。,,,,,2,0,1,2020-05-13 19:59,360安全浏览器,,,
4365945323997190,HrFxqgLQO,2280198017,解放军报,#军报版面导读#【第23届“中国青年五四奖章”评选结果揭晓！他们擦亮青年军人名片】为集中展示新时代青年的精神品格和价值追求，激励和引导全国广大青年继承和发扬五四精神，不忘初心、牢记使命，投身决胜全面建成小康社会、夺取新时代中国特色社会主义伟大胜利的新征程，以优异成绩迎接中华人民共和国成立70周年，经第23届“中国青年五四奖章”评审会议评审，共青团中央、全国青联日前决定，授予中铁九桥工程有限公司电焊工特级技师王中美等30人第23届“中国青年五四奖章”，“月宫一号”团队等13个青年集体“中国青年五四奖章集体”。荣获第23届“中国青年五四奖章”的分别是：中铁九桥工程有限公司电焊工特级技师王中美（女），中国科学院宁波材料技术与工程研究所表面工程事业部副主任王立平，山东麦德森文化传媒有限公司董事长王勇，三江源国家公园管理局可可西里管理处索南达杰保护站副站长龙周才加（藏族），重庆市公安局禁毒总队三支队支队长田丰，石家庄常山北明恒盛纺织分公司布机挡车工刘冬（女），天津大学机器人与自主系统研究所副所长齐俊桐，西藏自治区山南市浪卡子普玛江塘乡邮递员次仁曲巴（藏族），昆明理工大学复杂机电系统智能控制研究所所长那靖（白族），重庆市巫山县当阳乡党政办主任严克美（女），65426部队500分队分队长李庆昆，河北省曲周县幼教特教中心教师杨会芳（女），内蒙古自治区人民医院新生儿科护士长杨晓玲（女、满族），内蒙古自治区通辽市扎鲁特旗巴彦塔拉苏木东萨拉嘎查党支部书记吴云波（蒙古族），江苏省常州技师学院学生宋彪，河南省南阳市镇平县高丘镇黑虎庙小学校长张玉滚，黑龙江省和粮农业有限公司董事长张芳（女），北京市公安局朝阳分局刑侦支队北部重案中队中队长张超（满族），四川省凉山州雷波县簸箕梁子乡觉普村村委会主任阿合尔以（彝族），中国航天科技集团有限公司第五研究院总体部研究室副主任陈建新，清华大学物理系长聘教授周树云（女），中国科学院深海科学与工程研究所工人周皓，国家超级计算天津中心党支部书记孟祥飞，贵州省安顺市关岭县公安局刑侦大队技术中队指导员赵晶晶（女、回族），岳阳新和美农业科技服务有限公司负责人钟瑛（女），黑龙江省哈尔滨市道外区青春爱心志愿者服务协会会长洪润浩，湖北省恩施州巴东县清太坪镇白沙坪小学志愿支教教师袁辉，中国石油新疆油田分公司勘探开发研究院勘探研究所常务副所长郭旭光，武警部队广东省总队某部中队长彭星（土家族），自然资源部中国极地研究中心考察运行部副主任魏福海。荣获“中国青年五四奖章集体”的分别是：“月宫一号”团队，山西省长治市沁源县森林消防大队，中国航发动力所研发设计团队，中国船舶重工集团有限公司第七一五研究所“海眼”系统项目组，中科院合肥物质研究院等离子体所“匠心聚合、质量极限”核聚变大科学工程创新团队，中航通飞大型水陆两栖飞机AG600研制团队，琼中女足，四川航空刘传健机组，四川省凉山州森林消防支队西昌大队，FAST工程调试团队，云南独龙江边境派出所，青藏铁路安多段通天河护路大队，海军“和平方舟”号医院船。同时，共青团中央主办的2019年“全国向上向善好青年”推选活动结果揭晓，最终推选出爱岗敬业、创新创业、勤学上进、扶贫助困、诚实守信、孝老爱亲6类共计120名“全国向上向善好青年”。（据新华社北京4月27日电记者王琦）,,,,军报版面导读,10,3,43,2019-04-28 06:59,微博 weibo.com,['http://ww3.sinaimg.cn/large/87e90f81ly1g2hyz6jzslj20b00f2wkg.jpg'],,
4221941730486382,G9cNT22wS,2196849334,彬彬聊股市,【20180327早盘特供：公司与行业】每日更新1）：北京、上海、深圳、重庆多地推进智能驾驶政策落地，中国计划10年内部署3000万辆自动驾驶汽车采用自主芯片。路畅股份、星网宇达2）：军民融合不如加速实施阶段、或将取得实质性进展。内蒙一机、中航飞机、航天电器、中航机电、中航光电、中航沈飞3）：集成电路进口替代迫在眉睫，大基金有望加速实现“中国芯”目标。景嘉微、北方华创、晶瑞股份、曙光芯片、浪潮信息4）：药明康德周二上回、参股公司受关注。信邦制药、昆药集团5）：超高速无线通信技术主力5G开拓心一动互联网入口。杰赛科技、辉煌科技6）：微信支付宝同时发力，告诉“无感支付”时代到来。天喻信息、捷顺科技7）：财政部：将合规光伏扶贫项目列入电价补助目录。清源股份8）：MCU产品供应持续紧张。中颖电子、东软载波9）：太赫兹技术成6G通信基础。华讯方舟、大恒科技10）：文昌航天科技城完成初步规划，成海南发展新亮点。海南高速、海南瑞泽#今日看盘#上证指数sh000001创业板指sz399006,,,,今日看盘,0,6,8,2018-03-26 22:00,今日看盘超话,,,
4163862767568786,FqNmsvKZc,5198672477,水晶球财经网,【十九大主题前瞻：强国决胜时刻】总的来说，我们认为十九大“强起来”的关键在产业创新、区域机会和精准扶贫，产业创新关注强国强军的混改主题（首推中航机电）、强国重器5G（首推中兴通讯）、强国之“芯”半导体（首推华天科技），区域机会关注海南（首推海南高速）……详情O网页链接,,,,,10,3,10,2017-10-17 15:35,微博 weibo.com,,,
4009432314063111,E3Xnph303,3989003493,中投鸿达财富,午评：早盘三大股指并未受深港通实施方案正式获批的影响高开，反而沪深两市小幅低开，随后股指呈现震荡回调的走势，盘面上仅钢铁及深圳国资改革等表现相对活跃，板块活跃度不高且力度不强。截止午间收盘，沪指小幅下跌报收，深成指及创业板指小幅翻红。　　热点板块：　　国务院部署对钢铁煤炭行业化解过剩产能专项督查，早盘钢铁板块领涨，三钢闽光率先涨停，首钢股份、新钢股份、河钢股份等随之大涨；国防军工早盘表现较为强势，中航飞机领涨，中航机电、景嘉微、北方导航等表现较为强势；另外深圳改革会议将开，深圳国资改革早盘表现强劲，深深宝A盘中一度封上涨停，深物业A、特力A、深天地A等跟随上涨。另外次新股、高送转等也表现较为强势。　　市场要闻：　　　　1、金融时报：政府不应该过度依赖货币政策来刺激经济。国央行主管的《金融时报》援引不具名分析人士报道称，政府不应该过度依赖货币政策来刺激经济；考虑到政府掌握了大量的资产，政府负债率也不高，这些意味着财政政策仍有充足的操作空间。　　2、社保二季末持仓曝光：新进22股，增持26股。随着上市公司中报逐步披露，社保2016年二季末持仓情况曝光。截至8月17日，社保现身于91只个股前十大流通股东名单当中，合计持有股数为12.94亿股，市值达209.27亿元。这91只个股中，社保新进22只个股，增持26只个股。其中，社保新进持股数量排名靠前的个股有大名城，新进持有数量为4119.98万股；社保增持或新进个股占流通A股比例最高的个股为济川药业，占比达7.64%。社保增持股数最多的个股为西山煤电，增持股数为5166.73万股；增持比例较多的个股有科大讯飞，增持比例高达122.35%。　　3、国务院常务会议部署对钢铁煤炭行业化解过剩产能开展专项督查等。国务院总理李克强8月16日主持召开国务院常务会议，部署对钢铁煤炭行业化解过剩产能开展专项督查，确保完成既定目标任务；听取促进外贸增长政策落实情况汇报，推动进出口回稳向好；决定免除普通高中建档立卡家庭经济困难学生学杂费，推进扶贫攻坚；确定完善社会救助和保障标准与物价上涨挂钩联动机制，更好保障困难群众基本生活。　　4、两市融资余额增加99.63亿元，两连升。截至8月16日，上交所融资余额报4935.66亿元，较前一交易日增加70.81亿元；深交所融资余额报3929.43亿元，较前一交易日增加28.82亿元；两市合计8865.09亿元，增加99.63亿元。　　机构观点：　　中金：深港通获批将明显提升A股纳入MSCI可能性。中金公司分析师王汉锋等人称，尽管已有市场预期，但深港通额度的取消及投资标的扩充使港股仍将在短期受益。互通机制生效后覆盖A股市值的81%，所覆盖股票交易量占A股交易量的68%；覆盖港股市值的73%，占港股交易量的90%。总额度的取消意味着大陆股票市场将实际上对所有国际投资者开放，这将是中国资本市场和资本账户开放的重要一步；MSCI指数体系纳入A股的可能性将明显提升。　　总体策略：　　昨日沪深指数震荡休整，主要源于周一涨幅较大的银行股板块性做空及市场普涨格局的分化，导致指数调整压力加大，但两市成交依旧维持在7000亿的水平，市场个股依旧活跃。昨日沪股通净买入额近50亿，为今年6月份以来新高，A股投资价值正逐步被仍可。技术上看，沪指在大涨之后回调属于正常走势，日K线MACD红柱不断放大，BOLL也冲击上轨回落，预计日线级别有一定的调整需求。今日沪指的支撑位置关注五日线3078点附近，压力位置先看能否重新站上年线3124点。操作策略上，建议投资者注意把握热点板块轮动。,,,,,0,0,0,2016-08-17 12:03,搜狗高速浏览器,,,
