﻿id,bid,user_id,用户昵称,微博正文,头条文章url,发布位置,艾特用户,话题,转发数,评论数,点赞数,发布时间,发布工具,微博图片url,微博视频url,retweet_id
4470524380383339,ItAF01BIT,5525161121,A股趋势说,#2020年中央一号文件##播种一片绿##新浪财经#我们还是需要深度解析国家扶贫攻坚计划，今年是扶贫收官之年，也是业绩兑现的一年，农业板块迎来绝佳机会，种子板块出现集体涨停，最热机会应该是大北农sz002385，同时多只个股应声涨停，在这种一致性环境下，次日只能寻找具备条件有滞后启动的相关品种，种子板块热度火爆不说，农机、化肥纷纷上演谁更强，辉隆股份sz002556扬农化工sh600486分别代表农机和化肥表态，整体农业三大方向（种子、农机、化肥）都来表演.可见资金对农业板块的青睐有加.你读懂了吗？,,,,"2020年中央一号文件,播种一片绿,新浪财经",3,4,9,2020-02-10 20:58,iPhone X,"['http://ww1.sinaimg.cn/large/0061V0NXly1gbrlqs8d75j30v91bpx36.jpg', 'http://ww4.sinaimg.cn/large/0061V0NXly1gbrlqt03txj30v91ljtvb.jpg', 'http://ww1.sinaimg.cn/large/0061V0NXly1gbrlqtqdy0j30v91bd4k4.jpg']",,
4469648143729471,ItdRIfEcL,5525161121,A股趋势说,#股票##技术分析#我们想说资本是嗜血的，但首先要将基础打好了.有人说现在但医药股是因为疫情才炒作，其实我们说疫情只是准备好后有基础的运作下干菜烈火上交了一把油.永太科技sz002326，没有和该疫情有关，他就不会拉升了吗？机会是给有准备的人的.你说呢？如果说农业股会爆发，当前已经巨量封板的辉隆股份sz002556为何会提前发力呢？今天国家发布农业扶贫大政策，那么未来接力医药走强的会不会是农业扶贫呢？当年后过年时我们就分享了在线教育和网络游戏是一条因宅而产生的免费红利，当时有多少人认为方直科技sz300235一定是这这个板块的追热点.关注我们了解神马叫开闸放水还有新高.如果医药股开闸放水那天我们就已经提前提醒了，你信不信，看我们关于医药股预期的文章即可找到证据.今天我们就分享在线教育和云教育是否可能会开闸放水，欢迎关注我们的视频预告.,,,,"股票,技术分析",1,9,3,2020-02-08 10:57,iPhone X,['http://ww4.sinaimg.cn/large/0061V0NXly1gbostjptr8j30v90ej78b.jpg'],,
4338770289092698,HggAIC9qq,5749440640,超短交易的西门,【金融服务乡村振兴指导意见发布农村金融概念股迎机遇】人民银行、银保监会、证监会、财政部、农业农村部联合发布《关于金融服务乡村振兴的指导意见》。《指导意见》对标实施乡村振兴战略的三个阶段性目标，明确了相应阶段内金融服务乡村振兴的目标。短期内，突出目标的科学性和可行性，到2020年，要确保金融精准扶贫力度不断加大、金融支农资源不断增加、农村金融服务持续改善、涉农金融机构公司治理和支农能力明显提升。中长期，突出目标的规划性和方向性，推动建立多层次、广覆盖、可持续、适度竞争、有序创新、风险可控的现代农村金融体系，最终实现城乡金融资源配置合理有序和城乡金融服务均等化。由于农村金融的发展滞后，农村地区庞大的金融需求无法得到满足，制约了农村经济发展。近年来，国家开始陆续加大对农村金融的政策扶持和引导，并多次在政府工作报告和全国金融会议提出金融资源支持“三农”和小微企业的发展。随着国家对农村金融政策上的倾斜及农村金融服务体系的不断完善，相关小型银行和农信社等深度布局农村金融的公司有望享受政策红利。◆新力金融（600318）实际控制人为安徽省供销合作社联合社。作为农村金融稀缺标的，公司目前已拥有地方AMC、小贷、租赁、担保、典当多牌照金融子公司，加之正在收购的支付子公司，未来有利于形成农村金融牌照闭环。◆大北农（002385）子公司农信互联公司加快农业互联网业务推广，提升整个农业行业的经营管理水平和产出效率。农信互联所打造的农信云、农信商城、农信金融、智农通等“三网一通”产品链已形成互联网平台优势。其他公司：辉隆股份（002556）、诺普信（002215）,,,,,1,0,0,2019-02-12 07:15,iPhone客户端,,,
4300387114513250,H0a4niW6m,2388430493,惠游京城,晚间重要公告　　一汽轿车000800、一汽夏利000927：银行授信额度为“意向性”授信额度不代表真实资金需求　　小天鹅A000418、美的集团000333：周一复牌　　华大基因300676：数据采集行为合法合规　　中国联通600050：将公开向民营企业招募云南联通承包运营合作方　　蓝帆医疗002382：公司部分产品出口退税率提高　　金科股份000656：实控人签一致行动协议持股数超融创中国　　宜华健康000150：子公司拟增资扩股引入战投预计增资金额10亿元-25亿元　　步长制药603858：25个中药品种被纳入国家基本药物目录　　红墙股份002809：终止实施2018年股票期权激励计划　　[投资事宜]　　华凯创意300592：联合预中标9120万元项目　　津膜科技300334：联合中标1.39亿元项目　　[三季报业绩]　　津膜科技300334：前三季度净利同比增长499％　　蓝思科技300433：前三季度实现利润10.65亿元同比增长19.23％　　惠泉啤酒600573：前三季度净利同比增逾2倍　　东方明珠600637：前三季度净利超15亿元同比增49％　　恒润股份603985：前三季度净利同比增47％　　泸州老窖000568：前三季度实现净利27.51亿同比增长37.7％　　五粮液000858：前三季度净利近95亿同比增长36％　　芯能科技603105：前三季度净利同比增3成　　昆仑万维300418：前三季度净利7.39亿同比增28％　　康恩贝600572：前三季度净利7.67亿元同比增26％　　元祖股份603886：前三季度净利2.47亿元同比增26％　　贵州茅台600519：前三季度净利247亿元同比增24％　　亿纬锂能300014：前三季度净利3.79亿同比增17％　　华润双鹤600062：前三季度净利8.44亿元同比增16％　　青岛啤酒600600：前三季度净利21亿元同比增12％　　宇通客车600066：前三季度净利同比降37％证金公司减持　　上海莱士002252：前三季度净利亏损近13亿元　　坚瑞沃能300116：前三季度净利亏损29亿元　　[其他事项]　　以岭药业002603：子公司制剂产品获美国FDA批准文号　　维维股份600300：子公司获得160万元项目扶贫资金　　[增持回购]　　科森科技603626：多名董事拟合计增持100万股-150万股　　人福医药600079：董事长提议公司5亿元-10亿元回购股份　　恒力股份600346：拟10亿元-20亿元回购股份　　吉鑫科技601218：拟5000万元-1亿元回购股份　　辉隆股份002556：拟1亿至2亿元回购股份　　美盛文化002699：拟1亿元-2亿元回购股份　　拓维信息002261：拟5000万元-1亿元回购股份　　运达科技300440：拟4000万至8000万元回购股份　　双一科技300690：拟2786万至5572万元回购股份　　精工钢构600496：拟5000万元至3亿元回购股份　　合锻智能603011：拟3000万元-1亿元回购股份　　浙江广厦600052：拟5000万元-2亿元回购股份　　新湖中宝600208：拟修改回购股份预案上调回购规模　　红豆股份600400：已耗资3.7亿元回购3.52％股份　　广汇汽车600297：已耗资逾2亿元回购股份　　鹏博士600804：已耗资逾4亿元回购2.77％股份　　天士力600535：已耗资逾6800万元回购股份　　美克家居600337：已耗资1.39亿元回购股份五、【交易提示】停牌个股*ST抚钢600399：法院裁定受理公司重整29日起停牌复牌个股国农科技000004：已回复问询函29日复牌美的集团000333、小天鹅A000418：回复深交所问询函29日复牌吉药控股300108：与国药控股签署5亿元《战略合作协议》29日复牌道氏技术300409：发行股份及支付现金购买资产获通过29日复牌汉嘉设计300746：已回复问询函29日复牌上海沪工603131：重大资产重组获证监会审核通过29日复牌,,,,,0,0,0,2018-10-29 09:14,iPhone客户端,,,
4300382526278498,H09WYqlk6,2590917613,遂昌活快林,公司公告速递材料辉隆股份：拟1亿至2亿元回购股份红墙股份：终止实施2018年股票期权激励计划恒力股份：拟10亿元-20亿元回购股份盛和资源：从长期来看稀土价格有望进一步上升电信服务中国联通：将公开向民营企业招募云南联通承包运营合作方房地产金科股份：实控人签一致行动协议持股数超融创中国浙江广厦：拟5000万元-2亿元回购股份新湖中宝：拟修改回购股份预案上调回购规模工业海波重科：中标1.01亿元项目亿纬锂能：前三季度净利3.79亿同比增17%坚瑞沃能：前三季度亏损29亿元财务总监辞职津膜科技：联合中标1.39亿元项目双一科技：拟2786万至5572万元回购股份精工钢构：拟5000万元至3亿元回购股份中铁工业：与清华大学未来实验室战略合作吉鑫科技：拟5000万元-1亿元回购股份合锻智能：拟3000万元-1亿元回购股份可选消费美的集团、小天鹅A明日复牌一汽轿车、一汽夏利：银行授信额度为“意向性”授信额度不代表真实资金需求拓维信息：拟5000万元-1亿元回购股份美盛文化：拟1亿元-2亿元回购股份华凯创意：联合预中标9120万元项目红豆股份：已耗资3.7亿元回购3.52%股份日常消费五粮液：前三季度净利近95亿同比增长36%泸州老窖：前三季度实现净利27.51亿同比增长37.7%维维股份：子公司获得160万元项目扶贫资金元祖股份：前三季度净利2.47亿元同比增26%信息技术昆仑万维：前三季度净利7.39亿同比增28%运达科技：拟4000万至8000万元回购股份芯能科技：前三季度净利同比增3成医疗保健宜华健康：子公司拟增资扩股引入战投预计增资金额10亿元-25亿元上海莱士：前三季度亏损近13亿元蓝帆医疗：公司部分产品出口退税率提高以岭药业：子公司制剂产品获美国FDA批准文号华大基因：数据采集行为合法合规人福医药：董事长提议公司5亿元-10亿元回购股份步长制药：25个中药品种被纳入国家基本药物目录,,,,,0,0,0,2018-10-29 08:55,微博 weibo.com,,,
4300381972357322,H09W59Tfk,2590917613,遂昌活快林,公司公告速递材料辉隆股份：拟1亿至2亿元回购股份红墙股份：终止实施2018年股票期权激励计划恒力股份：拟10亿元-20亿元回购股份盛和资源：从长期来看稀土价格有望进一步上升电信服务中国联通：将公开向民营企业招募云南联通承包运营合作方房地产金科股份：实控人签一致行动协议持股数超融创中国浙江广厦：拟5000万元-2亿元回购股份新湖中宝：拟修改回购股份预案上调回购规模工业海波重科：中标1.01亿元项目亿纬锂能：前三季度净利3.79亿同比增17%坚瑞沃能：前三季度亏损29亿元财务总监辞职津膜科技：联合中标1.39亿元项目双一科技：拟2786万至5572万元回购股份精工钢构：拟5000万元至3亿元回购股份中铁工业：与清华大学未来实验室战略合作吉鑫科技：拟5000万元-1亿元回购股份合锻智能：拟3000万元-1亿元回购股份可选消费美的集团、小天鹅A明日复牌一汽轿车、一汽夏利：银行授信额度为“意向性”授信额度不代表真实资金需求拓维信息：拟5000万元-1亿元回购股份美盛文化：拟1亿元-2亿元回购股份华凯创意：联合预中标9120万元项目红豆股份：已耗资3.7亿元回购3.52%股份日常消费五粮液：前三季度净利近95亿同比增长36%泸州老窖：前三季度实现净利27.51亿同比增长37.7%维维股份：子公司获得160万元项目扶贫资金元祖股份：前三季度净利2.47亿元同比增26%信息技术昆仑万维：前三季度净利7.39亿同比增28%运达科技：拟4000万至8000万元回购股份芯能科技：前三季度净利同比增3成医疗保健宜华健康：子公司拟增资扩股引入战投预计增资金额10亿元-25亿元上海莱士：前三季度亏损近13亿元蓝帆医疗：公司部分产品出口退税率提高以岭药业：子公司制剂产品获美国FDA批准文号华大基因：数据采集行为合法合规人福医药：董事长提议公司5亿元-10亿元回购股份步长制药：25个中药品种被纳入国家基本药物目录,,,,,0,0,0,2018-10-29 08:53,微博 weibo.com,,,
4300223255456426,H05O5mTsS,3463230840,水墨雨村,公司公告速递材料辉隆股份：拟1亿至2亿元回购股份红墙股份：终止实施2018年股票期权激励计划恒力股份：拟10亿元-20亿元回购股份盛和资源：从长期来看稀土价格有望进一步上升电信服务中国联通：将公开向民营企业招募云南联通承包运营合作方房地产金科股份：实控人签一致行动协议持股数超融创中国浙江广厦：拟5000万元-2亿元回购股份新湖中宝：拟修改回购股份预案上调回购规模工业海波重科：中标1.01亿元项目亿纬锂能：前三季度净利3.79亿同比增17%坚瑞沃能：前三季度亏损29亿元财务总监辞职津膜科技：联合中标1.39亿元项目双一科技：拟2786万至5572万元回购股份精工钢构：拟5000万元至3亿元回购股份中铁工业：与清华大学未来实验室战略合作吉鑫科技：拟5000万元-1亿元回购股份合锻智能：拟3000万元-1亿元回购股份可选消费美的集团、小天鹅A明日复牌一汽轿车、一汽夏利：银行授信额度为“意向性”授信额度不代表真实资金需求拓维信息：拟5000万元-1亿元回购股份美盛文化：拟1亿元-2亿元回购股份华凯创意：联合预中标9120万元项目红豆股份：已耗资3.7亿元回购3.52%股份日常消费五粮液：前三季度净利近95亿同比增长36%泸州老窖：前三季度实现净利27.51亿同比增长37.7%维维股份：子公司获得160万元项目扶贫资金元祖股份：前三季度净利2.47亿元同比增26%信息技术昆仑万维：前三季度净利7.39亿同比增28%运达科技：拟4000万至8000万元回购股份芯能科技：前三季度净利同比增3成医疗保健宜华健康：子公司拟增资扩股引入战投预计增资金额10亿元-25亿元上海莱士：前三季度亏损近13亿元蓝帆医疗：公司部分产品出口退税率提高以岭药业：子公司制剂产品获美国FDA批准文号华大基因：数据采集行为合法合规人福医药：董事长提议公司5亿元-10亿元回购股份步长制药：25个中药品种被纳入国家基本药物目录,,,,,0,0,0,2018-10-28 22:23,iPhone客户端,,,
4300219702696078,H05Imbjn8,5732258490,股市股道,公司公告速递材料辉隆股份：拟1亿至2亿元回购股份红墙股份：终止实施2018年股票期权激励计划恒力股份：拟10亿元-20亿元回购股份盛和资源：从长期来看稀土价格有望进一步上升电信服务中国联通：将公开向民营企业招募云南联通承包运营合作方房地产金科股份：实控人签一致行动协议持股数超融创中国浙江广厦：拟5000万元-2亿元回购股份新湖中宝：拟修改回购股份预案上调回购规模工业海波重科：中标1.01亿元项目亿纬锂能：前三季度净利3.79亿同比增17%坚瑞沃能：前三季度亏损29亿元财务总监辞职津膜科技：联合中标1.39亿元项目双一科技：拟2786万至5572万元回购股份精工钢构：拟5000万元至3亿元回购股份中铁工业：与清华大学未来实验室战略合作吉鑫科技：拟5000万元-1亿元回购股份合锻智能：拟3000万元-1亿元回购股份可选消费美的集团、小天鹅A明日复牌一汽轿车、一汽夏利：银行授信额度为“意向性”授信额度不代表真实资金需求拓维信息：拟5000万元-1亿元回购股份美盛文化：拟1亿元-2亿元回购股份华凯创意：联合预中标9120万元项目红豆股份：已耗资3.7亿元回购3.52%股份日常消费五粮液：前三季度净利近95亿同比增长36%泸州老窖：前三季度实现净利27.51亿同比增长37.7%维维股份：子公司获得160万元项目扶贫资金元祖股份：前三季度净利2.47亿元同比增26%信息技术昆仑万维：前三季度净利7.39亿同比增28%运达科技：拟4000万至8000万元回购股份芯能科技：前三季度净利同比增3成医疗保健宜华健康：子公司拟增资扩股引入战投预计增资金额10亿元-25亿元上海莱士：前三季度亏损近13亿元蓝帆医疗：公司部分产品出口退税率提高以岭药业：子公司制剂产品获美国FDA批准文号华大基因：数据采集行为合法合规人福医药：董事长提议公司5亿元-10亿元回购股份步长制药：25个中药品种被纳入国家基本药物目录,,,,,27,14,40,2018-10-28 22:08,搜狗高速浏览器,,,
4300218734970037,H05GNkQVT,1908417784,遂昌快活林,公司公告速递材料辉隆股份：拟1亿至2亿元回购股份红墙股份：终止实施2018年股票期权激励计划恒力股份：拟10亿元-20亿元回购股份盛和资源：从长期来看稀土价格有望进一步上升电信服务中国联通：将公开向民营企业招募云南联通承包运营合作方房地产金科股份：实控人签一致行动协议持股数超融创中国浙江广厦：拟5000万元-2亿元回购股份新湖中宝：拟修改回购股份预案上调回购规模工业海波重科：中标1.01亿元项目亿纬锂能：前三季度净利3.79亿同比增17%坚瑞沃能：前三季度亏损29亿元财务总监辞职津膜科技：联合中标1.39亿元项目双一科技：拟2786万至5572万元回购股份精工钢构：拟5000万元至3亿元回购股份中铁工业：与清华大学未来实验室战略合作吉鑫科技：拟5000万元-1亿元回购股份合锻智能：拟3000万元-1亿元回购股份可选消费美的集团、小天鹅A明日复牌一汽轿车、一汽夏利：银行授信额度为“意向性”授信额度不代表真实资金需求拓维信息：拟5000万元-1亿元回购股份美盛文化：拟1亿元-2亿元回购股份华凯创意：联合预中标9120万元项目红豆股份：已耗资3.7亿元回购3.52%股份日常消费五粮液：前三季度净利近95亿同比增长36%泸州老窖：前三季度实现净利27.51亿同比增长37.7%维维股份：子公司获得160万元项目扶贫资金元祖股份：前三季度净利2.47亿元同比增26%信息技术昆仑万维：前三季度净利7.39亿同比增28%运达科技：拟4000万至8000万元回购股份芯能科技：前三季度净利同比增3成医疗保健宜华健康：子公司拟增资扩股引入战投预计增资金额10亿元-25亿元上海莱士：前三季度亏损近13亿元蓝帆医疗：公司部分产品出口退税率提高以岭药业：子公司制剂产品获美国FDA批准文号华大基因：数据采集行为合法合规人福医药：董事长提议公司5亿元-10亿元回购股份步长制药：25个中药品种被纳入国家基本药物目录,,,,,6,0,12,2018-10-28 22:05,微博 weibo.com,,,
4192035386787369,FCCgastHH,5575672966,股票市场观察大师强强,【1月3日财经早餐】 A.证监会将IPO扶贫政策延期至2025年部分地区脱贫不脱政策B.乐视网“打脸”贾跃亭：双方未形成债务解决方案新乐视智家拟融资30亿C.上海证券报新年献词：信仰新时代做多新时代1. 乡村振兴战略全面部署落实关注：海南橡胶（601118）、罗牛山（000735）、辉隆股份（002556）2.经济转向高质量发展，资本偏好“中国智造”。美的集团（000333）、机器人（300024）、汇川技术（300124）、克来机电（603960）3.广西防城港核电站3号机组完成筒体吊装中国核建（601611）、三钢闽光（002110）,,,,,0,0,0,2018-01-03 09:23,微博 weibo.com,,,
4192035215363418,FCCfTmvgK,3873296177,K线实盘,【1月3日财经早餐】 A.证监会将IPO扶贫政策延期至2025年部分地区脱贫不脱政策B.乐视网“打脸”贾跃亭：双方未形成债务解决方案新乐视智家拟融资30亿C.上海证券报新年献词：信仰新时代做多新时代1. 乡村振兴战略全面部署落实关注：海南橡胶（601118）、罗牛山（000735）、辉隆股份（002556）2.经济转向高质量发展，资本偏好“中国智造”。美的集团（000333）、机器人（300024）、汇川技术（300124）、克来机电（603960）3.广西防城港核电站3号机组完成筒体吊装中国核建（601611）、三钢闽光（002110）,,,,,0,0,0,2018-01-03 09:22,微博 weibo.com,,,
4192034824497873,FCCfgiS6l,3874100338,小散-分析师,【1月3日财经早餐】 A.证监会将IPO扶贫政策延期至2025年部分地区脱贫不脱政策B.乐视网“打脸”贾跃亭：双方未形成债务解决方案新乐视智家拟融资30亿C.上海证券报新年献词：信仰新时代做多新时代1. 乡村振兴战略全面部署落实关注：海南橡胶（601118）、罗牛山（000735）、辉隆股份（002556）2.经济转向高质量发展，资本偏好“中国智造”。美的集团（000333）、机器人（300024）、汇川技术（300124）、克来机电（603960）3.广西防城港核电站3号机组完成筒体吊装中国核建（601611）、三钢闽光（002110）,,,,,0,0,0,2018-01-03 09:20,微博 weibo.com,,,
4192034707165346,FCCf4u426,3877294004,千股飘红,【1月3日财经早餐】 A.证监会将IPO扶贫政策延期至2025年部分地区脱贫不脱政策B.乐视网“打脸”贾跃亭：双方未形成债务解决方案新乐视智家拟融资30亿C.上海证券报新年献词：信仰新时代做多新时代1. 乡村振兴战略全面部署落实关注：海南橡胶（601118）、罗牛山（000735）、辉隆股份（002556）2.经济转向高质量发展，资本偏好“中国智造”。美的集团（000333）、机器人（300024）、汇川技术（300124）、克来机电（603960）3.广西防城港核电站3号机组完成筒体吊装中国核建（601611）、三钢闽光（002110）,,,,,0,0,0,2018-01-03 09:20,微博 weibo.com,,,
4192034439481975,FCCeDDMH5,3941964908,涨停实盘,财经早餐1月3日 A.证监会将IPO扶贫政策延期至2025年部分地区脱贫不脱政策B.乐视网“打脸”贾跃亭：双方未形成债务解决方案新乐视智家拟融资30亿C.上海证券报新年献词：信仰新时代做多新时代1. 乡村振兴战略全面部署落实关注：海南橡胶（601118）、罗牛山（000735）、辉隆股份（002556）2.经济转向高质量发展，资本偏好“中国智造”。美的集团（000333）、机器人（300024）、汇川技术（300124）、克来机电（603960）3.广西防城港核电站3号机组完成筒体吊装中国核建（601611）、三钢闽光（002110）,,,,,0,0,0,2018-01-03 09:19,微博 weibo.com,,,
4192034225150147,FCCeilBMT,5523342889,股海安然老师,1月3日财经早餐 A.证监会将IPO扶贫政策延期至2025年部分地区脱贫不脱政策B.乐视网“打脸”贾跃亭：双方未形成债务解决方案新乐视智家拟融资30亿C.上海证券报新年献词：信仰新时代做多新时代1. 乡村振兴战略全面部署落实关注：海南橡胶（601118）、罗牛山（000735）、辉隆股份（002556）2.经济转向高质量发展，资本偏好“中国智造”。美的集团（000333）、机器人（300024）、汇川技术（300124）、克来机电（603960）3.广西防城港核电站3号机组完成筒体吊装中国核建（601611）、三钢闽光（002110）,,,,,0,0,0,2018-01-03 09:18,360安全浏览器,,,
4192033809402588,FCCdCDs2E,5038542939,A股涨停分析师V,财经早餐1月3日 A.证监会将IPO扶贫政策延期至2025年部分地区脱贫不脱政策B.乐视网“打脸”贾跃亭：双方未形成债务解决方案新乐视智家拟融资30亿C.上海证券报新年献词：信仰新时代做多新时代1. 乡村振兴战略全面部署落实关注：海南橡胶（601118）、罗牛山（000735）、辉隆股份（002556）2.经济转向高质量发展，资本偏好“中国智造”。美的集团（000333）、机器人（300024）、汇川技术（300124）、克来机电（603960）3.广西防城港核电站3号机组完成筒体吊装中国核建（601611）、三钢闽光（002110）交易提示1、首发上市：N新疆。2、复牌交易：深桑达A、泰合健康、龙星化工、红旗连锁、天目药业、王府井、*ST重钢等。3、收购重组：东方热电、吴通控股等。4、解禁风险：中原证券、九芝堂、华正新材、濮耐股份等。,,,,,0,0,0,2018-01-03 09:16,微博 weibo.com,,,
4192033696784356,FCCdrssV6,6147236701,证券资讯-王经理,财经早餐1月3日 A.证监会将IPO扶贫政策延期至2025年部分地区脱贫不脱政策B.乐视网“打脸”贾跃亭：双方未形成债务解决方案新乐视智家拟融资30亿C.上海证券报新年献词：信仰新时代做多新时代1. 乡村振兴战略全面部署落实关注：海南橡胶（601118）、罗牛山（000735）、辉隆股份（002556）2.经济转向高质量发展，资本偏好“中国智造”。美的集团（000333）、机器人（300024）、汇川技术（300124）、克来机电（603960）3.广西防城港核电站3号机组完成筒体吊装中国核建（601611）、三钢闽光（002110）交易提示1、首发上市：N新疆。2、复牌交易：深桑达A、泰合健康、龙星化工、红旗连锁、天目药业、王府井、*ST重钢等。3、收购重组：东方热电、吴通控股等。4、解禁风险：中原证券、九芝堂、华正新材、濮耐股份等。,,,,,0,0,0,2018-01-03 09:16,微博 weibo.com,,,
4187321329302200,FADCQD1Vu,5867714246,A股说,会议开完了，很多朋友问会议精神传出啥了，其实和之前的政策没有什么新变化，无非是做了些强调。主要还是住房、农业、改革、扶贫、稳金融。由于1号文件都是农业相关，所以近阶段农业还是主线条之一，农业股里无非就是土地、新农村、农机，找形态好的做做。主流一般都是苏垦农发、北大荒、海南橡胶、辉隆股份,,,,,3,9,21,2017-12-21 09:11,搜狗高速浏览器,,,
4157361931020973,Fo4ff4hBj,6135154366,京讯网安徽,【京讯视点：农业部：2017年农民人均可支配收入将破1.3万元】9月29日上午国务院新闻办举行新闻发布会，中央农村工作领导小组办公室主任韩俊、副主任吴宏耀，农业部部长韩长赋、副部长叶贞琴介绍了十八大以来农业农村工作进展有关情况，并答记者问。其中，在谈到农民收入增长时，韩长赋表示，2016年农民人均可支配收入突破了1.2万元，过去四年年均实际增长8%，累计增长47.4%，平均每年增加近千元。今年上半年农民收入继续保持较好的增长势头，增长了7.4%，全年有望突破1.3万元。城乡收入差距持续缩小，农民收入增速连年跑赢城镇居民，2016年城乡居民收入之比为2.72：1，比2012年下降了0.16。农村恩格尔系数从2012年的37.5%下降到2016年的32.2%，下降了5.3个百分点。贫困地区农民增收更快，年均增长超过10%，持续高于全国农村平均水平，年均减少贫困人口超过1300万。在回答记者关于如何使农民收入增长有后劲的问题时，韩长赋指出，第一，要稳定家庭经营收入的基本面。具体来说，一是抓提质增效，要把优质、绿色、生态、安全的农产品生产摆在突出位置，要培育农产品品牌，使好产品再卖出好价钱。二是节本增效。节本就是增效、就是增收，要结合农业绿色发展，大力推广节水节药节肥节电节油技术，降低农业生产资料、人工、流通等成本。三是规模增效。要引导发展适度规模经营，通过扩大生产经营规模来增加农民收入。据了解，近年来精准扶贫、精准脱贫工作顺利，去年年底有5564万农村贫困人口实现稳定脱贫，贫困发生率由10.2%下降到了4.5%。【京讯视点】1.上半年，农村劳动力就近就业势头好，农村居民人均可支配收入同比增长7.4%，分别高于GDP和城镇居民收入增速0.5个和0.9个百分点。随着下半年农民收入保持稳定增长，今年全年农民人均可支配收入有望突破1.3万元。2.在农业供给侧结构性改革的推动下，我国绿色优质农产品供给增加，今年夏粮产量2810亿斤，同比增加0.9%。随着产业结构进一步调优，农业农村经济将保持稳中向优的发展态势。3.目前大中专生、科技人员等创业人数超700万，返乡下乡创业创新逐渐成为新潮流，加上休闲农业和乡村旅游持续火热，体验式农业、农旅融合等新业态不断显现，农产品加工、农业种植等相关行业有望迎来新突破。4.2016年农产品电子商务交易额达2200亿元，农村网商为800多万。京讯研究员认为，在休闲农业、电子商务等新产业快速发展和利好政策的引导下，将吸引更多资本注入农业领域，农业供给侧改革迎来新局面，农民收入将不断实现新提升。【相关上市公司】辉隆股份（002556）、中坚科技（002779）、芭田股份（002170）、智慧农业（000816）O网页链接,,,,,1,26,25,2017-09-29 17:03,360安全浏览器,['http://ww2.sinaimg.cn/large/006HctUGgy1fk0jj4b9rfj30i50dpn0g.jpg'],,
4049255624597964,EkFmyji8I,3988955068,宏盛投资-高级分析,【12.5股市重要消息面】1、国务院日前印发的《“十三五”脱贫攻坚规划》提出，将农村电子商务作为精准扶贫的重要载体，把电子商务纳入扶贫开发工作体系；（600313农发种业，002556辉隆股份）2、宝武集团成立加速钢铁业重组鞍本合并有望接棒；（0008989鞍钢股份，000761本钢板材）3、十三五节能环保产业规划将出台关注节能环保概念；（300072三聚环保，300048何康新能）4、氨纶价格集体上调库存压力已显著减轻。（002064华峰氨纶，002254泰和新材）,,,,,0,0,0,2016-12-05 09:27,搜狗高速浏览器,,,
3917736130494450,D7roF24D0,5581699823,-涨停板前预知,科技创新是农业现代化的重要推手，也是精准扶贫的重要工具。基于国内农产品竞争力偏弱的现状，通过农村电商和信息化等工具提升农业经营效率，正成为政策的重要着力点。可关注辉丰股份(002496)、辉隆股份(002556)、芭田股份(002170)。,,,,,0,0,1,2015-12-08 11:15,微博桌面,,,
3917733328469844,D7rk8zxoo,3759546701,Vikiy刘贵豫,科技创新是农业现代化的重要推手，也是精准扶贫的重要工具。基于国内农产品竞争力偏弱的现状，通过农村电商和信息化等工具提升农业经营效率，正成为政策的重要着力点。可关注辉丰股份(002496)、辉隆股份(002556)、芭田股份(002170)。,,,,,0,0,0,2015-12-08 11:04,微博桌面,,,
3917733324768554,D7rk8k0wa,3759546807,Fiona大吖橙,科技创新是农业现代化的重要推手，也是精准扶贫的重要工具。基于国内农产品竞争力偏弱的现状，通过农村电商和信息化等工具提升农业经营效率，正成为政策的重要着力点。可关注辉丰股份(002496)、辉隆股份(002556)、芭田股份(002170)。,,,,,0,0,0,2015-12-08 11:04,微博桌面,,,
3917733324270867,D7rk8hV2X,3756127142,Angle_吕超,科技创新是农业现代化的重要推手，也是精准扶贫的重要工具。基于国内农产品竞争力偏弱的现状，通过农村电商和信息化等工具提升农业经营效率，正成为政策的重要着力点。可关注辉丰股份(002496)、辉隆股份(002556)、芭田股份(002170)。,,,,,0,0,0,2015-12-08 11:04,微博桌面,,,
3917733152904207,D7rjRcbw3,3757768774,国泰君安范老师,科技创新是农业现代化的重要推手，也是精准扶贫的重要工具。基于国内农产品竞争力偏弱的现状，通过农村电商和信息化等工具提升农业经营效率，正成为政策的重要着力点。可关注辉丰股份(002496)、辉隆股份(002556)、芭田股份(002170)。,,,,,0,0,0,2015-12-08 11:03,微博桌面,,,
3917733148707755,D7rjQAxhF,3759546040,高舒敏ster,科技创新是农业现代化的重要推手，也是精准扶贫的重要工具。基于国内农产品竞争力偏弱的现状，通过农村电商和信息化等工具提升农业经营效率，正成为政策的重要着力点。可关注辉丰股份(002496)、辉隆股份(002556)、芭田股份(002170)。,,,,,0,0,0,2015-12-08 11:03,微博桌面,,,
3917732523445955,D7riQesrV,5288809075,尚武涵,科技创新是农业现代化的重要推手，也是精准扶贫的重要工具。基于国内农产品竞争力偏弱的现状，通过农村电商和信息化等工具提升农业经营效率，正成为政策的重要着力点。可关注辉丰股份(002496)、辉隆股份(002556)、芭田股份(002170)。,,,,,0,0,0,2015-12-08 11:01,微博桌面,,,
3917732511111386,D7riP4F7A,5292483333,何须山盟海誓,科技创新是农业现代化的重要推手，也是精准扶贫的重要工具。基于国内农产品竞争力偏弱的现状，通过农村电商和信息化等工具提升农业经营效率，正成为政策的重要着力点。可关注辉丰股份(002496)、辉隆股份(002556)、芭田股份(002170)。,,,,,0,0,0,2015-12-08 11:01,微博桌面,,,
3917732104349180,D7riaifq4,5076927548,老叶v论市,科技创新是农业现代化的重要推手，也是精准扶贫的重要工具。基于国内农产品竞争力偏弱的现状，通过农村电商和信息化等工具提升农业经营效率，正成为政策的重要着力点。可关注辉丰股份(002496)、辉隆股份(002556)、芭田股份(002170)。,,,,,0,0,0,2015-12-08 10:59,微博桌面,,,
3917731977728067,D7rhXwqqf,2927765945,-龍腾四海--,10:58科技创新是农业现代化的重要推手，也是精准扶贫的重要工具。基于国内农产品竞争力偏弱的现状，通过农村电商和信息化等工具提升农业经营效率，正成为政策的重要着力点。可关注辉丰股份(002496)、辉隆股份(002556)、芭田股份(002170)。,,,,,0,0,0,2015-12-08 10:59,微博 weibo.com,,,
3917705222548620,D7qAOaH0M,1962014753,皋陶为李,农业现代化助力粮食安全农村电商发展提速。科技创新是农业现代化的重要推手，也是精准扶贫的重要工具。基于国内农产品竞争力偏弱的现状，通过农村电商和信息化等工具提升农业经营效率，正成为政策的重要着力点。可关注辉丰股份(002496)、辉隆股份(002556)、芭田股份(002170)。,,,,,0,0,0,2015-12-08 09:12,微博 weibo.com,,,
3917697114624714,D7qnJjp6a,3199415627,壹大锤,#谈股论金888#科技创新是农业现代化的重要推手，也是精准扶贫的重要工具。辉丰股份（002496）拥有电商平台农一网，县域工作站遍布28个省市区；辉隆股份（002556）旗下“农仁街”的农资与农技服务板块已上线试运营；芭田股份（002170）收购了专注农业信息化的金禾天成，上证指数sh000001,,,,谈股论金888,0,0,0,2015-12-08 08:40,,,,
3913010143668614,D5ss6fonc,5581699823,-涨停板前预知,科技创新作为农业现代化的重要推动力，也是精准扶贫的重要手段。在政策的大力扶持下，农村电商、农业信息化等细分产业，将迎来快速发展机遇。可关注辉丰股份(002496)、辉隆股份(002556)、芭田股份(002170)。,,,,,0,0,0,2015-11-25 10:16,微博桌面,,,
3913010131078663,D5ss54wBN,5482962023,波段女侠,科技创新作为农业现代化的重要推动力，也是精准扶贫的重要手段。在政策的大力扶持下，农村电商、农业信息化等细分产业，将迎来快速发展机遇。可关注辉丰股份(002496)、辉隆股份(002556)、芭田股份(002170)。,,,,,0,0,1,2015-11-25 10:16,微博桌面,,,
3913006473451703,D5smbetWD,5076927548,老叶v论市,科技创新作为农业现代化的重要推动力，也是精准扶贫的重要手段。在政策的大力扶持下，农村电商、农业信息化等细分产业，将迎来快速发展机遇。可关注辉丰股份(002496)、辉隆股份(002556)、芭田股份(002170)。,,,,,0,0,0,2015-11-25 10:01,微博桌面,,,
3913005488578190,D5skAzZzU,3759546807,Fiona大吖橙,科技创新作为农业现代化的重要推动力，也是精准扶贫的重要手段。在政策的大力扶持下，农村电商、农业信息化等细分产业，将迎来快速发展机遇。可关注辉丰股份(002496)、辉隆股份(002556)、芭田股份(002170)。,,,,,0,0,0,2015-11-25 09:57,微博桌面,,,
3913005487723377,D5skAwpcB,3846388527,李建国老师,科技创新作为农业现代化的重要推动力，也是精准扶贫的重要手段。在政策的大力扶持下，农村电商、农业信息化等细分产业，将迎来快速发展机遇。可关注辉丰股份(002496)、辉隆股份(002556)、芭田股份(002170)。,,,,,0,0,1,2015-11-25 09:57,微博桌面,,,
3913005458737575,D5skxAF2D,3757827080,股市田大宝,科技创新作为农业现代化的重要推动力，也是精准扶贫的重要手段。在政策的大力扶持下，农村电商、农业信息化等细分产业，将迎来快速发展机遇。可关注辉丰股份(002496)、辉隆股份(002556)、芭田股份(002170)。,,,,,0,0,0,2015-11-25 09:57,微博桌面,,,
3913005454541333,D5skxj3pj,3759546701,Vikiy刘贵豫,科技创新作为农业现代化的重要推动力，也是精准扶贫的重要手段。在政策的大力扶持下，农村电商、农业信息化等细分产业，将迎来快速发展机遇。可关注辉丰股份(002496)、辉隆股份(002556)、芭田股份(002170)。,,,,,0,0,0,2015-11-25 09:57,微博桌面,,,
3913005449954821,D5skwFLHD,3756127142,Angle_吕超,科技创新作为农业现代化的重要推动力，也是精准扶贫的重要手段。在政策的大力扶持下，农村电商、农业信息化等细分产业，将迎来快速发展机遇。可关注辉丰股份(002496)、辉隆股份(002556)、芭田股份(002170)。,,,,,0,0,0,2015-11-25 09:57,微博桌面,,,
3913005194330064,D5sk7iarK,3759546040,高舒敏ster,科技创新作为农业现代化的重要推动力，也是精准扶贫的重要手段。在政策的大力扶持下，农村电商、农业信息化等细分产业，将迎来快速发展机遇。可关注辉丰股份(002496)、辉隆股份(002556)、芭田股份(002170)。,,,,,0,0,0,2015-11-25 09:56,微博桌面,,,
3913005190025272,D5sk706zC,3591439650,t田老师,科技创新作为农业现代化的重要推动力，也是精准扶贫的重要手段。在政策的大力扶持下，农村电商、农业信息化等细分产业，将迎来快速发展机遇。可关注辉丰股份(002496)、辉隆股份(002556)、芭田股份(002170)。,,,,,0,0,0,2015-11-25 09:56,微博桌面,,,
3913005186615322,D5sk6rKWK,3757768774,国泰君安范老师,科技创新作为农业现代化的重要推动力，也是精准扶贫的重要手段。在政策的大力扶持下，农村电商、农业信息化等细分产业，将迎来快速发展机遇。可关注辉丰股份(002496)、辉隆股份(002556)、芭田股份(002170)。,,,,,0,0,0,2015-11-25 09:56,微博桌面,,,
3913005181741636,D5sk67j4U,3880306761,张铭杉,科技创新作为农业现代化的重要推动力，也是精准扶贫的重要手段。在政策的大力扶持下，农村电商、农业信息化等细分产业，将迎来快速发展机遇。可关注辉丰股份(002496)、辉隆股份(002556)、芭田股份(002170)。,,,,,0,0,0,2015-11-25 09:56,微博桌面,,,
3913005093504882,D5sjXeHMm,2626423141,海通证券周老师,科技创新作为农业现代化的重要推动力，也是精准扶贫的重要手段。在政策的大力扶持下，农村电商、农业信息化等细分产业，将迎来快速发展机遇。可关注辉丰股份(002496)、辉隆股份(002556)、芭田股份(002170)。,,,,,0,0,0,2015-11-25 09:56,微博桌面,,,
3913005072523218,D5sjVaAp4,2626984275,中信证券张老师,科技创新作为农业现代化的重要推动力，也是精准扶贫的重要手段。在政策的大力扶持下，农村电商、农业信息化等细分产业，将迎来快速发展机遇。可关注辉丰股份(002496)、辉隆股份(002556)、芭田股份(002170)。,,,,,0,0,0,2015-11-25 09:56,微博桌面,,,
3913004842065205,D5sjy8FfL,2629030341,中信王老师,科技创新作为农业现代化的重要推动力，也是精准扶贫的重要手段。在政策的大力扶持下，农村电商、农业信息化等细分产业，将迎来快速发展机遇。可关注辉丰股份(002496)、辉隆股份(002556)、芭田股份(002170)。,,,,,0,0,0,2015-11-25 09:55,微博桌面,,,
3913004833671899,D5sjxfpeb,2626200783,申银万国王老师,科技创新作为农业现代化的重要推动力，也是精准扶贫的重要手段。在政策的大力扶持下，农村电商、农业信息化等细分产业，将迎来快速发展机遇。可关注辉丰股份(002496)、辉隆股份(002556)、芭田股份(002170)。,,,,,0,0,0,2015-11-25 09:55,微博桌面,,,
3913004820984300,D5sjw483O,2626565983,海通周老师,科技创新作为农业现代化的重要推动力，也是精准扶贫的重要手段。在政策的大力扶持下，农村电商、农业信息化等细分产业，将迎来快速发展机遇。可关注辉丰股份(002496)、辉隆股份(002556)、芭田股份(002170)。,,,,,0,0,0,2015-11-25 09:55,微博桌面,,,
3913004808488715,D5sjuzCiL,2627451065,曾情缘,科技创新作为农业现代化的重要推动力，也是精准扶贫的重要手段。在政策的大力扶持下，农村电商、农业信息化等细分产业，将迎来快速发展机遇。可关注辉丰股份(002496)、辉隆股份(002556)、芭田股份(002170)。,,,,,0,0,0,2015-11-25 09:55,微博桌面,,,
3913004783307332,D5sjsdSo4,2627576695,hjfm87dfa,科技创新作为农业现代化的重要推动力，也是精准扶贫的重要手段。在政策的大力扶持下，农村电商、农业信息化等细分产业，将迎来快速发展机遇。可关注辉丰股份(002496)、辉隆股份(002556)、芭田股份(002170)。,,,,,0,0,0,2015-11-25 09:55,微博桌面,,,
3913004766428631,D5sjqqYnB,2627047921,国泰君安_王老师,科技创新作为农业现代化的重要推动力，也是精准扶贫的重要手段。在政策的大力扶持下，农村电商、农业信息化等细分产业，将迎来快速发展机遇。可关注辉丰股份(002496)、辉隆股份(002556)、芭田股份(002170)。,,,,,0,0,0,2015-11-25 09:54,微博桌面,,,
3913004434898265,D5siTkygh,5292462373,苏辉煌-,科技创新作为农业现代化的重要推动力，也是精准扶贫的重要手段。在政策的大力扶持下，农村电商、农业信息化等细分产业，将迎来快速发展机遇。可关注辉丰股份(002496)、辉隆股份(002556)、芭田股份(002170)。,,,,,0,0,0,2015-11-25 09:53,微博桌面,,,
3913004322491707,D5siIascP,3756588080,苏苏Suei,科技创新作为农业现代化的重要推动力，也是精准扶贫的重要手段。在政策的大力扶持下，农村电商、农业信息化等细分产业，将迎来快速发展机遇。可关注辉丰股份(002496)、辉隆股份(002556)、芭田股份(002170)。,,,,,0,0,0,2015-11-25 09:53,微博桌面,,,
3912989361393923,D5rUA5QCD,1962014753,皋陶为李,农业科技创新十三五编制会召开加速推进信息化。科技创新作为农业现代化的重要推动力，也是精准扶贫的重要手段。在政策的大力扶持下，农村电商、农业信息化等细分产业，将迎来快速发展机遇。可关注辉丰股份(002496)、辉隆股份(002556)、芭田股份(002170)。,,,,,0,0,0,2015-11-25 08:53,微博 weibo.com,,,
3907549206424953,D3ao8qXqh,5649344270,伯乐说股,在推动农民创业就业、开拓农村消费市场、带动农村扶贫开发等方面取得明显成效。建议关注：永辉超市、苏宁云商、辉隆股份、农产品、东方集团、大北农、冠农股份,,,,,0,0,0,2015-11-10 08:36,搜狗高速浏览器,,,
3907549012811008,D3anPbNgQ,5189437929,信用贷款张生,到2020年，初步建成统一开放、安全可靠、绿色环保的农村电子商务市场体系，农村电子商务与农村一二三产业深度融合，在推动农民创业就业、开拓农村消费市场、带动农村扶贫开发等方面取得明显成效。如苏宁云商002024；农产品000061；永辉超市601933；辉隆股份002566；大北农002385；新都化工002539。,,,,,0,0,1,2015-11-10 08:35,微博桌面,,,
3907549004875066,D3anOkse6,5706576068,毕加索同伙1998,到2020年，初步建成统一开放、安全可靠、绿色环保的农村电子商务市场体系，农村电子商务与农村一二三产业深度融合，在推动农民创业就业、开拓农村消费市场、带动农村扶贫开发等方面取得明显成效。如苏宁云商002024；农产品000061；永辉超市601933；辉隆股份002566；大北农002385；新都化工002539。,,,,,0,0,0,2015-11-10 08:35,微博桌面,,,
3877861926606090,CwFxKrIxQ,5076927548,老叶v论市,由于十三五规划将在10月份的十八届五中全会上研究制定，作为核心内容的扶贫工程和农业现代化将备受瞩目。可关注：益生股份、民和股份、圣农发展、牧原股份、雏鹰农牧、新研股份、一拖股份、芭田股份、智慧农业、辉隆股份、壹桥海参、好当家、东方海洋等。,,,,,0,0,0,2015-08-20 10:29,微博桌面,,,
3877861829772869,CwFxAF0mV,2627047921,国泰君安_王老师,由于十三五规划将在10月份的十八届五中全会上研究制定，作为核心内容的扶贫工程和农业现代化将备受瞩目。可关注：益生股份、民和股份、圣农发展、牧原股份、雏鹰农牧、新研股份、一拖股份、芭田股份、智慧农业、辉隆股份、壹桥海参、好当家、东方海洋等。,,,,,0,0,0,2015-08-20 10:29,微博桌面,,,
3877861817729538,CwFxzwqNY,2627576695,hjfm87dfa,由于十三五规划将在10月份的十八届五中全会上研究制定，作为核心内容的扶贫工程和农业现代化将备受瞩目。可关注：益生股份、民和股份、圣农发展、牧原股份、雏鹰农牧、新研股份、一拖股份、芭田股份、智慧农业、辉隆股份、壹桥海参、好当家、东方海洋等。,,,,,0,0,0,2015-08-20 10:29,微博桌面,,,
3877861809335057,CwFxyDatr,2627451065,曾情缘,由于十三五规划将在10月份的十八届五中全会上研究制定，作为核心内容的扶贫工程和农业现代化将备受瞩目。可关注：益生股份、民和股份、圣农发展、牧原股份、雏鹰农牧、新研股份、一拖股份、芭田股份、智慧农业、辉隆股份、壹桥海参、好当家、东方海洋等。,,,,,0,0,0,2015-08-20 10:29,微博桌面,,,
3877860836107418,CwFvZpCOK,2627265357,中信证券孙老师,由于十三五规划将在10月份的十八届五中全会上研究制定，作为核心内容的扶贫工程和农业现代化将备受瞩目。可关注：益生股份、民和股份、圣农发展、牧原股份、雏鹰农牧、新研股份、一拖股份、芭田股份、智慧农业、辉隆股份、壹桥海参、好当家、东方海洋等。,,,,,0,0,0,2015-08-20 10:25,微博桌面,,,
3877860794562022,CwFvVj8N0,2626984275,中信证券张老师,由于十三五规划将在10月份的十八届五中全会上研究制定，作为核心内容的扶贫工程和农业现代化将备受瞩目。可关注：益生股份、民和股份、圣农发展、牧原股份、雏鹰农牧、新研股份、一拖股份、芭田股份、智慧农业、辉隆股份、壹桥海参、好当家、东方海洋等。,,,,,0,0,0,2015-08-20 10:25,微博桌面,,,
3877860785907542,CwFvUoMOW,2626423141,海通证券周老师,由于十三五规划将在10月份的十八届五中全会上研究制定，作为核心内容的扶贫工程和农业现代化将备受瞩目。可关注：益生股份、民和股份、圣农发展、牧原股份、雏鹰农牧、新研股份、一拖股份、芭田股份、智慧农业、辉隆股份、壹桥海参、好当家、东方海洋等。,,,,,0,0,0,2015-08-20 10:25,微博桌面,,,
3877860773138876,CwFvTdaz2,2626966887,广发沈老师,由于十三五规划将在10月份的十八届五中全会上研究制定，作为核心内容的扶贫工程和农业现代化将备受瞩目。可关注：益生股份、民和股份、圣农发展、牧原股份、雏鹰农牧、新研股份、一拖股份、芭田股份、智慧农业、辉隆股份、壹桥海参、好当家、东方海洋等。,,,,,0,0,0,2015-08-20 10:25,微博桌面,,,
3877860479514248,CwFvpDV5C,2927765945,-龍腾四海--,10:22由于十三五规划将在10月份的十八届五中全会上研究制定，作为核心内容的扶贫工程和农业现代化将备受瞩目。可关注：益生股份、民和股份、圣农发展、牧原股份、雏鹰农牧、新研股份、一拖股份、芭田股份、智慧农业、辉隆股份、壹桥海参、好当家、东方海洋等。,,,,,0,0,0,2015-08-20 10:24,微博 weibo.com,,,
