﻿id,bid,user_id,用户昵称,微博正文,头条文章url,发布位置,艾特用户,话题,转发数,评论数,点赞数,发布时间,发布工具,微博图片url,微博视频url,retweet_id
4550626506442247,Jlf1Er1Vd,5994698197,kbfssfhx_Hui,忙的要死还要抽空出来嘴围裙妈妈们谁吸血谁扶贫自己心里有点逼数好吗。真要吸血你家行程煌上煌让我吸一吸,,,,,0,0,0,2020-09-18 21:56,🍅coco的Android,,,
4533938800833513,JeeU03uPL,6507200020,怀恋快乐苍白朴,本周《见多识廣》的舞台迎来了八位“献宝人”，他们各自带来了家乡的宝藏特产，为家乡脱贫致富助力。知识竞技场的舞台，竟秒变带货直播间。这次，他们不仅是为自己而战，更是为家乡而战，对战一触即发，究竟谁才是最后的赢家呢？《见多识廣》选手携家乡特产参战，知识竞技场秒变带货直播间？新一轮专属岭南文化的知识对决再度开启，八位“献宝人”究竟谁能问鼎《见多识廣》的王者宝座呢？由“好味道，匠心造”的煌上煌匠鸭特约赞助播出的《见多识廣》第二季第四期，将于广东卫视8月2日（本周日）晚21:10为您呈现！新锐主播现场直播带货向世界推荐广东好货作为一名超强带货新锐主播，马雪楠开场就以一段熟练专业的直播方式带货，获得了全场热烈的欢呼。“广货带天下广带天下货”，广州一直有着“千年商都”的美誉，马雪楠也因此选择在广东深耕主播事业。作为全民直播的时代，今年广州积极打造直播电商之都，马雪楠也成了首届广州直播节官方特邀主播。他说，想借助直播平台把广东很多好的宝藏产品推广出去，让全世界都来为广东的宝藏产品买单！直播带货，已经成火遍岭南之地的扶贫助农新模式，主播们助移动互联网的形式让一件件家乡宝藏飞出大山，飞向全国，飞向全世界。对此，文化嘉宾魏峻说道：“广东现在对于‘带货’的尝试，不但造福了当地百姓，为实现脱贫攻坚奠定了基础，也倒逼了传统农产品销售的转型，为全国农业的发展提供了示范和借鉴。”从无名之辈到国际特级记忆大师他是如何逆袭的？作为一名新锐主播，马雪楠直播带货的实力可谓超群，但是在知识竞技场上，其对手黄胜华的实力亦不容轻视。黄胜华是一名国际特级记忆大师，在2016年的世界记忆锦标赛中，打破了抽象图形项目的世界记忆纪录，总排名世界第二、亚洲第一，同时他还代表中国队获得了第25届世界记忆锦标赛的团体总冠军。荣耀背后却也有着不为人知的故事，来自广东江门的他究竟是如何逆袭成国际特级记忆大师的呢？当超强带货主播遇上国际特级记忆大师，当知识赛场秒变带货直播间，这场岭南文化知识盛宴该如何继续下去呢？谁又能获得最终的胜利呢？他建了3座图书馆捐了一万本书为留守儿童送去知识和温暖在广东一些偏远地区，教育资源十分匮乏，孩子们连最基本的启蒙读物都没有。游遍两广地区的熊汝疆，多年前因一个契机接触到了留守儿童这个群体，得知那里的图书资源十分匮乏，于是他决心为留守孩子们牵线捐书，建立“爱心图书馆”。这些年他一共参与建设成3座图书馆，共捐献图书一万多册，被人们称为“行走的图书馆”。虽然熊汝疆被称为“行走的图书馆”，但是他的对手郑璧昀的实力也不容小觑。来自“中国兰花第一县”韶关翁源的郑璧昀，从小就生活在兰花世界里，对各类品种的兰花颇有研究。“芝兰生于深谷，不以无人而不芳”，用孔子的这句诗来形容她再合适不过了。气质如兰的她，不仅为弘扬国兰文化而努力，还想让翁源兰花在世界上成为一张响当当的广东名片。节目现场，她更是带来几株珍贵的名品兰花，主持人和嘉宾能辨认出是什么品种吗？当脑力风暴来袭，“行走的图书馆”与气质国兰宣传大使究竟谁能坚守到最后呢？更多精彩，尽在8月2日21:10由“好味道，匠心造”的煌上煌匠鸭特约赞助播出的广东卫视《见多识廣》第二季来源/广东卫视《见多识廣》【来源：广东卫视】此文章部分图文来自网络，如有侵权请联系删除,,,,,0,0,0,2020-08-03 20:45,微博 weibo.com,"['http://ww1.sinaimg.cn/large/0076nxZ2gy1ghdws7qdmbj30j609o75o.jpg', 'http://ww4.sinaimg.cn/large/0076nxZ2gy1ghdws86qk2j30j6099aar.jpg', 'http://ww3.sinaimg.cn/large/0076nxZ2gy1ghdws97biwj30j609imxp.jpg', 'http://ww4.sinaimg.cn/large/0076nxZ2gy1ghdwsa0r34j30j60b6jrp.jpg', 'http://ww4.sinaimg.cn/large/0076nxZ2gy1ghdwsatg6ij30j608h3z7.jpg', 'http://ww1.sinaimg.cn/large/0076nxZ2gy1ghdwsbf0bpj30j609lmxl.jpg', 'http://ww2.sinaimg.cn/large/0076nxZ2gy1ghdwscwg8cj30j60a8wf8.jpg', 'http://ww4.sinaimg.cn/large/0076nxZ2gy1ghdwsek27nj30j609e751.jpg', 'http://ww2.sinaimg.cn/large/0076nxZ2gy1ghdwsfx1rsj30j6078jsc.jpg']",,
4533857796229893,JecNlq8G9,5862286088,大余民政,大余诚实守信类人物：刘峰诚实守信小店诚心服务使者刘峰，男，1992年1月出生，大余县南安镇人，大余煌上煌烤卤店经营者。出生在一个普通工人家庭的刘峰，为人诚实爽直。2008年，用“诚信做熟食，民以食为天”的理念正式加盟了煌上煌。10年来，刘峰从每个细节着手，从原料到成品，从上岗到送外卖，层层把关，打造了安全、卫生、有品质的食品。有一次，刘峰感冒了，偶尔会打喷嚏，他就主动不进入店里，不接触食品，而由其他员工经营。高考期间他主动打折，助力高考学子，文理科状元可免费领取300元礼品卡。每周“精准扶贫日”，刘峰都让帮扶干部的父亲带上煌上煌食品给贫困户。他不仅在经营一个诚实守信小店，更是一位专心、爱心、热心服务传播使者。（推荐单位：大余县安监局）,,,,,2,1,4,2020-08-03 15:23,360安全浏览器,['http://ww1.sinaimg.cn/large/006oJypqgy1ghdnhg3ux8j30fk0b5q3u.jpg'],,
4533857078741833,JecMbAG9j,6556434706,莣縱前Vbarby,本周《见多识廣》的舞台迎来了八位“献宝人”，他们各自带来了家乡的宝藏特产，为家乡脱贫致富助力。知识竞技场的舞台，竟秒变带货直播间。这次，他们不仅是为自己而战，更是为家乡而战，对战一触即发，究竟谁才是最后的赢家呢？《见多识廣》选手携家乡特产参战，知识竞技场秒变带货直播间？新一轮专属岭南文化的知识对决再度开启，八位“献宝人”究竟谁能问鼎《见多识廣》的王者宝座呢？由“好味道，匠心造”的煌上煌匠鸭特约赞助播出的《见多识廣》第二季第四期，将于广东卫视8月2日（本周日）晚21:10为您呈现！新锐主播现场直播带货向世界推荐广东好货作为一名超强带货新锐主播，马雪楠开场就以一段熟练专业的直播方式带货，获得了全场热烈的欢呼。“广货带天下广带天下货”，广州一直有着“千年商都”的美誉，马雪楠也因此选择在广东深耕主播事业。作为全民直播的时代，今年广州积极打造直播电商之都，马雪楠也成了首届广州直播节官方特邀主播。他说，想借助直播平台把广东很多好的宝藏产品推广出去，让全世界都来为广东的宝藏产品买单！直播带货，已经成火遍岭南之地的扶贫助农新模式，主播们助移动互联网的形式让一件件家乡宝藏飞出大山，飞向全国，飞向全世界。对此，文化嘉宾魏峻说道：“广东现在对于‘带货’的尝试，不但造福了当地百姓，为实现脱贫攻坚奠定了基础，也倒逼了传统农产品销售的转型，为全国农业的发展提供了示范和借鉴。”从无名之辈到国际特级记忆大师他是如何逆袭的？作为一名新锐主播，马雪楠直播带货的实力可谓超群，但是在知识竞技场上，其对手黄胜华的实力亦不容轻视。黄胜华是一名国际特级记忆大师，在2016年的世界记忆锦标赛中，打破了抽象图形项目的世界记忆纪录，总排名世界第二、亚洲第一，同时他还代表中国队获得了第25届世界记忆锦标赛的团体总冠军。荣耀背后却也有着不为人知的故事，来自广东江门的他究竟是如何逆袭成国际特级记忆大师的呢？当超强带货主播遇上国际特级记忆大师，当知识赛场秒变带货直播间，这场岭南文化知识盛宴该如何继续下去呢？谁又能获得最终的胜利呢？他建了3座图书馆捐了一万本书为留守儿童送去知识和温暖在广东一些偏远地区，教育资源十分匮乏，孩子们连最基本的启蒙读物都没有。游遍两广地区的熊汝疆，多年前因一个契机接触到了留守儿童这个群体，得知那里的图书资源十分匮乏，于是他决心为留守孩子们牵线捐书，建立“爱心图书馆”。这些年他一共参与建设成3座图书馆，共捐献图书一万多册，被人们称为“行走的图书馆”。虽然熊汝疆被称为“行走的图书馆”，但是他的对手郑璧昀的实力也不容小觑。来自“中国兰花第一县”韶关翁源的郑璧昀，从小就生活在兰花世界里，对各类品种的兰花颇有研究。“芝兰生于深谷，不以无人而不芳”，用孔子的这句诗来形容她再合适不过了。气质如兰的她，不仅为弘扬国兰文化而努力，还想让翁源兰花在世界上成为一张响当当的广东名片。节目现场，她更是带来几株珍贵的名品兰花，主持人和嘉宾能辨认出是什么品种吗？当脑力风暴来袭，“行走的图书馆”与气质国兰宣传大使究竟谁能坚守到最后呢？更多精彩，尽在8月2日21:10由“好味道，匠心造”的煌上煌匠鸭特约赞助播出的广东卫视《见多识廣》第二季来源/广东卫视《见多识廣》【来源：广东卫视】此文章部分图文来自网络，如有侵权请联系删除,,,,,0,0,0,2020-08-03 15:20,微博 weibo.com,"['http://ww2.sinaimg.cn/large/0079I8aSgy1ghdned4j1vj30j609o75o.jpg', 'http://ww4.sinaimg.cn/large/0079I8aSgy1ghdneecw6qj30j6099aar.jpg', 'http://ww1.sinaimg.cn/large/0079I8aSgy1ghdnef9frsj30j609imxp.jpg', 'http://ww3.sinaimg.cn/large/0079I8aSgy1ghdnefpyqoj30j60b6jrp.jpg', 'http://ww3.sinaimg.cn/large/0079I8aSgy1ghdnegemgaj30j608h3z7.jpg', 'http://ww4.sinaimg.cn/large/0079I8aSgy1ghdneh5pphj30j609lmxl.jpg', 'http://ww4.sinaimg.cn/large/0079I8aSgy1ghdnehvi24j30j60a8wf8.jpg', 'http://ww1.sinaimg.cn/large/0079I8aSgy1ghdneilr1vj30j609e751.jpg', 'http://ww4.sinaimg.cn/large/0079I8aSgy1ghdnej8r3sj30j6078jsc.jpg']",,
4533819652452838,JebNPai5U,6554385085,雍矫都乇w,本周《见多识廣》的舞台迎来了八位“献宝人”，他们各自带来了家乡的宝藏特产，为家乡脱贫致富助力。知识竞技场的舞台，竟秒变带货直播间。这次，他们不仅是为自己而战，更是为家乡而战，对战一触即发，究竟谁才是最后的赢家呢？《见多识廣》选手携家乡特产参战，知识竞技场秒变带货直播间？新一轮专属岭南文化的知识对决再度开启，八位“献宝人”究竟谁能问鼎《见多识廣》的王者宝座呢？由“好味道，匠心造”的煌上煌匠鸭特约赞助播出的《见多识廣》第二季第四期，将于广东卫视8月2日（本周日）晚21:10为您呈现！新锐主播现场直播带货向世界推荐广东好货作为一名超强带货新锐主播，马雪楠开场就以一段熟练专业的直播方式带货，获得了全场热烈的欢呼。“广货带天下广带天下货”，广州一直有着“千年商都”的美誉，马雪楠也因此选择在广东深耕主播事业。作为全民直播的时代，今年广州积极打造直播电商之都，马雪楠也成了首届广州直播节官方特邀主播。他说，想借助直播平台把广东很多好的宝藏产品推广出去，让全世界都来为广东的宝藏产品买单！直播带货，已经成火遍岭南之地的扶贫助农新模式，主播们助移动互联网的形式让一件件家乡宝藏飞出大山，飞向全国，飞向全世界。对此，文化嘉宾魏峻说道：“广东现在对于‘带货’的尝试，不但造福了当地百姓，为实现脱贫攻坚奠定了基础，也倒逼了传统农产品销售的转型，为全国农业的发展提供了示范和借鉴。”从无名之辈到国际特级记忆大师他是如何逆袭的？作为一名新锐主播，马雪楠直播带货的实力可谓超群，但是在知识竞技场上，其对手黄胜华的实力亦不容轻视。黄胜华是一名国际特级记忆大师，在2016年的世界记忆锦标赛中，打破了抽象图形项目的世界记忆纪录，总排名世界第二、亚洲第一，同时他还代表中国队获得了第25届世界记忆锦标赛的团体总冠军。荣耀背后却也有着不为人知的故事，来自广东江门的他究竟是如何逆袭成国际特级记忆大师的呢？当超强带货主播遇上国际特级记忆大师，当知识赛场秒变带货直播间，这场岭南文化知识盛宴该如何继续下去呢？谁又能获得最终的胜利呢？他建了3座图书馆捐了一万本书为留守儿童送去知识和温暖在广东一些偏远地区，教育资源十分匮乏，孩子们连最基本的启蒙读物都没有。游遍两广地区的熊汝疆，多年前因一个契机接触到了留守儿童这个群体，得知那里的图书资源十分匮乏，于是他决心为留守孩子们牵线捐书，建立“爱心图书馆”。这些年他一共参与建设成3座图书馆，共捐献图书一万多册，被人们称为“行走的图书馆”。虽然熊汝疆被称为“行走的图书馆”，但是他的对手郑璧昀的实力也不容小觑。来自“中国兰花第一县”韶关翁源的郑璧昀，从小就生活在兰花世界里，对各类品种的兰花颇有研究。“芝兰生于深谷，不以无人而不芳”，用孔子的这句诗来形容她再合适不过了。气质如兰的她，不仅为弘扬国兰文化而努力，还想让翁源兰花在世界上成为一张响当当的广东名片。节目现场，她更是带来几株珍贵的名品兰花，主持人和嘉宾能辨认出是什么品种吗？当脑力风暴来袭，“行走的图书馆”与气质国兰宣传大使究竟谁能坚守到最后呢？更多精彩，尽在8月2日21:10由“好味道，匠心造”的煌上煌匠鸭特约赞助播出的广东卫视《见多识廣》第二季来源/广东卫视《见多识廣》【来源：广东卫视】此文章部分图文来自网络，如有侵权请联系删除,,,,,0,0,0,2020-08-03 12:51,微博 weibo.com,"['http://ww3.sinaimg.cn/large/0079zwYtgy1ghdj3msrxvj30j609o75o.jpg', 'http://ww3.sinaimg.cn/large/0079zwYtgy1ghdj3n899uj30j6099aar.jpg', 'http://ww3.sinaimg.cn/large/0079zwYtgy1ghdj3o34t4j30j609imxp.jpg', 'http://ww4.sinaimg.cn/large/0079zwYtgy1ghdj3penfkj30j60b6jrp.jpg', 'http://ww1.sinaimg.cn/large/0079zwYtgy1ghdj3q6gx6j30j608h3z7.jpg', 'http://ww4.sinaimg.cn/large/0079zwYtgy1ghdj3qvgbpj30j609lmxl.jpg', 'http://ww1.sinaimg.cn/large/0079zwYtgy1ghdj3sap7wj30j60a8wf8.jpg', 'http://ww2.sinaimg.cn/large/0079zwYtgy1ghdj3t1ttfj30j609e751.jpg', 'http://ww2.sinaimg.cn/large/0079zwYtgy1ghdj3tuz3sj30j6078jsc.jpg']",,
4504211599334459,J1LyTDajN,3768664027,晓航股海,屌丝复盘2020.5.13周三您的关注是对我最大的支持一、消费内需1、医药医疗：片仔癀、长春高新、恒瑞医药、泰格医药、凯莱英、我武生物、药明康德、迈瑞医疗、药房（大参林、益丰药房、老百姓）、司太立、凯利泰、欧普康视、山东药玻、三诺生物、康德莱、大博医疗等等；2、白酒：贵州茅台、五粮液、山西汾酒、今世缘、泸州老窖、舍得酒业、古井贡酒等；3、奶制品：光明乳业、妙可蓝多、伊利股份、新乳业等；4、家电：新宝股份、老板电器、格力电器、小熊电器、三花智控、九阳股份、金莱特等；5、调味品：天味食品、海天味业、恒顺醋业、千禾味业、中炬高新等；6、食品加工：洽洽食品、良品铺子、三只松鼠、三全食品、双汇发展、涪陵榨菜、金字火腿、克明面业、煌上煌、龙大肉食、盐津铺子、西麦食品、安琪酵母、安井食品、桃李面包、来伊份、加加食品（暴雷）等；7、化妆品：御家汇、珀莱雅、上海家化等；8、家居：质邦家居、江山欧派、金牌橱柜、喜临门、大亚圣象、顾家家居、欧派家居、帝欧家居、索菲亚等；9、汽车：中国重汽、长安汽车、广汽集团、上汽集团、长城汽车等。下面附上笔者的消费内需自选股，希望对大家有用。资金选择消费内需方向的深层逻辑反复赘述，一切从疫情当下，经济刺激的实际情况出发，具体参考屌丝复盘2020.5.8周五。昨日复盘预期今天分化，等低吸机会，涨了要卖。今日盘面表现比预期强势的多，细分行业（1-7，主流）今天全面爆发，有点主升浪高潮的意思。笔者反复重申看好消费内需方向，但操作上，仍不建议追着买，消费内需方向不同于一般的主题投资炒作，主要是资金抱团的趋势打法，只要低吸大概率会有肉。但追着买，很容易站山岗。此方向重点阐述相关逻辑，个股数量极其庞大，笔者不做单独推荐。二、科技（1）半导体芯片：中微公司、晶盛机电、中环股份、紫光国微、圣邦股份、北方华创、长电科技、华天科技、通富微电、兆易创新、卓盛微（2）光刻胶：同益股份（反包未封板）、晶瑞股份、江化微等（3）5G：中兴通讯、新易盛、中际旭创、光迅科技等（4）消费电子：漫步者、立讯精密、欧菲光、信维通信等（5）国产软件、服务器、存储：华胜天成、中国软件、浪潮信息、紫光股份、紫光国微、中科曙光等今日多条分支线均有所表现，第一，同益股份有资金做反包，带动光刻胶反弹一波；第二，中环股份等半导体上游材料，带了芯片走了一波；第三，圣邦股份、紫光国微等带了一波。每一个龙头带动，都有不少的跟风盘，板块弹性很好，但是三波带动，资金都没有打出足够的高度，信心不足，估计也是忌惮消费内需资金分流的问题。晚上中芯国际公布一季度业绩，收入9.05亿美元，同比增长35.3%，营收创季度新高，对板块有一定的提振作用，明日继续重点关注科技方向。三、疫情线相关个股：疫苗：未名医药（3板）检测试剂（大跌）：明德生物、迈克生物、达安基因、昌红科技、华大基因等疫苗瓶：正川股份（4板，庄股）口罩：泰达股份、奥美医疗、振德医疗、南卫股份未名医药今日3连板，创历史新高，已经4波主升浪，新冠疫苗想象空间巨大，但最受益的是哪个，现在谁也不知道。妖股，靠信仰生存，笔者已经理解不了，当个市场情绪指标对待。检测试剂昨日大涨今日大跌，口罩方面昨日南卫股份，今日切换到泰达股份，资金高位接力意愿很差。至于正川股份，典型的一庄股，去年11月崩盘记忆犹新。疫情线有多条分支，多数叠加医疗医药线（内需消费），如果非要做个区分，可以根据资金的打法不同做选择，消费内需那条线更多的是抱团走趋势，疫情这边更多的是游资手法，频繁大涨大跌走势。相比之下，笔者更愿意选择大资金抱团走趋势的医疗个股。四、军工相关个股：轴研科技（6连板）、江龙船艇、中航沈飞、航空发动机三兄弟等。相关逻辑：军费+业绩+边缘政治深层逻辑参考屌丝复盘2020.5.8周五板块前面表现多日，到了该调整的时候，轴研科技6连板，走个股行情，延迟了板块的调整，后期继续等待低吸机会，不要忘记，近期市场是轮动的行情，消费内需如果调整，出来的资金总需要去处。重点等待华伍股份、中航沈飞、中兵红箭、航空发动机三兄弟的低吸机会。五、网红经济与农业电商网红经济相关个股：省广集团（1+1+2板）、梦洁股份（3板）、御家汇（2板趋势叠加消费内需）、供销大集（1板叠加农业电商）农业电商相关个股：供销大集（1板）、金健米业、新农开发（-9.53%）相关逻辑：扶贫攻坚+蝗虫减产+疫情粮食危机+大哥支持农村直播带货之所以两个板块放一块分析，其实本质上都是网红经济，农业电商本身有深层次的逻辑在里面，网红经济板块有点各自为战的意思，联动性不是很强。农业电商方面，金健米业早盘最高3个多点，未摸板，低于预期，供销大集卡位，也没带起人气，板块短期调整概率偏大，调后还是值得重点关注。大哥主张农业直播带货，估计大概率会进入两会议程。六、新基建——特高压；老基建（1）特高压相关个股：保变电气、平高电气、汉缆股份、神马电力（庄股）、国电南自等盘中有资金尝试打出人气，奈何消费内需方向对资金虹吸效应太明显，老妖保变电气封板，前期人气龙头汉缆股份、国电南自、中国西电均冲高回落，伤了板块人气。（2）老基建相关个股：建筑装饰：建研院、亚夏股份、宁波建工等高铁：新筑股份、晋亿实业等盘中资金尝试切换，跟新基建特高压一个路子，只是操作上更加猥琐，力度大大弱于特高压。在没有切换成功的情况下，反而成了好事，明天抛压上特高压会更重一些。短线性价比老基建更占优。继续关注老基建高铁方向，注意晋亿实业的低吸。七、次新股华昌达强势7连板，成了独苗，还是那句话，当成盘面人气指标股看就可以。综合，股票池：纯内需消费+新基建、老基建+军工。操作上，缺少增量资金，板块轮动，低吸必胜，追高必死。明日重点关注科技方向。免责声明：本订阅号发布的文章仅代表本订阅号个人观点。不对任何人构成个股推荐和买卖建议。本订阅号所载资料的准确性、可靠性、时效性、完整性不作任何明示或暗示的保证。请结合自身风险承受能力进行股市投资。股市有风险，入市需谨慎。,,,,,2,0,1,2020-05-13 19:59,360安全浏览器,,,
4369637946540884,HtdBgrrA8,6462430992,全球甬商,甬商早报2019.05.08（星期三）宁波新闻1、宁波市代表团在吉林延边学习考察姜治莹裘东耀出席联席会议5月6日至7日，宁波市代表团在吉林延边学习考察，对接推进扶贫协作与对口合作工作。7日下午，甬延两地扶贫协作与对口合作联席会议召开，吉林省委常委、延边州委书记姜治莹，宁波市委副书记、市长裘东耀出席并讲话，延边州委副书记、州长金寿浩主持。会上签署了甬延2019年扶贫协作框架协议。张良才参加，延边州领导冯涛、娄国闻及苏庆良等参加座谈或陪同考察。2、杨戌标：千方百计提升城市品质，持续发力共建美丽宁波昨日下午，市政协开展城乡接合部建设和城乡生活垃圾分类处理专项民主监督调研。市政协主席杨戌标在调研中强调，推进城乡接合部建设和城乡生活垃圾分类处理工作，是“六争攻坚、三年攀高”行动的应有之义。必须科学谋划、统筹推进，千方百计提升城市品质，持续发力共建美丽宁波。褚银良、林静国及陈文祥参加调研。3、全国首单专利质押担保贷款在甬落地昨天，在市知识产权质押融资风险池支持下，宁波阿贝尼红外技术有限公司、宁波慧泽生物科技有限公司获得了杭州银行合计150万元的贷款，这标志着全国首单专利质押担保贷款在甬落地。4、北仑重大项目夯实现代产业体系眼下，在北仑区芯港小镇，弘硕科技(宁波)有限公司半导体集成电路材料生产项目正抓紧施工。该项目总投资3.4亿元，预计达产后年产值10.7亿元，计划明年一季度竣工验收。5、奉化拆建并举促老城区换新颜违法搭建拆除后，楼道通畅了，占道经营现象消失了……经过大半个月整治，位于奉化老城中心的广南商城面貌焕然一新。经过整治提升，岳林街道的大田和桃源两个老小区今年率先实现“美丽蝶变”。街道先后投入2800余万元资金，通过地下和地面的立体式改造，修复道路4万多平方米，铺装人行道1.4万余平方米，还增加了700余个停车位，补种绿化7500多平方米，改造、安装路灯185盏。6、一季度我市交通建设完成投资85.5亿元昨日，市政协组织部分在甬省政协委员赴象山、北仑视察重大交通项目推进情况。据悉，今年，宁波将坚决打好完成年度交通建设投资任务、交通重点项目前期推进、重大交通项目建设推进、交通建设工程质量安全管理4场攻坚战，全力推进28个投资5亿元以上的重大交通建设项目和23个重点前期项目，确保全市综合交通建设投资331亿元。今年一季度，全市交通建设完成投资85.5亿元，其中公路、水路、机场建设完成投资50.1亿元，并继续保持稳定持续增长的良好势头。国内新闻1、中共中央政治局委员、国务院副总理、中美全面经济对话中方牵头人刘鹤将于5月9日至10日访美，与美方就经贸问题进行第十一轮磋商。2、针对中美就经贸问题进行磋商，外交部发言人耿爽7日表示：谈判本身就是一个讨论的过程，双方存在分歧很正常，中方不回避矛盾，对继续磋商具有诚意。3、7日，陕西省政府宣布，延安市延川、宜川两县退出贫困县序列。这标志着革命圣地延安的贫困县全部“摘帽”，从此告别绝对贫困。4、近日，中宣部等部门联合印发《关于开展2019年“最美科技工作者”学习宣传活动的通知》，将遴选确定10位“最美科技工作者”，并于7月中旬在北京举行第二届发布仪式。5、应急管理部等四部门日前联合印发《安全生产行政执法与刑事司法衔接工作办法》，明确规定不报、谎报安全事故等案件涉嫌安全生产犯罪。6、近日，针对国家发改委原党组成员、副主任，国家能源局原党组书记、局长努尔·白克力涉嫌受贿一案，沈阳市人民检察院向沈阳市中级人民法院提起公诉。国际新闻1、当地时间7日早上7点19分，太平洋岛国巴布亚新几内亚发生7.2级地震，首都莫尔斯比港有震感。由于震中地处偏远山区，目前没有接到人员伤亡的报告。2、5日，俄航一架客机降落时起火，机上41人死亡。媒体披露，在飞机起火的危急时刻，34岁的空姐塔季扬娜·卡萨特金娜用脚踢开一扇出口门，并揪住乘客的衣领将他们推下飞机，帮助30多名乘客逃生，她本人也幸免。3、伊朗媒体报道，伊朗总统鲁哈尼将于8日，即美国退出伊核协议一周年之际，宣布一系列应对措施，可能包括“重启部分受核协议限制的核活动”。4、印尼总统佐科7日说，目前已有3个地区成为印尼新首都的候选地址，印尼政府需要同相关机构磋商后才能决定新首都的最终地点。不过，佐科没有明确指出这3个地区的具体所在地点。5、当地时间周二下午，美国科罗拉多州丹佛市郊的一家寄宿学校发生枪击案，至少2名学生受伤。警方表示，已有2名嫌犯被逮捕，第3名枪手仍在逃。财经新闻1、中国金融信息网：4月，全国正常运营的网贷平台共计998家，新增问题平台数49家；网贷平台总成交量为685.90亿元，环比下降17.14%。截至4月底，总待还余额为6328.99亿元，环比下降2.25%；当期活跃出借人、借款人数量分别为309.75万人、513.57万人，环比分别下降7.08%、12.11%。目前正常运营平台数已较2016年高峰期下降超过60%。这也是P2P网贷行业自从2014年5月正常运营平台数量突破千家后，正常运营平台数量首次跌破千家。2、MSCI：5月半年度指数审议结果将于北京时间5月14日早5点公布。届时将公布新纳入和剔除的个股名单。此番指数审议结果将在5月28日收盘后生效。这意味着，哪些创业板股大盘股被纳入MSCI，将在5月14日正式揭晓。3、招商证券：人造肉主题具备的以下三大特征将很有可能使其成为新的强势主题。主题新，无先例，股票市场新宠；空间大，4亿人的大市场；催化强。另据财经早餐统计，5月7日，多家上市公司在互动平台否认涉及“人造肉”概念，包括天宝食品、煌上煌、众兴菌业等。4、21世纪：甲骨文正式敲定了中国研发中心裁员调整一事。有甲骨文中国员工表示，其参加的一对一面谈，最终的补偿方案是N+6。按照其所在组别的裁员比例而言，本次北京区域首批裁员人数大约为500人左右。其他城市也会进行裁员。,,,,,0,0,3,2019-05-08 11:32,专业版微博,,,
4364894281196851,Hrecc51m3,2154344603,饲料行业信息网,【肉制品行业突遭非洲猪瘟疫情净利润锐减七成】　　截至4月23日，共17家肉制品企业披露2018年报或快报，受非洲猪瘟等因素影响，双汇发展、上海梅林和雨润食品龙头企业在内的超半数肉制品企业营收表现疲软，甚至出现负增长。　　资料图：第十六届中国国际肉类工业展览会开幕，嘉宾参观双汇展台。谢艺观摄　　行业业绩锐减，“二师兄”拖累团队　　据Wind数据统计，近三年，肉制品上市企业营收继续保持正增长，利润总额却在2018年出现大幅下滑。　　2016年-2018年，17家肉制品上市企业营收总额分别为1160.94亿元、1225.28亿元和1270.9亿元;利润总额为51.9亿元、53.19亿元和15.19亿元，2018年利润总额下降了71%。　　梳理发现，远离“二师兄”生猪的肉制品企业业绩则多数表现理想，海欣食品、安井食品、绝味食品、煌上煌2018年净利润均实现两位数以上增长。有趣的是，同是做鸭脖出名，绝味食品营收利润双升，周黑鸭营收利润双降。　　17家肉制品上市企业中，9家出现业绩下滑，9家企业中有生猪及猪肉制品业务的占多数。“老大”双汇发展和“老二”上海梅林营收均出现负增长，“老三”雨润食品业绩则大幅亏损。　　资料图。　　双汇发展、上海梅林、雨润食品三家肉制品企业主营业务均与猪肉息息相关，2018年三家营收总额占行业营收达66%，成为拖累肉制品行业整体业绩主力。　　2018年，双汇发展营收487.67亿元，同比下滑3.3%;归属于母公司股东净利润49.15亿元，增长13.8%。这是双汇发展连续第二年营收下滑，2017年双汇发展营收504.47亿元，同比下滑2.7%。　　此外，上海梅林营收221.79亿元，下降0.2%，归属于母公司股东净利润3.06亿元，增长9.1%;雨润食品126.51亿元，增长4.9%，但净利润亏损了47.59亿元。　　除了双汇发展、上海梅林和雨润食品，从事猪肉屠宰与肉食品加工的龙大肉食和中粮肉食业绩同样表现一般。　　2018年，龙大肉食归属于母公司股东净利润为1.74亿元，较上年同期下滑7.4%;中粮肉食亏损6.28亿元，较上年下降239%。　　中粮肉食在年报中解释，猪价下跌对利润影响较大。生物资产公允价值调整前的亏损为2.17亿元，同比下降143.6%，主要因生猪价格同比降低19.8%所致。　　资料图：甘肃陇南市宕昌县兴化乡郭家庄村七星黑猪加工扶贫车间。　刘国庆摄　　非洲猪瘟成业绩不佳“杀手”　　中国食品产业分析师朱丹蓬告诉记者，肉制品行业整体业绩下滑，主要是受非洲猪瘟疫情影响。猪瘟疫情下很多人降低了猪肉消费，需求不足，肉价持续下降，连带效应影响肉制品企业业绩。　　去年8月，非洲猪瘟在国内首次出现，并迅速向多地蔓延，截至今年4月22日，我国共发生了129起非洲猪瘟疫情。目前，疫情累计捕杀生猪达到102万头。为了控制疫情，跨省生猪调运被停止。　　雨润食品称，受成本、总产能、需求和非洲猪瘟疫情等因素影响，行业内企业运营产生一定程度的影响。　　梳理发现，不只是雨润食品，“非洲猪瘟”也是其他一些肉制品上市企业解释2018年报业绩的高频关键词。　　中粮肉食年报中就表示，疫病的发生导致生猪死亡，生猪产量降低，带来经济损失;疫情增加了公司在防疫上的投入，且疫情给猪场的生产带来持续性影响，净化过程使猪场生产效率降低，经营成本提高，进而降低效益。　　双汇发展在年报中也表示，面对非洲猪瘟疫情等复杂多变的形势，由于猪价低、肉价低，收入同比小幅下降。2018年10月份，双汇火腿曾陷入被检出非洲猪瘟病毒的风波。　　据东兴证券分析，非洲猪瘟影响下，双汇发展去年屠宰生猪1630.56万头，14.27%的增速较2017年有所下滑。屠宰量增速下滑叠加猪价下滑，导致其屠宰业务收入同比减少4.9%。　　在朱丹蓬看来，影响双汇发展业绩的还有高管团队的不稳定，对于营销策略落地、执行、规划带来的影响。　　双汇发展在2018年8月以及2019年2月均发布过高管变更公告，公司常务副总裁、多个副总裁职位、财务总监的职位相继换人。　　资料图。中新社发张宇摄　　猪周期提前，行业业绩会否变好?　　今年春节过后，猪肉价格已止跌转涨，3月份全国猪肉批发均价一度恢复到非洲猪瘟发生前的水平。　　受非洲猪瘟影响，现在规模猪场补栏比较慎重，一些小散户加速退出，生猪和能繁母猪存栏数持续减少，连续三个月同比下降超过10%，按照六个月生猪生产周期推算，预计下半年猪肉供应可能趋紧。　　“总的情况来看，猪价已经提前进入了上涨周期，预判全年猪肉产量会下降，后期生猪供应会趋紧，四季度活猪价格将会突破2016年的历史高点。”农业农村部畜牧兽医局副局长王俊勋4月23日在发布会上如此表示。　　专家初步预计，下半年猪肉价格同比涨幅可能超过70%，创历史新高，养猪的盈利水平将持续向好。　　申万宏源分析，2019年，市场普遍担忧猪价上涨对双汇发展肉制品成本端带来的巨大压力，但实际上猪价并不是影响肉制品盈利的核心变量，公司可通过直接提价、增加进口、库存冻肉等多种手段来平抑成本波动。　　双汇发展在年报中也提到，在消费升级的大背景下，消费者对肉制品在品质、健康、营养等方面有更高的要求，同时受环保政策、非洲猪瘟疫情等因素影响，行业集中度预计在未来将持续提升，有利于大企业发展壮大。2019年争取实现收入利润正增长。　　朱丹蓬认为，“今年肉制品行业的业绩应该会上升，估计今年行业整体业绩可能会在40%左右。”(完),,,,,0,0,0,2019-04-25 09:22,360安全浏览器,,,
4360202733838595,Hpg9bg6AP,2726102391,南昌新建发布,#新建动态#【爱心托起希望善举点燃梦想】4月10日，市住房保障和房产管理局机关党员志愿服务队和扶贫连心小分队走进新建区厚田乡下坊村开展“乐捐同行·悦读同享——送‘名著小书包’进村小”党员志愿活动，为煌上煌下坊希望小学的孩子们送上温暖和关怀，开心的面孔和浓浓的爱心围绕在这所希望学校中，让变温的“倒春寒”顿时增添了几分暖意。捐赠仪式上，市住房保障和房产管理局党委委员、副局长兼扶贫连心小分队队长徐胜表示，孩子们作为祖国的希望和花朵，成长关乎到祖国未来，希望同学们树立理想抱负，努力把关爱化做发奋学习、报效祖国的强大精神动力。据了解，每个“名著小书包”里都放了12本书籍，并根据孩子们的就读年级分为低、中、高三版，满足各个学习阶段的孩子阅读学习。一个个书包承载着无私和祝福，更承载着孩子们的希望与梦想。当收到这份沉甸甸的礼物后，孩子们的脸上都洋溢着灿烂的笑容，纷纷表示，“叔叔阿姨们发了小书包，我们感到很开心。今后，我们会更加努力读书，以实际行动回报社会”。,,,,新建动态,11,12,6,2019-04-12 10:40,微博 weibo.com,"['http://ww4.sinaimg.cn/large/a27d0577gy1g1zlburvzgj20u00mi0v6.jpg', 'http://ww4.sinaimg.cn/large/a27d0577gy1g1zlbunds8j20go0ciaas.jpg']",,
4266499940358359,GrTXY1vdZ,5997611916,江西供销e家,7月27日，省供销电商副总经理周鹏一行受邀到江西煌上煌集团食品股份有限公司参观交流。这是江西供销e家在与江西移动、江西中行、中粮集团等大型国有企业战略合作之后寻求与本土大型农业龙头企业紧密合作战略之举。煌上煌集团特通部副总监范文辉首先带周总参观煌上煌集团现代化生产加工车间，范总监介绍到：几年来，煌上煌集团坚持技术创新、管理创新、营销创新，并成立了产品研发中心、质量检测中心、员工培训中心，产品的技术研发能力和生产能力在中式行业中遥遥领先。现拥有大型中式酱卤食品加工工业园和现代化的肉鸭屠宰加工厂区，实施肉鸭养殖——屠宰——肉制品深加工产业化特色经营，是全国绿色食品示范企业。十多年的发展历程已经使集团公司成为以畜禽肉食品加工为主的大型民营企业。已被国家有关单位和部门列为“中国肉类食品行业50强”、“中国食品工业100强”、“中国民营企业500强”，是江西省唯一一家进入全国肉类食品行业强势企业的大型现代化企业。随后，煌上煌集团副总经理范旭明接待了周总，双方就合作事项进行了深入交流会谈，内容涵盖了业务融合、渠道共享、县域网点合作、探索新商业业态、农产品出赣、零度分拣仓共建、联合精准扶贫等。他表示：基于双方有着涉农的天然基因，也肩负着履行央企、上市公司社会责任的义务，未来无论是在业务发展还是助力脱贫攻坚上都有非常大的合作空间。最后，煌上煌集团范旭明副总经理表示近期将带团队进行回访做更深入交流，并尽快签署战略合作协议，对双方未来的战略合作十分看好。@供销e家@煌上煌@自媒体商会总会@新浪江西,,,"供销e家,煌上煌,自媒体商会总会,新浪江西",,0,1,1,2018-07-27 20:58,微博 weibo.com,"['http://ww4.sinaimg.cn/large/006xTmQ4gy1ftopk78juhj31kw16ohdt.jpg', 'http://ww1.sinaimg.cn/large/006xTmQ4gy1ftopka8vn5j31kw16okjl.jpg', 'http://ww3.sinaimg.cn/large/006xTmQ4gy1ftopke18mwj30eo0b0wr1.jpg']",,
4240306629726803,GgUyGEOnV,2072724293,爱股票APP,最近消费股异军突起，从传统的喝酒吃药开始全面向大众消费扩散，啤酒饮料矿泉水，瓜子花生八宝粥，榨菜火腿方便面，让人不禁回忆起大学宿舍围炉打火锅和坐绿皮车回家的感觉！昨天5只涨停（湖南盐业、广州酒家、千禾味业、盐津铺子、西王食品），今天再次5股收板（湖南盐业、盐津铺子、桂发祥、煌上煌、来伊份），其他的口子窖、今世缘、顺鑫农业、古井贡酒、海天味业、安琪酵母、华统股份、涪陵榨菜等纷纷创出历史新高，大家仿佛又一下回到看品牌和知名度投资的时代。咪蒙平时段子多些，今天简单整理了一下逻辑，主要是5点：1.加入MSCI，食品板块估值体系重构。海外资金更关注公司是否具备行业定价权，是否能保持中长期稳健成长。典型如海天味业、桃李面包，纷纷走出独立行情，两家公司估值上升的幅度，已脱离传统估值体系的范畴；2、提价与低估值，比如青岛啤酒提价，古井贡提价，白酒行业密集提价。高端白酒目前动态PE仅20倍左右；啤酒行业正经历历史性大拐点；3、世界杯预期。俄罗斯2018年世界杯将于6.14-7.15在俄罗斯境内11个城市举行，叠加出行旺季，消费板块受刺激；4、消费升级。受众主要是农民及456线小城市，收入的提升带来了日用品、食品烟酒、衣着开支的增速提升。由于国际奢侈品不在这部分群体的主要消费之列，性价比较高的国产消费品牌（尤其是日用品、食品酒、服装家纺），将会最受益精准扶贫带来的456线及农村居民的消费升级。5、历史表现。消费板块是长期股市的领跑者。随着我国经济结构逐渐转向消费驱动，乏味亦美的消费板块，依然有望成为未来十年，甚至二十年的优选赛道。（股市咪蒙）O网页链接,,,,,2,2,5,2018-05-16 14:15,微博 weibo.com,"['http://ww2.sinaimg.cn/large/7b8b4345ly1frd5lj6cswj20di0gv0t9.jpg', 'http://ww1.sinaimg.cn/large/7b8b4345ly1frd5ll6cwzj20dt0f941c.jpg', 'http://ww3.sinaimg.cn/large/7b8b4345ly1frd5lmyb2ej205j05jjst.jpg']",,
4106157394019509,F2AbhgREN,1165070005,24号女孩,发布了头条文章：《煌上煌集团到敖城开展产业扶贫调研》O煌上煌集团到敖城开展产业扶贫调研,http://t.cn/RaJPxMR,,,,0,0,0,2017-05-11 09:54,微博 weibo.com,,,
4053364461664939,EmofI6Z7R,1649173367,每日经济新闻,【煌上煌集团精准扶贫工作取得显著成效】煌上煌集团在江西省“千企帮千村”精准扶贫行动中，先后与省内4个扶贫村签订了帮扶协议，通过产业帮扶、采购帮扶、就业帮扶、教育帮扶，目前贫困村已经完成了6万羽肉鸭养殖订单，累计增收18万元。公司还采取了修路帮扶、技术帮扶等措施。为了改善南昌县泾口乡东岗村交通闭塞的情况，公司捐助20万元为该村修建了“连东公路”，帮助该村改善交通、发展旅游产业。,,,,,5,13,42,2016-12-16 17:34,微博 weibo.com,['http://ww1.sinaimg.cn/large/624c6377gw1fasrk2upxvj21kw11xnb6.jpg'],,
3752991532169094,Bmeyd96ho,2277662791,风火轮单车_谢谢,//【A股上市2周年，煌上煌设立大学生创业孵化基地和扶贫教育基金】O网页链接(分享自@今日头条),,,今日头条,,0,0,0,2014-09-09 20:39,今日头条,,,
3752949006299129,BmdrCqqGR,3878205027,蓓利castellanais6350,A股上市2周年，煌上煌设立大学生创业孵化基地和扶贫教育基金：今年，是煌上煌成立21周年，也是煌上煌食品在深交所A股上市2周年，在谋划未来发布局的同时，煌上煌集团投身慈善公益事业，传递正能量，爱心工程再度起航。9月开学之际O网页链接,,,,,0,0,0,2014-09-09 17:50,红牛网,,,
3752911156463691,Bmcszr7v5,5112197394,犇时代教育,"发表了博文《【犇时代教育】煌上煌设立大学生创业孵化基地和扶贫教育基金》　今年，是煌上煌(002695,股吧)成立21周年，也是煌上煌食品在深交所A股上市2周年，在谋划未来发布局的同时，煌上煌集团投身慈O【犇时代教育】煌上煌设立大学生创业孵化基地和扶贫教育基金",,,,,0,0,0,2014-09-09 15:20,新浪博客,,,
