﻿id,bid,user_id,用户昵称,微博正文,头条文章url,发布位置,艾特用户,话题,转发数,评论数,点赞数,发布时间,发布工具,微博图片url,微博视频url,retweet_id
4484201682021568,Izkta8tTW,5033974700,来安县人民政府发布,#永阳政务##永阳城事#【杨甫祥来我县调研脱贫攻坚工作】3月18日下午，市委常委、市委秘书长杨甫祥率队来我县调研脱贫攻坚工作。县委常委、县委办主任吕功洋，张山镇、安徽金禾实业股份有限公司主要相关负责人陪同调研。杨甫祥一行来到张山镇罗顶村为民服务中心、来安县亚圣中药材种植有限公司，通过实地查看、谈话交流、听取相关负责人情况汇报，详细了解该村村级集体经济发展、扶贫产业项目建设情况。杨甫祥指出，今年是打赢脱贫攻坚战的收官之年，我们思想上不能有丝毫松懈，上下合力攻坚，坚定信念，一鼓作气，确保脱贫攻坚取得全面胜利。要把产业扶贫作为落实精准扶贫和实现贫困群众增收脱贫的重要举措，积极发挥产业在脱贫攻坚中的重要作用。他强调，镇村干部要吃透相关扶贫政策，强化服务意识，提高服务质量，优化经济发展环境，吸引更多企业来参与本地发展建设，发掘本地优势资源，科学谋划，合理布局，创新发展特色产业，不断壮大村集体经济，从根本上解决贫困群众能够持续增收稳定脱贫难题。调研过程中，杨甫祥还走访慰问部分贫困户，并送上慰问金。在该村贫困户王爱国、余谊琴家中，杨甫祥与他们亲切地拉家常，详细了解他们的身体健康、生产生活、经济收入、子女教育、对帮扶是否满意、还有哪些困难等方面情况，并鼓励他们坚定信心、自强不息，相信明天生活会更美好。他要求，镇村干部要在抓好疫情防控的同时，也要同步做好精准扶贫工作。要全面排查，摸清底数，梳理问题，分析研判，制定方案，精准施策，压实责任，强化监督，确保帮扶工作落实落地，如期实现脱贫攻坚目标任务。,,滁州·来安县,,"永阳政务,永阳城事",0,0,0,2020-03-19 14:47,iPhone客户端,"['http://ww2.sinaimg.cn/large/005uG2Mkly1gcz8k5xelkj30jg0czdi8.jpg', 'http://ww3.sinaimg.cn/large/005uG2Mkly1gcz8k5mdboj30jg0czjtl.jpg']",,
4446178462379295,Ijnjo9YXJ,5033974700,来安县人民政府发布,#永阳城事#【关注！市红十字会深入我县调研红十字工作】12月4日，市红十字会常务副会长戴颖，市红十字会党支部书记、副会长王培启，市红十字会综合科科长刘波一行深入我县调研红十字工作，县政府副县长陆晓晴及县红十字会负责同志陪同调研。市红十字会一行首先来到金禾实业，实地查看来安县金禾红十字爱心基金会运转情况。戴颖对来安县红十字会基金筹集和项目运营工作给与高度认可和好评，特别是金禾红十字爱心基金会在爱心助学、扶贫济困领域所作的贡献。随后市红十字会与金禾红十字爱心基金会达成合作意向，进一步扩大红十字的影响力。结束了金禾实业的调研，市红十字会一行来到县人民医院，参加“来安县红十字医院”揭牌仪式，并致辞。戴颖在致辞中对县医院长期以来，秉持“人道、博爱、奉献”的红十字精神，为区域人道主义救助事业作出的积极贡献给予充分肯定。希望县医院以冠名红十字医院为契机，认真遵守红十字章程，在改革中探索，在管理上创新，在业务上狠抓专科特色，为广大困难群众和社会弱势群体提供更加优质的医疗服务，助推地区健康事业发展！陆晓晴向市红十字会一行详细介绍了我县基金募集、三救三献等红十字工作开展情况，并表示下步将严格按照上级红会要求，不忘初心、牢记使命，真抓实干，努力使来安红十字事业再上新台阶。12月4日上午，来安县人民医院隆重举行冠名红十字医院揭牌仪式。市红十字常务副会长戴颖，市红十字会党支部书记、副会长王培启，县政府副县长陆晓晴，县红十字会常务副会长程荣伟，县卫健委主任潘思忠及县医院领导班子共100余人出席活动，活动由县医院院长涂修龙主持。揭牌仪式上，陆晓晴和戴颖先后发表致辞。共同对县人民医院长期以来，秉持“人道、博爱、奉献”的红十字精神，守护全县人民的生命和健康，为区域人道主义救助事业作出的积极贡献给予充分肯定。希望县人民医院以冠名红十字医院为契机，认真遵守红十字章程，在改革中探索，在管理上创新，在业务上狠抓专科特色，为广大困难群众和社会弱势群体提供更加优质的医疗服务，助推地区健康事业发展！红十字事业历来与医药卫生事业紧密相连、息息相关，县人民医院与县红十字会之间的合作与交流更是源远流长。近年来，县人民医院作为全市红十字会员单位，红十字组织健全、红十字主题活动有序且频繁。此次正式冠名为来安县红十字医院，标志着社会公益事业发展及医院精神文明建设又迈上了新的台阶，同时也肩负起更加厚重的社会责任。展望未来，县人民医院将继续高举红十字旗帜，不断发扬红十字精神，遵守红十字章程，充分发挥医疗机构行业特色，以实际行动为广大困难群众和社会弱势群体提供更加优质的诊疗、救助服务，不断为构建文明、富强、平等、公正的和谐社会发挥作用。,,,,永阳城事,0,0,1,2019-12-05 16:36,360安全浏览器,"['http://ww1.sinaimg.cn/large/005uG2Mkly1g9lxnjv2p1j30bk08owfg.jpg', 'http://ww4.sinaimg.cn/large/005uG2Mkly1g9lxnjn6b1j30bk08oaaw.jpg', 'http://ww3.sinaimg.cn/large/005uG2Mkly1g9lxnjmk0pj30bk08ogmi.jpg']",,
4432324215008882,IdyTPl12q,3946701580,汉中经合,#汉中招商事#【略阳县经贸局赴西安市灞桥区、国际港务区开展对口帮扶协作活动】10月21日、22日，略阳县经贸局局长李强带领局分管领导、业务科长和县电商协会、诚久农业、金禾实业等企业赴西安市灞桥区、港务区开展对口帮扶协作活动。该局分别与西安市灞桥区投资商务局、港务区招商局就消费扶贫、招商引资、电商等工作进行了座谈交流，就后一步如何开展各项工作达成了合作共识。详情：O网页链接,,,,汉中招商事,0,0,0,2019-10-28 11:05,微博 weibo.com,"['http://ww4.sinaimg.cn/large/eb3de30cly1g8dqb5szvuj20bh08810l.jpg', 'http://ww3.sinaimg.cn/large/eb3de30cly1g8dqb5s3qvj20ao07k43k.jpg']",,
4222839169214835,G9A9mCFcn,5033974700,来安县人民政府发布,3月28日下午，县委副书记、代县长杨文萍在金瑞集团全面调研时，希望金瑞深植发展根基，追求卓越品质，彰显社会责任，为来安经济社会发展再做新贡献。副县长董文增、李浩以及县经济开发区管委会、县政府办、县经信委、县安监局、县环保局主要负责人陪同调研。杨文萍一行先后深入金禾实业一线生产车间、中心控制室、产品检验中心、展示厅等，详细了解企业生产工艺流程、主要产品、科技研发、市场销售、发展历程以及安全生产、环保等情况。杨文萍首先充分肯定了金瑞集团为全县经济社会发展做出的突出贡献和集团高质量发展取得的杰出成绩。她指出，金瑞集团是我县的龙头企业，也是全市重点企业，无论是产值、税收，还是吸纳群众就业、履行社会责任，都是全县企业发展的标杆。对企业下一步发展，杨文萍希望金瑞集团要主动适应市场需求和形势发展变化，始终如一地把“人才与科技”作为立企之本，高度重视科技创新，加大研发投入，引进各层次人才，提升经营管理理念，促进企业持续健康科学发展。要树牢安全生产红线意识，强化环境保护底线思维，切实把安全生产和环保工作当作头等大事抓紧、抓好、抓到实处。要继续积极投身扶贫攻坚、助学助困等公益事业，履行社会责任，赢得社会赞誉。杨文萍最后要求相关职能部门要一如既往地全力支持企业发展壮大、做大做强。,,,,,0,0,0,2018-03-29 09:26,微博 weibo.com,"['http://ww3.sinaimg.cn/large/005uG2Mkgy1fptfhc1fyoj30jg0cz10i.jpg', 'http://ww4.sinaimg.cn/large/005uG2Mkgy1fptfhe4pm2j30jg0cz476.jpg']",,
4021888906237540,E9bqGqaFu,2314621873,博涵强,@股市博涵：【科陆电子、金禾实业推进亿元“光伏扶贫”项目】科陆电子(002121)、金禾实业(002597)9月20日晚间披露公告，正推进“光伏扶贫”项目。其中，科陆电子中标三地光伏系统EPC项目，合计中标金额1.53亿元；金禾实业拟投资1.52亿元，通过全资子公司金弘科技在来安县建设20MW光伏发电站项目。,,,股市博涵,,1,0,0,2016-09-20 21:01,三星android智能手机,,,
