﻿id,bid,user_id,用户昵称,微博正文,头条文章url,发布位置,艾特用户,话题,转发数,评论数,点赞数,发布时间,发布工具,微博图片url,微博视频url,retweet_id
4557052414531651,JnWc1j0T9,3049594415,虎克船长biubiubiu,看了电影#一点就到家#才知道有云南咖啡而且品质很好但不像电影中理想的结局现实中云咖隐于山林不被世人所识咖啡产业链被大厂商承包农民种植利益被压榨好的国货走不出深山（近年应该有好转）其实还有牛奶之前漫长的假期我在家尝试了好几种蒙伊以外的牛奶比如山花、百菲酪、麦趣尔觉得都很不错无论是电影我和我的家乡还是一点就到家都让人感到扶贫开发真是一个大工程啊国家富强民族振兴文化自信！！我也想品尝“远山树林的味道”我想下单云南普洱咖啡,,,,一点就到家,0,3,2,2020-10-06 15:30,iPhone,,,
4507094219731222,J2YyhEPxc,1737553373,昌吉市融媒体中心,全民公益日我们在行动连日来，昌吉市各新时代文明实践站（所）的志愿者纷纷开展慰问、义诊、政策宣讲等服务活动，大力弘扬社会主义核心价值观，进一步践行“奉献、友爱、互助、进步”的志愿者精神，推进志愿服务规范化、项目化、常态化。5月20日上午，昌吉市委宣传部联合爱心企业麦趣尔·豪锦铭城，给环卫工人送去酸奶和面包，对他们的辛勤付出表示感谢。环卫工人热孜汗开心地说：“给我们送来了营养品和早餐，我们非常高兴，心里暖暖的。”爱心企业负责人巴晶表示，今后会积极承担社会责任，参与公益事业，最大限度发挥企业作用，为全市扶贫工作以及美丽昌吉建设作出更大的贡献。在北京南路街道天方社区、中山路街道滨河社区和丁香社区，来自医疗机构的志愿者给居民测量血压、血糖，进行视力检测，开展健康咨询，并就夏季常见疾病的防治进行了讲解。昌建花园小区居民李向秀说：“我们不用出小区就能享受到这样的服务，让我们感觉到非常贴心。”滨河社区居民朱敏说：“我测了视力，发现自己的视力有所下降，志愿者给我讲了如何养成良好的用眼习惯，收获挺大的。”新疆赫迩思瑞医院医生段志毅说：“没有全民健康，就没有全民小康，希望大家携起手来，创建良好的就医环境，自觉养成良好的生活习惯，共享健康生活。”活动现场，“访惠聚”工作队和志愿者还设立咨询台，宣讲政策法规和安全生产知识，为进一步构建平安和谐社区营造了良好氛围。昌吉州烟草专卖局驻中山路街道滨河社区“访惠聚”工作队队员马啸说：“我们准备了劳动保障政策、计划生育政策方面的宣传品，给群众宣传讲解，让大家都能知晓和享受到国家的惠民政策。”在宁边路街道城关社区，志愿者通过入户走访、发放宣传资料等形式，普及疫情防控知识，助力打赢疫情防控的人民战争。志愿者龚秋雯说：“广泛发动我们辖区的各支志愿团队力量，开展疫情防控宣传，形成群防群控的良好局面，把辖区的疫情防控工作落到实处，不留死角。”,,,,,0,0,0,2020-05-21 18:54,专业版微博,"['http://ww2.sinaimg.cn/large/6790f5ddly1gf09q2bwk8j20k00g0ta3.jpg', 'http://ww3.sinaimg.cn/large/6790f5ddly1gf09q4z3rtj20k00g0wfy.jpg', 'http://ww4.sinaimg.cn/large/6790f5ddly1gf09q7lyp9j20k00g0mz0.jpg', 'http://ww1.sinaimg.cn/large/6790f5ddly1gf09q9w2vfj20k00g0jto.jpg']",,
4329741835918396,HctIHoPE0,3317854660,绍兴民情在线,【阿克苏苹果、新疆灰枣、阿瓦提葡萄酒……牛奶一下生产线就送来柯桥，新疆阿瓦提农特产品展示展销中心暨绍兴援疆“十城百店”驿疆南柯桥旗舰店揭牌开业】阿克苏苹果、新疆灰枣、阿瓦提葡萄酒……昨天，作为柯桥区援疆的一个实体项目——新疆阿瓦提农特产品展示展销中心暨绍兴援疆“十城百店”驿疆南柯桥旗舰店揭牌开业，吸引众多市民前来采购。该展销中心位于柯桥笛扬路张溇小区中谭园，是绍兴援疆“十城百店”驿疆南品牌在绍兴市最大的门店。当天，顾客盈门，不到2小时，柜台内的牛羊肉干已被抢购一空。“店里的特产物美价廉，在家门口就能买到正宗的新疆特产，还能为结对地区脱贫出一份力，这店开得好！”采购的市民纷纷点赞。记者看到，目前展销中心有苹果、牛奶、红酒、红枣、核桃、蜂蜜等十多个大类、百余种新疆阿克苏特色农产品，还设有新鲜羊肉专柜。“这些产品从4000多公里外的新疆运到柯桥，特别是麦趣尔牛奶，一下生产线就马上运过来了。”展销中心相关负责人张华建介绍，一上午的营业额已达3万多元。据悉，柯桥区通过实行“三个一”工程，“两手抓”帮护地区农民增收、农业增效，即通过举办一场对口地区特色农产品专场巡回展销会，设立一个结对地区农特产品展销中心，拓宽至少100万元农产品的销路，让扶贫工作“落地生根”。绍兴市援疆指挥部纪委副书记、工会主席屠建伟介绍，去年9月，柯桥区代表团赴新疆阿克苏地区阿瓦提县，就我区对口支援工作进行考察，并签订了农副产品销售合作协议。在绍兴市援疆指挥部，柯桥区委、区政府以及区有关部门的有力助推下，整合阿瓦提县农户、合作社及农特产品资源，稳步建立起以政府扶持引导、企业积极带动、现代物流支撑、市场专业运作及网络平台助推的新型农产品市场流通服务体系，进一步扩大阿瓦提县优质农副产品在柯桥区的销售量，提升品牌影响力和市场占有率，促进阿瓦提县农牧民增收，丰富柯桥市民“菜篮子”。当天，新疆阿瓦提农特产品展示展销中心还向湖塘街道敬老院捐赠了阿瓦提优质农产品，向阿瓦提县鲁迅小学捐赠了服装和文具。,,,,,0,0,0,2019-01-18 09:19,专业版微博,['http://ww1.sinaimg.cn/large/c5c271c4ly1fzah3c423lj20f909hwne.jpg'],,
4019281723563738,E85ByeX5E,1880498033,理想财富V,#收评#昨天扶贫了，今天月饼钱回来了，明天菜钱、酒钱总得给点吧。不想吃什么金字火腿、喝什么贵州茅台，来个麦趣尔、水井坊就好！,,,,收评,1,0,2,2016-09-13 16:21,微博 weibo.com,,,
3553521418543558,zmskRzQzk,1915494743,泉州啊泉州,"喝了这么些年稀的真得叫""奶水""的牛奶,突然喝到了@Im一塊扣肉给的#麦趣尔#，啊真是醇厚香浓啊，可惜货没有全国铺开。新疆的天山草场不比新西兰澳大利亚荷兰加拿大好啊，何必花那么些钱扶贫外国人/上税给公务员们发工资……",,,Im一塊扣肉,麦趣尔,1,1,0,2013-03-08 10:16,微博 weibo.com,['http://ww1.sinaimg.cn/large/722c2157jw1e2i4yauq60j.jpg'],,
