﻿id,bid,user_id,用户昵称,微博正文,头条文章url,发布位置,艾特用户,话题,转发数,评论数,点赞数,发布时间,发布工具,微博图片url,微博视频url,retweet_id
4555230572713950,JnaNzbo1o,2175121335,廊坊日报廊坊传媒网,#廊坊本地新闻#【我市100个困难肢残家庭获爱心捐赠】近日，廊坊市肢残人协会迎国庆文艺汇演暨爱心助残仪式在壹佰剧院举行。廊坊市青年企业家商会、廊坊市工商联直属会员商会等7家爱心企业和组织为100个困难肢残家庭捐赠5万元，每个家庭受助500元爱心基金和1张免费体检卡。本次活动由廊坊市肢残人协会主办，廊坊市美年健康体检中心、落垡镇永旭养殖场、河北科博锐程电力工程有限公司、廊坊市艾润堂艾草制品有限公司、廊坊市五棵松木业有限公司等爱心企业以及受赠代表参加。受赠代表李振兴感动地说：“近年来，我们深感党和政府对我们的关注与支持。我非常珍惜这份关爱，以后要提高自身素质，树立身残志坚的信念，培养积极乐观的精神，不断改善生活状况，提升生活质量。”据介绍，目前，我市共有持证残疾人95929人，其中肢体残疾人56251人，占全市持证残疾人的58.67%，是残疾人中最大的群体。自廊坊市肢残人协会开展扶贫助残活动以来，众多企业积极响应，热心捐助。2019年以来，市肢残人协会全心全意为广大肢体残疾人办好事、解难事、做实事，充分发挥肢体残疾人的优势，树立了很多励志自强榜样。同时，不断提高服务残疾人的能力，拓展服务空间，丰富服务手段，增强肢残人群体的凝聚力和向心力。,,,,廊坊本地新闻,0,0,0,2020-10-01 14:51,微博 weibo.com,,,
4553769948285505,JmyNIyLrb,2175121335,廊坊日报廊坊传媒网,#廊坊本地新闻#【迎“双节”助残困我市100个困难肢残家庭获爱心捐赠】9月24日，廊坊市肢残人协会迎国庆文艺汇演暨爱心助残仪式在壹佰剧院举行。廊坊市青年企业家商会、廊坊市工商联直属会员商会等7家爱心企业为100个困难肢残家庭捐赠5万元，每个家庭受助500元爱心基金、免费体检卡一张。据介绍，目前，我市共有持证残疾人95929人，其中肢体残疾人56251人，占全市持证残疾人的58.67%，是残疾人中最大的群体。自廊坊市肢残人协会开展扶贫助残活动以来，众多企业积极响应，热心捐助。2019年以来，市肢残人协会全心全意为广大肢体残疾人办好事、解难事、做实事，充分发挥肢体残疾人的优势，树立了很多励志自强榜样。同时，不断提高服务残疾人的能力，拓展服务空间，丰富服务手段，增强肢残人群体的凝聚力和向心力。本次活动由廊坊市肢残人协会主办，廊坊市美年健康体检中心、落垡镇永旭养殖场、河北科博锐程电力工程有限公司、廊坊市艾润堂艾草制品有限公司、廊坊市五棵松木业有限公司等爱心企业以及受赠代表参加。受赠代表李振兴感动地说：“近年来，我们深感党和政府对我们的关注与支持。我非常珍惜这份关爱，以后要提高自身素质，树立身残志坚的信念，培养积极乐观的精神，不断改善生活状况，提升生活质量。”,,,,廊坊本地新闻,0,0,0,2020-09-27 14:07,微博 weibo.com,,,
4415010010759487,I6itH3bzN,1928226520,美年大健康官方微博,致力打造健康惠民体系及服务美年健康牵手中国邮政深入甘肃舟曲推进精准扶贫工作,,,,,12,0,2,2019-09-10 16:24,iPhone客户端,"['http://ww4.sinaimg.cn/large/72ee66d8gy1g6ui08ehbgj20rs2khe82.jpg', 'http://ww3.sinaimg.cn/large/72ee66d8gy1g6ui05uhlaj20rs2fee82.jpg', 'http://ww4.sinaimg.cn/large/72ee66d8gy1g6ui09pz9hj20rs1mz4qp.jpg']",,
4384236976991153,Hzlo5tkIx,1928226520,美年大健康官方微博,#美年大健康资讯#为爱发声，践行公益，助力精准扶贫为爱负责，质控升级，美年一直在行动健康所系，性命相托，美年人的脚步将永不停止L美年大健康官方微博的微博视频,,,,美年大健康资讯,806,0,185,2019-06-17 18:23,微博视频,,"http://f.us.sinaimg.cn/00268KuPlx07uIXp9pjG01041200xffA0E010.mp4?label=mp4_ld&template=640x360.28.0&ori=0&ps=1BVp4ysnknHVZu&Expires=1602599433&ssig=megVkoCJAw&KID=unistore,video",
4386234481022268,HAblS4hWc,7051407311,鬼火绿365,//@V-KATHERINE:#美年健康#为爱发声，践行公益，助力精准扶贫为爱负责，质控升级，美年一直在行动健康所系，性命相托，美年人的脚步将永不停止,,,V-KATHERINE,美年健康,0,0,0,2019-06-23 06:40,iPhone客户端,,,4384236976991153
4383008305800871,HyPqmol4r,1928226520,美年大健康官方微博,#美年大健康资讯#美年大健康又一党支部正式成立自创立之初，美年便将党建引领作为工作重点，将党建工作融入生产经营致力为民提供更全面、有效的健康医疗服务,,,,美年大健康资讯,92,0,6,2019-06-14 09:01,微博 weibo.com,"['http://ww2.sinaimg.cn/large/72ee66d8gy1g3zloycf3kj20cs0kwgt5.jpg', 'http://ww1.sinaimg.cn/large/72ee66d8gy1g3zloyedidj20cs0gzgtr.jpg', 'http://ww1.sinaimg.cn/large/72ee66d8gy1g3zloyedtgj20cs0i2467.jpg', 'http://ww3.sinaimg.cn/large/72ee66d8gy1g3zloyevxdj20cs0g6dok.jpg', 'http://ww1.sinaimg.cn/large/72ee66d8gy1g3zloya719j20cs0cwdjt.jpg']",,
4386096038847453,HA7KzB7CR,6633745090,美年大健康新疆,#美年健康#为爱发声，践行公益，助力精准扶贫为爱负责，质控升级，美年一直在行动健康所系，性命相托，美年人的脚步将永不停止,,,,美年健康,1,0,0,2019-06-22 21:30,HUAWEI P30,,,4383008305800871
4386053626024433,HA6Eapheh,6907349713,圈子圈外84,美年健康,,,,,0,0,0,2019-06-22 18:42,华为手机 畅享玩不停,,,4384236976991153
4385998835997073,HA5dNpa6Z,6312154202,用户6312154202,美年健康,,,,,1,0,0,2019-06-22 15:04,HUAWEI nova 3i,,,4384236976991153
4385986811633006,HA4Up6QOO,3216775522,开心虫虫58,美年健康--我们都是奋斗的美年人！L开心虫虫58的秒拍视频,,,,,0,0,0,2019-06-22 14:16,iPhone客户端,,"http://f.us.sinaimg.cn/0013Sp4glx07uPEEoMWI010412001y3N0E010.mp4?label=mp4_ld&template=624x360.28.0&ori=0&ps=1BVp4ysnknHVZu&Expires=1602599433&ssig=aibv%2F0ne29&KID=unistore,video",
4385984370551111,HA4Qt2jmT,3835009338,软小绵R,美年健康,,,,,1,0,0,2019-06-22 14:07,前后2000万 OPPO R11s,,,4384236976991153
4385981358408302,HA4LBzhnM,3216775522,开心虫虫58,美年健康--我们都是骄傲的美年人！L开心虫虫58的秒拍视频,,,,,0,0,0,2019-06-22 13:55,iPhone客户端,,"http://f.us.sinaimg.cn/000JR1dKlx07uQDrG3OM010412001xPk0E010.mp4?label=mp4_ld&template=624x360.28.0&ori=0&ps=1BVp4ysnknHVZu&Expires=1602599433&ssig=20%2BWm2GvMR&KID=unistore,video",
4385974882598269,HA4BaaTVz,7204126379,用户7204126379,美年健康,,,,,0,0,0,2019-06-22 13:29,OPPO智能手机,,,4384236976991153
4385970642049585,HA4uk8BbP,7204126108,用户7204126108,美年健康,,,,,0,0,0,2019-06-22 13:12,iPhone客户端,,,4384236976991153
4385970508083983,HA4u6xV0P,6392807802,那时花开7048,美年健康,,,,,0,0,0,2019-06-22 13:11,iPhone客户端,,,4384236976991153
4385969782197282,HA4sW9dC2,5082678759,用户9qj6cqpty2,美年健康,,,,,0,0,0,2019-06-22 13:09,iPhone客户端,,,4384236976991153
4385969220661603,HA4s22M71,5061913299,li冬芹,美年健康,,,,,0,0,0,2019-06-22 13:06,荣耀V10 我AI的快,,,4384236976991153
4385967949204268,HA4pYCCrW,7204118875,用户7204118875,美年健康,,,,,0,0,0,2019-06-22 13:01,iPhone客户端,,,4384236976991153
4385966012104710,HA4mR8PwW,7204118151,用户7204118151,美年健康,,,,,0,0,0,2019-06-22 12:54,荣耀V20 4800万3D相机,,,4384236976991153
4385964459924046,HA4klFDHg,3154216372,Meto-圈圈,美年健康//@Meto-圈圈:转发微博,,,Meto-圈圈,,0,0,0,2019-06-22 12:47,iPhone客户端,,,4384236976991153
4385964015344692,HA4jDmqoI,7204108697,用户7204108697,美年健康,,,,,0,0,0,2019-06-22 12:46,iPhone客户端,,,4384236976991153
4385963532775288,HA4iRbDYI,6557790826,小囧囧家,美年健康,,,,,0,0,0,2019-06-22 12:44,iPhone客户端,,,4384236976991153
4385952803367850,HA41ye88a,7204093372,用户7204093372,美年健康健康扶贫，大爱美年，用行动去践行守护每个中国人健康的使命，用爱心去坚守追逐健康的梦想，因为有你，有我，有美年[玫瑰],,,,,0,0,0,2019-06-22 12:01,iPhone客户端,,,
4385948110578773,HA3TZ2qz3,7204085370,用户7204085370,美年健康健康扶贫，大爱美年，用行动去践行守护每个中国人健康的使命，用爱心去坚守追逐健康的梦想，因为有你，有我，有美年[玫瑰],,,,,0,0,0,2019-06-22 11:42,华为手机 畅享玩不停,,,
4385943521822118,HA3MA7E10,5627608962,美年大健康濮阳,2019年3月份，美年健康医护人员赴台前县开展义诊与捐赠的扶贫活动；3月13日美年健康与开发去卫生局，联合举办胡村乡坟抬头村义诊活动；健康服务送村民身边，关心自己身体健康，做到早发现、早治疗养成定期体检的好习惯；,,,,,2,0,4,2019-06-22 11:24,360安全浏览器,"['http://ww3.sinaimg.cn/large/0068QSauly1g49riav6ecj30u014077y.jpg', 'http://ww4.sinaimg.cn/large/0068QSauly1g49riegm8ej31400u0who.jpg', 'http://ww3.sinaimg.cn/large/0068QSauly1g49rilvol3j31400u0wk7.jpg', 'http://ww4.sinaimg.cn/large/0068QSauly1g49rjdrazsj31400u046u.jpg', 'http://ww2.sinaimg.cn/large/0068QSauly1g49rjgxozbj31400u079a.jpg', 'http://ww1.sinaimg.cn/large/0068QSauly1g49rjkej7bj31400u079a.jpg']",,
4385942284684401,HA3KAjECR,2908770201,燕子20120616,"5月31日，""格隆汇首届大中华区最佳上市公司颁奖典礼”上，美年健康荣获A股上市公司最具社会责任奖。秉持“守护每个中国人生命质量”的企业使命，预防医学龙头企业美年健康自成立以来就高度重视企业的社会责任，不仅追求市场，环境，社会的协同共赢，更将“向善向好”的信念回馈社会，以健康梦想传递大爱无疆，以精准预防践行精准扶贫，积极投身慢病防治，勇往直前，助力“健康中国”发展战略！[玫瑰][玫瑰]🎉🎉",,昆明,,,0,0,5,2019-06-22 11:19,三星A8s黑瞳全视屏,,,
4385931567702085,HA3tiwjFb,7203514007,项宏2019,美年健康，为爱发声,,,,,0,0,0,2019-06-22 10:37,小米8 SE,,,4384236976991153
4385921543832506,HA3d8g50C,6600276195,美年大健康海南,"#大爱无疆##爱心##公益##美年#2019年6月13日下午三点多，开往合肥的G1774次列车正在飞驰，一位小朋友意外肘关节脱位，情况十分紧急，列车工作人员随即广播寻找医护人员……美年健康湖南省公司总护士长乔英刚去吕梁山区扶贫回来，正匆匆赶去合肥参加会议的路上，恰巧也在这趟列车上。她听闻广播后，穿过4，5节车厢赶到现场查看情况，看到一位焦灼的母亲和一个哭泣的小男孩，初步了解是孩子的右手肘关节脱位。当时这位母亲已经急得满头大汗，而旁边的乘客都手足无措。乔英立即上前，凭着在急诊科多年的经验，安抚摆位，和后面赶到的一位医生在场一起协助复位成功。很快孩子恢复了平静，母亲也终于舒了一口气。看到小孩露出笑脸，胳膊能伸手拿起东西，乔护士长在交代了孩子母亲注意事项后才离开。这位母亲听说乔护士长到合肥下车，再三表示感谢要和她留影，列车长也舒了一口气说，幸亏这趟车有你们在。乔英是美年大健康湖南省公司总护士长，在美年工作了5年多的时间，曾多次获得湖南省及美年集团各种奖项和表彰。此次去合肥，也是被评为了全国双十佳南丁格尔护士长奖，她说:“医者仁心，本就是职责所在，相信所有医务人员遇到这种情况都会去伸出援手，作为一名美年人，守护每个中国人的生命质量，一直就是我们所有美年人的使命和担当，我也会秉承自己的职业操守，仁爱救护，永远在路上""。面对突发事件，美年健康人第一时间冷静下来，以专业的技术、诚挚的热心尽力帮助旅客急救，并转危为安，这正是美年健康人“守护每个中国人生命质量”理念的体现！",,,,"大爱无疆,爱心,公益,美年",1,0,5,2019-06-22 09:57,微博 weibo.com,"['http://ww4.sinaimg.cn/large/007cG5lFgy1g49p7wma1wj30mg0cgta0.jpg', 'http://ww3.sinaimg.cn/large/007cG5lFgy1g49p7wlg7jj30u00mimz3.jpg', 'http://ww1.sinaimg.cn/large/007cG5lFgy1g49p7wr3efj30u00iewfx.jpg']",,
4385920289341929,HA3b6Dcgh,5375991978,MsViVi酱,#美年健康#为爱发声，践行公益，助力精准扶贫为爱负责，质控升级，美年一直在行动健康所系，性命相托，美年人的脚步将永不停止,,,,美年健康,1,0,1,2019-06-22 09:52,iPhone客户端,,,4384236976991153
4385918284225812,HA37ShJkg,3146867423,猫书声,美年健康,,,,,0,0,0,2019-06-22 09:44,iPhone客户端,,,4384236976991153
4385917282575076,HA36gaNTu,6600276195,美年大健康海南,做公益怎么能少了美年健康#公益##爱心##美年大健康资讯#为爱发声，践行公益，助力精准扶贫为爱负责，质控升级，美年一直在行动健康所系，性命相托，美年人的脚步将永不停止L美年大健康官方微博的微博视频,,,,"公益,爱心,美年大健康资讯",1,0,0,2019-06-22 09:40,微博 weibo.com,,,4384236976991153
4385915654377327,HA33DimK3,2034945834,大众诗人,#美年健康#助力精准扶贫，资阳美年大健康携手资阳市公安局雁江区分局落实健康扶贫义诊项目。,,,,美年健康,4,0,4,2019-06-22 09:34,360安全浏览器,"['http://ww3.sinaimg.cn/large/794acf2aly1g49ok4iy62j21o00u01ky.jpg', 'http://ww1.sinaimg.cn/large/794acf2aly1g49ok3x9fpj21o00u07wi.jpg', 'http://ww3.sinaimg.cn/large/794acf2aly1g49ok375ugj21o00u01ky.jpg', 'http://ww2.sinaimg.cn/large/794acf2aly1g49ok2pxrfj21o00u0u0x.jpg', 'http://ww2.sinaimg.cn/large/794acf2aly1g49ok3hq88j21o00u04qq.jpg', 'http://ww3.sinaimg.cn/large/794acf2aly1g49ok2lzswj21o00u0qv5.jpg', 'http://ww1.sinaimg.cn/large/794acf2aly1g49ok37gp3j21o00u04qq.jpg', 'http://ww1.sinaimg.cn/large/794acf2aly1g49ok3kdydj21o00u01ky.jpg']",,
4385915360785482,HA33a3il4,6527836439,可爱的吃人的小草莓,美年健康走进商丘市观堂乡扶贫义诊,,,,,0,0,0,2019-06-22 09:32,iPhone客户端,"['http://ww4.sinaimg.cn/large/0077M8svly1g49oj64ydoj30m80ettal.jpg', 'http://ww3.sinaimg.cn/large/0077M8svly1g49oj6gm8bj30m80etgn6.jpg', 'http://ww2.sinaimg.cn/large/0077M8svly1g49oj5stfxj30m80et768.jpg', 'http://ww2.sinaimg.cn/large/0077M8svly1g49oj6tw4rj31900u00yz.jpg', 'http://ww3.sinaimg.cn/large/0077M8svly1g49oj72e7fj30m80etgn9.jpg']",,
4385913880928173,HA30M3Tsx,6891902953,美年大健康天津,#美年健康#2019年5月19-20日，美年健康从全国600余家体检中心严格选拔的20位杰出的医质领域专家，组成专业医疗团队，深入革命老区山西省吕梁市临县程家塔村，开展了“健康扶贫，大爱美年”健康公益活动。此次活动是为了响应国家卫健委2019年健康中国行“健康促进助力脱贫攻坚”的号召而发起的。,,,,美年健康,0,0,1,2019-06-22 09:26,iPhone客户端,"['http://ww2.sinaimg.cn/large/007wpIN3ly1g49o9fnp5dj30cs0mr41x.jpg', 'http://ww1.sinaimg.cn/large/007wpIN3ly1g49o9f5otpj30cs0ocgp0.jpg', 'http://ww4.sinaimg.cn/large/007wpIN3ly1g49o9ggz40j30cs0pkq6r.jpg', 'http://ww3.sinaimg.cn/large/007wpIN3ly1g49o9gpkrgj30cs0o50wk.jpg', 'http://ww1.sinaimg.cn/large/007wpIN3ly1g49o9h3a5kj30cs0dh40v.jpg']",,
4385913000340895,HA2Zm1qGj,2034945834,大众诗人,#美年健康#为爱发声，践行公益，助力精准扶贫为爱负责，质控升级，美年一直在行动健康所系，性命相托，美年人的脚步将永不停止,,,,美年健康,0,0,0,2019-06-22 09:23,360安全浏览器,,,4384236976991153
4385911619515062,HA2X7DViK,5611960111,专注之李,美年健康走进商丘市观堂乡扶贫义诊,,,,,0,0,1,2019-06-22 09:17,OPPO R11s Plus,"['http://ww3.sinaimg.cn/large/0067NdbFly1g49o3oe4ncj30m80etdh7.jpg', 'http://ww1.sinaimg.cn/large/0067NdbFly1g49o3opfyjj30m80etmyu.jpg', 'http://ww3.sinaimg.cn/large/0067NdbFly1g49o3p2eh1j30m80etdhk.jpg', 'http://ww1.sinaimg.cn/large/0067NdbFly1g49o3pexptj30m80etgn2.jpg', 'http://ww3.sinaimg.cn/large/0067NdbFly1g49o3q5mkmj31400qo7bf.jpg']",,
4385907433622811,HA2Qnfcsr,3879137761,健康管理_LW,美年健康,,,,,0,0,0,2019-06-22 09:01,HUAWEI P30 Pro,,,4384236976991153
4385902379847903,HA2IdFjT9,6893992212,美年大健康高安,2019年5月19-20日，美年健康积极响应国家卫健委2019年健康中国行“健康促进助力脱贫攻坚”的号召。从全国600余家体检中心严格选拔出20位杰出院长和护士长与美年集团医疗质量管理委员会的各医质领域专家，组成专业医疗团队，深入革命老区山西省吕梁市临县程家塔村，开展了“健康扶贫，大爱美年”健康公益活动，将预防医学的健康理念和高品质服务带给当地群众。,,,,,0,0,0,2019-06-22 08:41,专业版微博,"['http://ww3.sinaimg.cn/large/007wyuiMgy1g49n1gzl0bj30c8084aaq.jpg', 'http://ww4.sinaimg.cn/large/007wyuiMgy1g49n1h2jnfj30c8096dgo.jpg', 'http://ww2.sinaimg.cn/large/007wyuiMgy1g49n1h1wnxj30c8084q3l.jpg', 'http://ww1.sinaimg.cn/large/007wyuiMgy1g49n1h2w7lj30c8085wf3.jpg', 'http://ww1.sinaimg.cn/large/007wyuiMgy1g49n1h2i4sj30c80863yt.jpg', 'http://ww2.sinaimg.cn/large/007wyuiMgy1g49n1h4ovqj30c8084dgg.jpg', 'http://ww4.sinaimg.cn/large/007wyuiMgy1g49n1h1r23j30c8084gm5.jpg', 'http://ww2.sinaimg.cn/large/007wyuiMgy1g49n1h513pj30c8084jrv.jpg']",,
4385894762709155,HA2vWbmM3,6215952328,Heart_200309,2019年5月19-20日，美年健康积极响应国家卫健委2019年健康中国行“健康促进助力脱贫攻坚”的号召。从全国600余家体检中心严格选拔出20位杰出院长和护士长与美年集团医疗质量管理委员会的各医质领域专家，组成专业医疗团队，深入革命老区山西省吕梁市临县程家塔村，开展了“健康扶贫，大爱美年”健康公益活动，将预防医学的健康理念和高品质服务带给当地群众。,,,,,7,0,8,2019-06-22 08:11,vivo S1照亮你的美,"['http://ww4.sinaimg.cn/large/006MFv9Cly1g49m5r0fbxj30zk0nmq6p.jpg', 'http://ww1.sinaimg.cn/large/006MFv9Cly1g49m5riwqqj30m80go766.jpg', 'http://ww4.sinaimg.cn/large/006MFv9Cly1g49m5slcr3j30u00jxgo4.jpg', 'http://ww2.sinaimg.cn/large/006MFv9Cly1g49m5tx7wqj30rs0iiabz.jpg', 'http://ww2.sinaimg.cn/large/006MFv9Cly1g49m5ukz9uj30m70etq3p.jpg', 'http://ww3.sinaimg.cn/large/006MFv9Cly1g49m5vlghgj30u00jxdi7.jpg', 'http://ww2.sinaimg.cn/large/006MFv9Cly1g49m5wlk6bj30u00jxwgk.jpg', 'http://ww2.sinaimg.cn/large/006MFv9Cly1g49m60x68ej30u00jxmz3.jpg']",,
4385893496718271,HA2tTsbJd,3273292925,崔小可儿,2019年5月19-20日，美年健康积极响应国家卫健委2019年健康中国行“健康促进助力脱贫攻坚”的号召。从全国600余家体检中心严格选拔出20位杰出院长和护士长与美年集团医疗质量管理委员会的各医质领域专家，组成专业医疗团队，深入革命老区山西省吕梁市临县程家塔村，开展了“健康扶贫，大爱美年”健康公益活动，将预防医学的健康理念和高品质服务带给当地群众。,,吕梁·离石区,,,0,0,4,2019-06-22 08:05,小米8 屏幕指纹版,"['http://ww2.sinaimg.cn/large/c31a7c7dly1g49m0r66i5j20zk0nm41s.jpg', 'http://ww4.sinaimg.cn/large/c31a7c7dly1g49m0rcis9j20m80gowg1.jpg', 'http://ww4.sinaimg.cn/large/c31a7c7dly1g49m0ric86j20u00jxac8.jpg', 'http://ww3.sinaimg.cn/large/c31a7c7dly1g49m0rmygtj20rs0iimys.jpg', 'http://ww3.sinaimg.cn/large/c31a7c7dly1g49m0rt6dvj20m70etq3m.jpg', 'http://ww1.sinaimg.cn/large/c31a7c7dly1g49m0ryfebj20u00jxwgi.jpg', 'http://ww4.sinaimg.cn/large/c31a7c7dly1g49m0sjwb7j20u00jx0ui.jpg', 'http://ww2.sinaimg.cn/large/c31a7c7dly1g49m0su72lj20u00jxwg5.jpg']",,
4385885506008976,HA2h0pdcY,7203449092,用户7203449092,//@兜兜啾啾兜兜:#美年健康#为爱发声，践行公益，助力精准扶贫为爱负责，质控升级，美年一直在行动健康所系，性命相托，美年人的脚步将永不停止,,,兜兜啾啾兜兜,美年健康,0,0,0,2019-06-22 07:34,微博小程序,,,4384236976991153
4555230572713950,JnaNzbo1o,2175121335,廊坊日报廊坊传媒网,#廊坊本地新闻#【我市100个困难肢残家庭获爱心捐赠】近日，廊坊市肢残人协会迎国庆文艺汇演暨爱心助残仪式在壹佰剧院举行。廊坊市青年企业家商会、廊坊市工商联直属会员商会等7家爱心企业和组织为100个困难肢残家庭捐赠5万元，每个家庭受助500元爱心基金和1张免费体检卡。本次活动由廊坊市肢残人协会主办，廊坊市美年健康体检中心、落垡镇永旭养殖场、河北科博锐程电力工程有限公司、廊坊市艾润堂艾草制品有限公司、廊坊市五棵松木业有限公司等爱心企业以及受赠代表参加。受赠代表李振兴感动地说：“近年来，我们深感党和政府对我们的关注与支持。我非常珍惜这份关爱，以后要提高自身素质，树立身残志坚的信念，培养积极乐观的精神，不断改善生活状况，提升生活质量。”据介绍，目前，我市共有持证残疾人95929人，其中肢体残疾人56251人，占全市持证残疾人的58.67%，是残疾人中最大的群体。自廊坊市肢残人协会开展扶贫助残活动以来，众多企业积极响应，热心捐助。2019年以来，市肢残人协会全心全意为广大肢体残疾人办好事、解难事、做实事，充分发挥肢体残疾人的优势，树立了很多励志自强榜样。同时，不断提高服务残疾人的能力，拓展服务空间，丰富服务手段，增强肢残人群体的凝聚力和向心力。,,,,廊坊本地新闻,0,0,0,2020-10-01 14:51,微博 weibo.com,,,
4553769948285505,JmyNIyLrb,2175121335,廊坊日报廊坊传媒网,#廊坊本地新闻#【迎“双节”助残困我市100个困难肢残家庭获爱心捐赠】9月24日，廊坊市肢残人协会迎国庆文艺汇演暨爱心助残仪式在壹佰剧院举行。廊坊市青年企业家商会、廊坊市工商联直属会员商会等7家爱心企业为100个困难肢残家庭捐赠5万元，每个家庭受助500元爱心基金、免费体检卡一张。据介绍，目前，我市共有持证残疾人95929人，其中肢体残疾人56251人，占全市持证残疾人的58.67%，是残疾人中最大的群体。自廊坊市肢残人协会开展扶贫助残活动以来，众多企业积极响应，热心捐助。2019年以来，市肢残人协会全心全意为广大肢体残疾人办好事、解难事、做实事，充分发挥肢体残疾人的优势，树立了很多励志自强榜样。同时，不断提高服务残疾人的能力，拓展服务空间，丰富服务手段，增强肢残人群体的凝聚力和向心力。本次活动由廊坊市肢残人协会主办，廊坊市美年健康体检中心、落垡镇永旭养殖场、河北科博锐程电力工程有限公司、廊坊市艾润堂艾草制品有限公司、廊坊市五棵松木业有限公司等爱心企业以及受赠代表参加。受赠代表李振兴感动地说：“近年来，我们深感党和政府对我们的关注与支持。我非常珍惜这份关爱，以后要提高自身素质，树立身残志坚的信念，培养积极乐观的精神，不断改善生活状况，提升生活质量。”,,,,廊坊本地新闻,0,0,0,2020-09-27 14:07,微博 weibo.com,,,
4415010010759487,I6itH3bzN,1928226520,美年大健康官方微博,致力打造健康惠民体系及服务美年健康牵手中国邮政深入甘肃舟曲推进精准扶贫工作,,,,,12,0,2,2019-09-10 16:24,iPhone客户端,"['http://ww3.sinaimg.cn/large/72ee66d8gy1g6ui08ehbgj20rs2khe82.jpg', 'http://ww3.sinaimg.cn/large/72ee66d8gy1g6ui05uhlaj20rs2fee82.jpg', 'http://ww2.sinaimg.cn/large/72ee66d8gy1g6ui09pz9hj20rs1mz4qp.jpg']",,
4384236976991153,Hzlo5tkIx,1928226520,美年大健康官方微博,#美年大健康资讯#为爱发声，践行公益，助力精准扶贫为爱负责，质控升级，美年一直在行动健康所系，性命相托，美年人的脚步将永不停止L美年大健康官方微博的微博视频,,,,美年大健康资讯,806,0,185,2019-06-17 18:23,微博视频,,"http://f.us.sinaimg.cn/00268KuPlx07uIXp9pjG01041200xffA0E010.mp4?label=mp4_ld&template=640x360.28.0&ori=0&ps=1BVp4ysnknHVZu&Expires=1602600207&ssig=6EQNFmNQpU&KID=unistore,video",
4386234481022268,HAblS4hWc,7051407311,鬼火绿365,//@V-KATHERINE:#美年健康#为爱发声，践行公益，助力精准扶贫为爱负责，质控升级，美年一直在行动健康所系，性命相托，美年人的脚步将永不停止,,,V-KATHERINE,美年健康,0,0,0,2019-06-23 06:40,iPhone客户端,,,4384236976991153
4383008305800871,HyPqmol4r,1928226520,美年大健康官方微博,#美年大健康资讯#美年大健康又一党支部正式成立自创立之初，美年便将党建引领作为工作重点，将党建工作融入生产经营致力为民提供更全面、有效的健康医疗服务,,,,美年大健康资讯,92,0,6,2019-06-14 09:01,微博 weibo.com,"['http://ww3.sinaimg.cn/large/72ee66d8gy1g3zloycf3kj20cs0kwgt5.jpg', 'http://ww1.sinaimg.cn/large/72ee66d8gy1g3zloyedidj20cs0gzgtr.jpg', 'http://ww4.sinaimg.cn/large/72ee66d8gy1g3zloyedtgj20cs0i2467.jpg', 'http://ww4.sinaimg.cn/large/72ee66d8gy1g3zloyevxdj20cs0g6dok.jpg', 'http://ww4.sinaimg.cn/large/72ee66d8gy1g3zloya719j20cs0cwdjt.jpg']",,
4386096038847453,HA7KzB7CR,6633745090,美年大健康新疆,#美年健康#为爱发声，践行公益，助力精准扶贫为爱负责，质控升级，美年一直在行动健康所系，性命相托，美年人的脚步将永不停止,,,,美年健康,1,0,0,2019-06-22 21:30,HUAWEI P30,,,4383008305800871
4386053626024433,HA6Eapheh,6907349713,圈子圈外84,美年健康,,,,,0,0,0,2019-06-22 18:42,华为手机 畅享玩不停,,,4384236976991153
4385998835997073,HA5dNpa6Z,6312154202,用户6312154202,美年健康,,,,,1,0,0,2019-06-22 15:04,HUAWEI nova 3i,,,4384236976991153
4385986811633006,HA4Up6QOO,3216775522,开心虫虫58,美年健康--我们都是奋斗的美年人！L开心虫虫58的秒拍视频,,,,,0,0,0,2019-06-22 14:16,iPhone客户端,,"http://f.us.sinaimg.cn/0013Sp4glx07uPEEoMWI010412001y3N0E010.mp4?label=mp4_ld&template=624x360.28.0&ori=0&ps=1BVp4ysnknHVZu&Expires=1602600207&ssig=ZVmC524zXR&KID=unistore,video",
4385984370551111,HA4Qt2jmT,3835009338,软小绵R,美年健康,,,,,1,0,0,2019-06-22 14:07,前后2000万 OPPO R11s,,,4384236976991153
4385981358408302,HA4LBzhnM,3216775522,开心虫虫58,美年健康--我们都是骄傲的美年人！L开心虫虫58的秒拍视频,,,,,0,0,0,2019-06-22 13:55,iPhone客户端,,"http://f.us.sinaimg.cn/000JR1dKlx07uQDrG3OM010412001xPk0E010.mp4?label=mp4_ld&template=624x360.28.0&ori=0&ps=1BVp4ysnknHVZu&Expires=1602600207&ssig=lB7y43ozZm&KID=unistore,video",
4385974882598269,HA4BaaTVz,7204126379,用户7204126379,美年健康,,,,,0,0,0,2019-06-22 13:29,OPPO智能手机,,,4384236976991153
4385970642049585,HA4uk8BbP,7204126108,用户7204126108,美年健康,,,,,0,0,0,2019-06-22 13:12,iPhone客户端,,,4384236976991153
4385970508083983,HA4u6xV0P,6392807802,那时花开7048,美年健康,,,,,0,0,0,2019-06-22 13:11,iPhone客户端,,,4384236976991153
4385969782197282,HA4sW9dC2,5082678759,用户9qj6cqpty2,美年健康,,,,,0,0,0,2019-06-22 13:09,iPhone客户端,,,4384236976991153
4385969220661603,HA4s22M71,5061913299,li冬芹,美年健康,,,,,0,0,0,2019-06-22 13:06,荣耀V10 我AI的快,,,4384236976991153
4385967949204268,HA4pYCCrW,7204118875,用户7204118875,美年健康,,,,,0,0,0,2019-06-22 13:01,iPhone客户端,,,4384236976991153
4385966012104710,HA4mR8PwW,7204118151,用户7204118151,美年健康,,,,,0,0,0,2019-06-22 12:54,荣耀V20 4800万3D相机,,,4384236976991153
4385964459924046,HA4klFDHg,3154216372,Meto-圈圈,美年健康//@Meto-圈圈:转发微博,,,Meto-圈圈,,0,0,0,2019-06-22 12:47,iPhone客户端,,,4384236976991153
4385964015344692,HA4jDmqoI,7204108697,用户7204108697,美年健康,,,,,0,0,0,2019-06-22 12:46,iPhone客户端,,,4384236976991153
4385963532775288,HA4iRbDYI,6557790826,小囧囧家,美年健康,,,,,0,0,0,2019-06-22 12:44,iPhone客户端,,,4384236976991153
4385952803367850,HA41ye88a,7204093372,用户7204093372,美年健康健康扶贫，大爱美年，用行动去践行守护每个中国人健康的使命，用爱心去坚守追逐健康的梦想，因为有你，有我，有美年[玫瑰],,,,,0,0,0,2019-06-22 12:01,iPhone客户端,,,
4385948110578773,HA3TZ2qz3,7204085370,用户7204085370,美年健康健康扶贫，大爱美年，用行动去践行守护每个中国人健康的使命，用爱心去坚守追逐健康的梦想，因为有你，有我，有美年[玫瑰],,,,,0,0,0,2019-06-22 11:42,华为手机 畅享玩不停,,,
4385943521822118,HA3MA7E10,5627608962,美年大健康濮阳,2019年3月份，美年健康医护人员赴台前县开展义诊与捐赠的扶贫活动；3月13日美年健康与开发去卫生局，联合举办胡村乡坟抬头村义诊活动；健康服务送村民身边，关心自己身体健康，做到早发现、早治疗养成定期体检的好习惯；,,,,,2,0,4,2019-06-22 11:24,360安全浏览器,"['http://ww4.sinaimg.cn/large/0068QSauly1g49riav6ecj30u014077y.jpg', 'http://ww1.sinaimg.cn/large/0068QSauly1g49riegm8ej31400u0who.jpg', 'http://ww2.sinaimg.cn/large/0068QSauly1g49rilvol3j31400u0wk7.jpg', 'http://ww1.sinaimg.cn/large/0068QSauly1g49rjdrazsj31400u046u.jpg', 'http://ww3.sinaimg.cn/large/0068QSauly1g49rjgxozbj31400u079a.jpg', 'http://ww1.sinaimg.cn/large/0068QSauly1g49rjkej7bj31400u079a.jpg']",,
4385942284684401,HA3KAjECR,2908770201,燕子20120616,"5月31日，""格隆汇首届大中华区最佳上市公司颁奖典礼”上，美年健康荣获A股上市公司最具社会责任奖。秉持“守护每个中国人生命质量”的企业使命，预防医学龙头企业美年健康自成立以来就高度重视企业的社会责任，不仅追求市场，环境，社会的协同共赢，更将“向善向好”的信念回馈社会，以健康梦想传递大爱无疆，以精准预防践行精准扶贫，积极投身慢病防治，勇往直前，助力“健康中国”发展战略！[玫瑰][玫瑰]🎉🎉",,昆明,,,0,0,5,2019-06-22 11:19,三星A8s黑瞳全视屏,,,
4385931567702085,HA3tiwjFb,7203514007,项宏2019,美年健康，为爱发声,,,,,0,0,0,2019-06-22 10:37,小米8 SE,,,4384236976991153
4385921543832506,HA3d8g50C,6600276195,美年大健康海南,"#大爱无疆##爱心##公益##美年#2019年6月13日下午三点多，开往合肥的G1774次列车正在飞驰，一位小朋友意外肘关节脱位，情况十分紧急，列车工作人员随即广播寻找医护人员……美年健康湖南省公司总护士长乔英刚去吕梁山区扶贫回来，正匆匆赶去合肥参加会议的路上，恰巧也在这趟列车上。她听闻广播后，穿过4，5节车厢赶到现场查看情况，看到一位焦灼的母亲和一个哭泣的小男孩，初步了解是孩子的右手肘关节脱位。当时这位母亲已经急得满头大汗，而旁边的乘客都手足无措。乔英立即上前，凭着在急诊科多年的经验，安抚摆位，和后面赶到的一位医生在场一起协助复位成功。很快孩子恢复了平静，母亲也终于舒了一口气。看到小孩露出笑脸，胳膊能伸手拿起东西，乔护士长在交代了孩子母亲注意事项后才离开。这位母亲听说乔护士长到合肥下车，再三表示感谢要和她留影，列车长也舒了一口气说，幸亏这趟车有你们在。乔英是美年大健康湖南省公司总护士长，在美年工作了5年多的时间，曾多次获得湖南省及美年集团各种奖项和表彰。此次去合肥，也是被评为了全国双十佳南丁格尔护士长奖，她说:“医者仁心，本就是职责所在，相信所有医务人员遇到这种情况都会去伸出援手，作为一名美年人，守护每个中国人的生命质量，一直就是我们所有美年人的使命和担当，我也会秉承自己的职业操守，仁爱救护，永远在路上""。面对突发事件，美年健康人第一时间冷静下来，以专业的技术、诚挚的热心尽力帮助旅客急救，并转危为安，这正是美年健康人“守护每个中国人生命质量”理念的体现！",,,,"大爱无疆,爱心,公益,美年",1,0,5,2019-06-22 09:57,微博 weibo.com,"['http://ww3.sinaimg.cn/large/007cG5lFgy1g49p7wma1wj30mg0cgta0.jpg', 'http://ww2.sinaimg.cn/large/007cG5lFgy1g49p7wlg7jj30u00mimz3.jpg', 'http://ww4.sinaimg.cn/large/007cG5lFgy1g49p7wr3efj30u00iewfx.jpg']",,
4385920289341929,HA3b6Dcgh,5375991978,MsViVi酱,#美年健康#为爱发声，践行公益，助力精准扶贫为爱负责，质控升级，美年一直在行动健康所系，性命相托，美年人的脚步将永不停止,,,,美年健康,1,0,1,2019-06-22 09:52,iPhone客户端,,,4384236976991153
4385918284225812,HA37ShJkg,3146867423,猫书声,美年健康,,,,,0,0,0,2019-06-22 09:44,iPhone客户端,,,4384236976991153
4385917282575076,HA36gaNTu,6600276195,美年大健康海南,做公益怎么能少了美年健康#公益##爱心##美年大健康资讯#为爱发声，践行公益，助力精准扶贫为爱负责，质控升级，美年一直在行动健康所系，性命相托，美年人的脚步将永不停止L美年大健康官方微博的微博视频,,,,"公益,爱心,美年大健康资讯",1,0,0,2019-06-22 09:40,微博 weibo.com,,,4384236976991153
4385915654377327,HA33DimK3,2034945834,大众诗人,#美年健康#助力精准扶贫，资阳美年大健康携手资阳市公安局雁江区分局落实健康扶贫义诊项目。,,,,美年健康,4,0,4,2019-06-22 09:34,360安全浏览器,"['http://ww3.sinaimg.cn/large/794acf2aly1g49ok4iy62j21o00u01ky.jpg', 'http://ww2.sinaimg.cn/large/794acf2aly1g49ok3x9fpj21o00u07wi.jpg', 'http://ww4.sinaimg.cn/large/794acf2aly1g49ok375ugj21o00u01ky.jpg', 'http://ww2.sinaimg.cn/large/794acf2aly1g49ok2pxrfj21o00u0u0x.jpg', 'http://ww1.sinaimg.cn/large/794acf2aly1g49ok3hq88j21o00u04qq.jpg', 'http://ww2.sinaimg.cn/large/794acf2aly1g49ok2lzswj21o00u0qv5.jpg', 'http://ww2.sinaimg.cn/large/794acf2aly1g49ok37gp3j21o00u04qq.jpg', 'http://ww3.sinaimg.cn/large/794acf2aly1g49ok3kdydj21o00u01ky.jpg']",,
4385915360785482,HA33a3il4,6527836439,可爱的吃人的小草莓,美年健康走进商丘市观堂乡扶贫义诊,,,,,0,0,0,2019-06-22 09:32,iPhone客户端,"['http://ww1.sinaimg.cn/large/0077M8svly1g49oj64ydoj30m80ettal.jpg', 'http://ww1.sinaimg.cn/large/0077M8svly1g49oj6gm8bj30m80etgn6.jpg', 'http://ww2.sinaimg.cn/large/0077M8svly1g49oj5stfxj30m80et768.jpg', 'http://ww3.sinaimg.cn/large/0077M8svly1g49oj6tw4rj31900u00yz.jpg', 'http://ww1.sinaimg.cn/large/0077M8svly1g49oj72e7fj30m80etgn9.jpg']",,
4385913880928173,HA30M3Tsx,6891902953,美年大健康天津,#美年健康#2019年5月19-20日，美年健康从全国600余家体检中心严格选拔的20位杰出的医质领域专家，组成专业医疗团队，深入革命老区山西省吕梁市临县程家塔村，开展了“健康扶贫，大爱美年”健康公益活动。此次活动是为了响应国家卫健委2019年健康中国行“健康促进助力脱贫攻坚”的号召而发起的。,,,,美年健康,0,0,1,2019-06-22 09:26,iPhone客户端,"['http://ww4.sinaimg.cn/large/007wpIN3ly1g49o9fnp5dj30cs0mr41x.jpg', 'http://ww3.sinaimg.cn/large/007wpIN3ly1g49o9f5otpj30cs0ocgp0.jpg', 'http://ww4.sinaimg.cn/large/007wpIN3ly1g49o9ggz40j30cs0pkq6r.jpg', 'http://ww4.sinaimg.cn/large/007wpIN3ly1g49o9gpkrgj30cs0o50wk.jpg', 'http://ww4.sinaimg.cn/large/007wpIN3ly1g49o9h3a5kj30cs0dh40v.jpg']",,
4385913000340895,HA2Zm1qGj,2034945834,大众诗人,#美年健康#为爱发声，践行公益，助力精准扶贫为爱负责，质控升级，美年一直在行动健康所系，性命相托，美年人的脚步将永不停止,,,,美年健康,0,0,0,2019-06-22 09:23,360安全浏览器,,,4384236976991153
4385911619515062,HA2X7DViK,5611960111,专注之李,美年健康走进商丘市观堂乡扶贫义诊,,,,,0,0,1,2019-06-22 09:17,OPPO R11s Plus,"['http://ww3.sinaimg.cn/large/0067NdbFly1g49o3oe4ncj30m80etdh7.jpg', 'http://ww4.sinaimg.cn/large/0067NdbFly1g49o3opfyjj30m80etmyu.jpg', 'http://ww2.sinaimg.cn/large/0067NdbFly1g49o3p2eh1j30m80etdhk.jpg', 'http://ww3.sinaimg.cn/large/0067NdbFly1g49o3pexptj30m80etgn2.jpg', 'http://ww4.sinaimg.cn/large/0067NdbFly1g49o3q5mkmj31400qo7bf.jpg']",,
4385907433622811,HA2Qnfcsr,3879137761,健康管理_LW,美年健康,,,,,0,0,0,2019-06-22 09:01,HUAWEI P30 Pro,,,4384236976991153
4385902379847903,HA2IdFjT9,6893992212,美年大健康高安,2019年5月19-20日，美年健康积极响应国家卫健委2019年健康中国行“健康促进助力脱贫攻坚”的号召。从全国600余家体检中心严格选拔出20位杰出院长和护士长与美年集团医疗质量管理委员会的各医质领域专家，组成专业医疗团队，深入革命老区山西省吕梁市临县程家塔村，开展了“健康扶贫，大爱美年”健康公益活动，将预防医学的健康理念和高品质服务带给当地群众。,,,,,0,0,0,2019-06-22 08:41,专业版微博,"['http://ww3.sinaimg.cn/large/007wyuiMgy1g49n1gzl0bj30c8084aaq.jpg', 'http://ww1.sinaimg.cn/large/007wyuiMgy1g49n1h2jnfj30c8096dgo.jpg', 'http://ww1.sinaimg.cn/large/007wyuiMgy1g49n1h1wnxj30c8084q3l.jpg', 'http://ww1.sinaimg.cn/large/007wyuiMgy1g49n1h2w7lj30c8085wf3.jpg', 'http://ww1.sinaimg.cn/large/007wyuiMgy1g49n1h2i4sj30c80863yt.jpg', 'http://ww3.sinaimg.cn/large/007wyuiMgy1g49n1h4ovqj30c8084dgg.jpg', 'http://ww3.sinaimg.cn/large/007wyuiMgy1g49n1h1r23j30c8084gm5.jpg', 'http://ww4.sinaimg.cn/large/007wyuiMgy1g49n1h513pj30c8084jrv.jpg']",,
4385894762709155,HA2vWbmM3,6215952328,Heart_200309,2019年5月19-20日，美年健康积极响应国家卫健委2019年健康中国行“健康促进助力脱贫攻坚”的号召。从全国600余家体检中心严格选拔出20位杰出院长和护士长与美年集团医疗质量管理委员会的各医质领域专家，组成专业医疗团队，深入革命老区山西省吕梁市临县程家塔村，开展了“健康扶贫，大爱美年”健康公益活动，将预防医学的健康理念和高品质服务带给当地群众。,,,,,7,0,8,2019-06-22 08:11,vivo S1照亮你的美,"['http://ww1.sinaimg.cn/large/006MFv9Cly1g49m5r0fbxj30zk0nmq6p.jpg', 'http://ww1.sinaimg.cn/large/006MFv9Cly1g49m5riwqqj30m80go766.jpg', 'http://ww3.sinaimg.cn/large/006MFv9Cly1g49m5slcr3j30u00jxgo4.jpg', 'http://ww3.sinaimg.cn/large/006MFv9Cly1g49m5tx7wqj30rs0iiabz.jpg', 'http://ww1.sinaimg.cn/large/006MFv9Cly1g49m5ukz9uj30m70etq3p.jpg', 'http://ww1.sinaimg.cn/large/006MFv9Cly1g49m5vlghgj30u00jxdi7.jpg', 'http://ww1.sinaimg.cn/large/006MFv9Cly1g49m5wlk6bj30u00jxwgk.jpg', 'http://ww4.sinaimg.cn/large/006MFv9Cly1g49m60x68ej30u00jxmz3.jpg']",,
4385893496718271,HA2tTsbJd,3273292925,崔小可儿,2019年5月19-20日，美年健康积极响应国家卫健委2019年健康中国行“健康促进助力脱贫攻坚”的号召。从全国600余家体检中心严格选拔出20位杰出院长和护士长与美年集团医疗质量管理委员会的各医质领域专家，组成专业医疗团队，深入革命老区山西省吕梁市临县程家塔村，开展了“健康扶贫，大爱美年”健康公益活动，将预防医学的健康理念和高品质服务带给当地群众。,,吕梁·离石区,,,0,0,4,2019-06-22 08:05,小米8 屏幕指纹版,"['http://ww1.sinaimg.cn/large/c31a7c7dly1g49m0r66i5j20zk0nm41s.jpg', 'http://ww1.sinaimg.cn/large/c31a7c7dly1g49m0rcis9j20m80gowg1.jpg', 'http://ww2.sinaimg.cn/large/c31a7c7dly1g49m0ric86j20u00jxac8.jpg', 'http://ww4.sinaimg.cn/large/c31a7c7dly1g49m0rmygtj20rs0iimys.jpg', 'http://ww1.sinaimg.cn/large/c31a7c7dly1g49m0rt6dvj20m70etq3m.jpg', 'http://ww2.sinaimg.cn/large/c31a7c7dly1g49m0ryfebj20u00jxwgi.jpg', 'http://ww2.sinaimg.cn/large/c31a7c7dly1g49m0sjwb7j20u00jx0ui.jpg', 'http://ww1.sinaimg.cn/large/c31a7c7dly1g49m0su72lj20u00jxwg5.jpg']",,
4385885506008976,HA2h0pdcY,7203449092,用户7203449092,//@兜兜啾啾兜兜:#美年健康#为爱发声，践行公益，助力精准扶贫为爱负责，质控升级，美年一直在行动健康所系，性命相托，美年人的脚步将永不停止,,,兜兜啾啾兜兜,美年健康,0,0,0,2019-06-22 07:34,微博小程序,,,4384236976991153
4385883190496450,HA2dh259g,1607433774,兔子之糖糖,//@兜兜啾啾兜兜:#美年健康#为爱发声，践行公益，助力精准扶贫为爱负责，质控升级，美年一直在行动健康所系，性命相托，美年人的脚步将永不停止,,,兜兜啾啾兜兜,美年健康,0,0,0,2019-06-22 07:25,前后2000万 OPPO R11,,,4384236976991153
4385882582586868,HA2ciaQXG,2678812663,1029058320_c68186,//@兜兜啾啾兜兜:#美年健康#为爱发声，践行公益，助力精准扶贫为爱负责，质控升级，美年一直在行动健康所系，性命相托，美年人的脚步将永不停止,,,兜兜啾啾兜兜,美年健康,0,0,0,2019-06-22 07:22,微博小程序,,,4384236976991153
4385881512893389,HA2azc8Hz,6891902953,美年大健康天津,美年健康为爱发声，践行公益，助力精准扶贫为爱负责，质控升级，美年一直在行动☀️健康所系，性命相托，美年人的脚步将永不停止,,,,,0,0,0,2019-06-22 07:18,iPhone客户端,"['http://ww3.sinaimg.cn/large/007wpIN3ly1g49ki2tdskj30u00ch43j.jpg', 'http://ww3.sinaimg.cn/large/007wpIN3ly1g49ki1jaf0j30u00clmzs.jpg', 'http://ww1.sinaimg.cn/large/007wpIN3ly1g49ki3wrfgj30u00clq6r.jpg', 'http://ww4.sinaimg.cn/large/007wpIN3ly1g49kj6atsvj30u00cj786.jpg']",,
4385877549161039,HA24aCrcH,6891902953,美年大健康天津,#美年健康#为爱发声，践行公益，助力精准扶贫为爱负责，质控升级，美年一直在行动健康所系，性命相托，美年人的脚步将永不停止,,,,美年健康,0,0,0,2019-06-22 07:02,iPhone客户端,,,4384236976991153
4385874588244271,HA1ZoyAI7,7203975362,用户7203975362,//@兜兜啾啾兜兜:#美年健康#为爱发声，践行公益，助力精准扶贫为爱负责，质控升级，美年一直在行动健康所系，性命相托，美年人的脚步将永不停止,,,兜兜啾啾兜兜,美年健康,0,0,0,2019-06-22 06:50,微博小程序,,,4384236976991153
4385873065860609,HA1WWoABX,6156841962,用户6156841962,//@兜兜啾啾兜兜:#美年健康#为爱发声，践行公益，助力精准扶贫为爱负责，质控升级，美年一直在行动健康所系，性命相托，美年人的脚步将永不停止,,,兜兜啾啾兜兜,美年健康,0,0,0,2019-06-22 06:44,微博小程序,,,4384236976991153
4385870755278444,HA1Tdm9ac,6347818909,用户6347818909,//@兜兜啾啾兜兜:#美年健康#为爱发声，践行公益，助力精准扶贫为爱负责，质控升级，美年一直在行动健康所系，性命相托，美年人的脚步将永不停止,,,兜兜啾啾兜兜,美年健康,0,0,0,2019-06-22 06:35,微博小程序,,,4384236976991153
4385870419195989,HA1SFCAip,6138282613,用户6138282613,//@兜兜啾啾兜兜:#美年健康#为爱发声，践行公益，助力精准扶贫为爱负责，质控升级，美年一直在行动健康所系，性命相托，美年人的脚步将永不停止,,,兜兜啾啾兜兜,美年健康,0,0,0,2019-06-22 06:34,微博小程序,,,4384236976991153
4385869450776674,HA1R73g30,1574919875,美年大健康马骏,//@兜兜啾啾兜兜:#美年健康#为爱发声，践行公益，助力精准扶贫为爱负责，质控升级，美年一直在行动健康所系，性命相托，美年人的脚步将永不停止,,,兜兜啾啾兜兜,美年健康,0,0,0,2019-06-22 06:30,微博小程序,,,4384236976991153
4385867483122670,HA1NWd6lE,2994376040,娟娟素个小孩子,美年健康助力精准扶贫O健康扶贫大爱美年,,,,,2,1,0,2019-06-22 06:22,iPhone客户端,,,
4385867428521346,HA1NQzKN4,3216285462,羊提提722,//@兜兜啾啾兜兜:#美年健康#为爱发声，践行公益，助力精准扶贫为爱负责，质控升级，美年一直在行动健康所系，性命相托，美年人的脚步将永不停止,,,兜兜啾啾兜兜,美年健康,0,0,0,2019-06-22 06:22,微博小程序,,,4384236976991153
4385865549912616,HA1KOFAIU,7203964740,用户7203964740,//@兜兜啾啾兜兜:#美年健康#为爱发声，践行公益，助力精准扶贫为爱负责，质控升级，美年一直在行动健康所系，性命相托，美年人的脚步将永不停止,,,兜兜啾啾兜兜,美年健康,0,0,0,2019-06-22 06:14,微博小程序,,,4384236976991153
4385863838897151,HA1I3Bkyr,7203963113,张海滨·美年体检中心17716551114,//@兜兜啾啾兜兜:#美年健康#为爱发声，践行公益，助力精准扶贫为爱负责，质控升级，美年一直在行动健康所系，性命相托，美年人的脚步将永不停止,,,兜兜啾啾兜兜,美年健康,0,0,0,2019-06-22 06:08,微博小程序,,,4384236976991153
4385861082556517,HA1DCaJ49,2167849465,手机用户2167849465,//@兜兜啾啾兜兜:#美年健康#为爱发声，践行公益，助力精准扶贫为爱负责，质控升级，美年一直在行动健康所系，性命相托，美年人的脚步将永不停止,,,兜兜啾啾兜兜,美年健康,0,0,0,2019-06-22 05:57,微博小程序,,,4384236976991153
4385858964411685,HA1AcivGd,7203417533,用户7203417533,//@兜兜啾啾兜兜:#美年健康#为爱发声，践行公益，助力精准扶贫为爱负责，质控升级，美年一直在行动健康所系，性命相托，美年人的脚步将永不停止,,,兜兜啾啾兜兜,美年健康,0,0,0,2019-06-22 05:48,微博小程序,,,4384236976991153
4385857999474299,HA1yDDKHh,7203956728,相守sunset900,//@兜兜啾啾兜兜:#美年健康#为爱发声，践行公益，助力精准扶贫为爱负责，质控升级，美年一直在行动健康所系，性命相托，美年人的脚步将永不停止,,,兜兜啾啾兜兜,美年健康,0,0,0,2019-06-22 05:44,微博小程序,,,4384236976991153
4385857811235752,HA1yl5btu,6011516976,卡卡鑫是个小疯子,//@兜兜啾啾兜兜:#美年健康#为爱发声，践行公益，助力精准扶贫为爱负责，质控升级，美年一直在行动健康所系，性命相托，美年人的脚步将永不停止,,,兜兜啾啾兜兜,美年健康,0,0,0,2019-06-22 05:44,微博小程序,,,4384236976991153
4385851717445390,HA1ovveSW,6067226350,紫马魔,//@兜兜啾啾兜兜:#美年健康#为爱发声，践行公益，助力精准扶贫为爱负责，质控升级，美年一直在行动健康所系，性命相托，美年人的脚步将永不停止,,,兜兜啾啾兜兜,美年健康,0,0,0,2019-06-22 05:19,微博小程序,,,4384236976991153
4385778748554725,HzZuOzTtr,7203311647,用户7203311647,//@般若6788:#美年健康#为爱发声，践行公益，助力精准扶贫为爱负责，质控升级，美年一直在行动健康所系，性命相托，美年人的脚步将永不停止,,,般若6788,美年健康,0,0,0,2019-06-22 00:30,nova4自拍极点全面屏,,,4384236976991153
4385778320766782,HzZu83dts,7203310310,用户7203310310,//@般若6788:#美年健康#为爱发声，践行公益，助力精准扶贫为爱负责，质控升级，美年一直在行动健康所系，性命相托，美年人的脚步将永不停止,,,般若6788,美年健康,0,0,0,2019-06-22 00:28,OPPO随光而变R17,,,4384236976991153
4385773295711058,HzZm1nXHQ,3795748674,木东婷__,美年健康，用爱行动。,,,,,0,0,0,2019-06-22 00:08,iPhone客户端,,,4384236976991153
4385772541544824,HzZkO6tSw,7180878036,LFmeinain,美年健康#为爱发声，践行公益，助力精准扶贫为爱负责，质控升级，美年一直在行动健康所系，性命相托，美年人的脚步将永不停止,,,,,0,0,1,2019-06-22 00:05,微博小程序,,,4384236976991153
4385766895376451,HzZbHmyEX,2949680931,般若6788,#美年健康#为爱发声，践行公益，助力精准扶贫为爱负责，质控升级，美年一直在行动健康所系，性命相托，美年人的脚步将永不停止,,,,美年健康,3,1,1,2019-06-21 23:42,HUAWEI P20 Pro,,,4384236976991153
4385764865874847,HzZ8qoEjB,3822437205,erin8671,//@兜兜啾啾兜兜:#美年健康#为爱发声，践行公益，助力精准扶贫为爱负责，质控升级，美年一直在行动健康所系，性命相托，美年人的脚步将永不停止,,,兜兜啾啾兜兜,美年健康,0,0,0,2019-06-21 23:34,HUAWEI P30,,,4384236976991153
4385763896353035,HzZ6RqEIj,2676791403,丹-妮儿danny,美年健康，为爱发声，公益行,,,,,0,0,0,2019-06-21 23:30,iPhone客户端,,,4384236976991153
4385763178981438,HzZ5HBGtU,6748640173,似归鸿,//@最爱茶滋味儿://@叶小溜2013:美年健康为爱发声，践行公益，助力精准扶贫为爱负责，质控升级，美年一直在行动健康所系，性命相托，美年人的脚步将永不停止,,,"最爱茶滋味儿,叶小溜2013",,0,0,1,2019-06-21 23:28,iPhone客户端,,,4384236976991153
4385762634414159,HzZ4Piwk7,7203274046,用户7203274046,#美年健康#扛起健康扶贫大旗共筑幸福城墙——“精选双十佳”美年健康医疗团队走进吕梁贫困村。O扛起健康扶贫大旗共筑幸福城墙——“精选双十佳”美年健康医疗团队走进吕梁贫困村,,,,美年健康,0,0,2,2019-06-21 23:25,前后2000万 OPPO R11,"['http://ww4.sinaimg.cn/large/007RucDsgy1g496zabha3j30u00jxwqf.jpg', 'http://ww4.sinaimg.cn/large/007RucDsgy1g496zargd5j30u00jxqg1.jpg', 'http://ww4.sinaimg.cn/large/007RucDsgy1g496zb7cajj30u00jx12o.jpg', 'http://ww3.sinaimg.cn/large/007RucDsgy1g496zbootsj30u00jx7fr.jpg', 'http://ww3.sinaimg.cn/large/007RucDsgy1g496zbyz5aj30m70etzop.jpg', 'http://ww2.sinaimg.cn/large/007RucDsgy1g496zcl1zvj30u00jx15n.jpg']",,
4385762105274734,HzZ3Ym8cm,3545246030,兜兜啾啾兜兜,#美年健康#为爱发声，践行公益，助力精准扶贫为爱负责，质控升级，美年一直在行动健康所系，性命相托，美年人的脚步将永不停止,,,,美年健康,18,0,1,2019-06-21 23:23,小米Max3 大屏大电量,,,4384236976991153
4385762059023451,HzZ3TBRpx,3169883092,sf-3,//@Simon舒思淮:#美年健康#为爱发声，践行公益，助力精准扶贫为爱负责，质控升级，美年一直在行动健康所系，性命相托，美年人的脚步将永不停止,,,Simon舒思淮,美年健康,0,0,2,2019-06-21 23:23,iPhone客户端,,,4384236976991153
4385761858010425,HzZ3zxBSp,5100857282,爱丸子姐姐的黄小康,:#美年健康资讯#为爱发声，践行公益，助力精准扶贫为爱负责，质控升级，美年一直在行动健康所系，性命相托，美年人的脚步将永不停止,,,,美年健康资讯,0,0,1,2019-06-21 23:22,iPhone客户端,,,4384236976991153
4385760402522418,HzZ1eaAca,6891926468,美年大健康庆阳,美年健康旗下的美年大健康公益之路永不止步,,,,,0,0,2,2019-06-21 23:17,微博 weibo.com,,,4384236976991153
4385759374620466,HzYZzjnZE,6457876161,叶小溜2013,美年健康为爱发声，践行公益，助力精准扶贫为爱负责，质控升级，美年一直在行动健康所系，性命相托，美年人的脚步将永不停止,,,,,1,0,1,2019-06-21 23:13,小米MIX 2 全面屏手机,,,4384236976991153
4385759085221541,HzYZ6lUmp,2998495615,小小孩叫小孩,美年健康,,,,,0,0,0,2019-06-21 23:11,OPPO智能手机,,,4384236976991153
4385756120069945,HzYUk0ic9,5084167604,迷鹿不mi路,美年健康，守护每个中国人的生命质量,,,,,0,0,0,2019-06-21 23:00,iPhone客户端,,,4384236976991153
4385755591617355,HzYTt6MKn,2017652275,别回头看看看,美年健康,,,,,0,0,0,2019-06-21 22:57,iPhone客户端,,,4384236976991153
4385755499374064,HzYTjDkCA,1729870491,梨儿妹妹妹,美年健康为爱发声，践行公益，助力精准扶贫为爱负责，质控升级，美年一直在行动健康所系，性命相托，美年人的脚步将永不停止L美年大健康官方微博的微博视频,,,,,0,0,0,2019-06-21 22:57,HUAWEI P20,,,4384236976991153
4385755402924866,HzYTacgTg,2636629673,美年大健康北京,2019年，为将健康产业的发展与公益事业进行更深层次的结合，美年健康在副董事长郭美玲女士的带领下，启动了“2019健康扶贫公益行”系列活动。,,,,,0,0,1,2019-06-21 22:57,iPhone客户端,['http://ww3.sinaimg.cn/large/9d27c6a9ly1g4965qnlzqj20u0140qbv.jpg'],,
4385755252062622,HzYSV8EA6,1842403144,散步_的鱼,美年健康,,,,,1,0,1,2019-06-21 22:56,华为手机 畅享玩不停,,,4384236976991153
4385754820363106,HzYSe1wsy,5713747604,斌仔198709,//@Simon舒思淮:#美年健康#为爱发声，践行公益，助力精准扶贫为爱负责，质控升级，美年一直在行动健康所系，性命相托，美年人的脚步将永不停止,,,Simon舒思淮,美年健康,0,0,0,2019-06-21 22:54,iPhone客户端,,,4384236976991153
4385754476159764,HzYRFpQr2,6106666273,读书bu如喂猪,#美年健康#为爱发声，践行公益，助力精准扶贫为爱负责，质控升级，美年一直在行动健康所系，性命相托，美年人的脚步将永不停止,,,,美年健康,0,0,3,2019-06-21 22:53,vivo智能手机,,,4384236976991153
4385754086107093,HzYR2pCJv,6197595471,暖墟·陬,美年健康，践行公益爱之行，行有道！点赞！！！❤,,,,,0,0,0,2019-06-21 22:52,OPPO Reno,,,4384236976991153
4385754039692348,HzYQXEFqc,1874204560,Yaaaaaaaya,美年健康，为爱发声，践行公益,,,,,0,0,0,2019-06-21 22:51,iPhone客户端,,,4384236976991153
4385754006211175,HzYQUq3Of,1256306053,Simon舒思淮,#美年健康#为爱发声，践行公益，助力精准扶贫为爱负责，质控升级，美年一直在行动健康所系，性命相托，美年人的脚步将永不停止,,,,美年健康,2,1,1,2019-06-21 22:51,微博搜索,,,4384236976991153
4385753955593708,HzYQPntb6,7203816637,野柚子775,美年公益美年健康//@shinejing-:美年健康，美年公益,,,shinejing-,,0,0,0,2019-06-21 22:51,荣耀畅玩8A,,,4384236976991153
4385753893288780,HzYQJdNyQ,5328012550,宝丁青争至文元走,美年健康,,,,,0,0,0,2019-06-21 22:51,HUAWEI P30,,,4384236976991153
4385752060085370,HzYNM0mcW,5322459289,娄底美年大健康,美年健康,,,,,0,0,0,2019-06-21 22:43,iPhone客户端,,,4384236976991153
4385751888709684,HzYNuAxMM,6663959278,美年大健康浙江,#美年健康#为爱发声，践行公益，助力精准扶贫为爱负责，质控升级，美年一直在行动健康所系，性命相托，美年人的脚步将永不停止,,,,美年健康,0,0,0,2019-06-21 22:43,iPhone客户端,,,4384236976991153
4385751863331710,HzYNsdYJg,6832859208,ureyzoe200301,#美年健康#为爱发声，践行公益，助力精准扶贫为爱负责，质控升级，美年一直在行动健康所系，性命相托，美年人的脚步将永不停止,,,,美年健康,0,0,0,2019-06-21 22:43,iPhone客户端,,,4384236976991153
4385751372385488,HzYMFa0zC,1892838687,小朋友的小世界,美年健康：为爱发声，践行公益，以行动成就爱心，用健康照亮世界,,,,,0,0,0,2019-06-21 22:41,柔光自拍vivo X7,,,4384236976991153
4385750726082165,HzYLCpwfr,7090605543,用户7090605543,#美年健康#为爱发声，践行公益，助力精准扶贫为爱负责，质控升级，美年一直在行动健康所系，性命相托，美年人的脚步将永不停止,,,,美年健康,1,0,0,2019-06-21 22:38,HUAWEI P30 Pro,,,4384236976991153
4385750650661985,HzYLv2Mdb,5025572519,李旭梅mei,//@怪力女侠古古:#美年健康#为爱发声，践行公益，助力精准扶贫为爱负责，质控升级，美年一直在行动健康所系，性命相托，美年人的脚步将永不停止,,,怪力女侠古古,美年健康,0,0,1,2019-06-21 22:38,荣耀8青春版 颜值担当,,,4384236976991153
4385750419893556,HzYL7FvLu,7025803337,青白江美年大健康,#美年健康#为爱发声，践行公益，助力精准扶贫为爱负责，质控升级，美年一直在行动健康所系，性命相托，美年人的脚步将永不停止,,,,美年健康,0,0,0,2019-06-21 22:37,小米9 透明尊享版,,,4384236976991153
4385750189738834,HzYKKERvY,3242088770,哼更喜欢狗是吧,#美年健康#为爱发声，践行公益，助力精准扶贫为爱负责，质控升级，美年一直在行动健康所系，性命相托，美年人的脚步将永不停止,,,,美年健康,2,0,1,2019-06-21 22:36,HUAWEI Mate 20,,,4384236976991153
4385749761574554,HzYK46BC2,6350397859,阿里娃卡,美年健康：为爱发声，践行公益，助力精准扶贫[爱心]为爱负责，质控升级，美年一直在行动[奋斗]健康所系，性命相托，美年人的脚步将永不停止『美年大健康』O以行动成就爱心用健康照亮世界,,,,,0,1,1,2019-06-21 22:34,iPhone客户端,,,
4385749698428066,HzYJXzmwy,2811668095,媛丶儿,#美年健康#为爱发声，践行公益，助力精准扶贫为爱负责，质控升级，美年一直在行动健康所系，性命相托，美年人的脚步将永不停止,,,,美年健康,0,0,1,2019-06-21 22:34,360安全浏览器,,,4384236976991153
4385749476410969,HzYJBqTMJ,6516190629,小果冻7417,#美年健康#美年健康，为爱发声，践行公益，助力精准扶贫为爱负责，质控升级，美年一直在行动健康所系，性命相托，美年人的脚步将永不停止L美年大健康官方微博的微博视频和美年大健康一起进步加油💪http://mapi/006eFOSYly1g451m5hv9gj30u01bo79j,,雅安,,美年健康,0,0,0,2019-06-21 22:33,荣耀8X,,"http://f.us.sinaimg.cn/00268KuPlx07uIXp9pjG01041200xffA0E010.mp4?label=mp4_ld&template=640x360.28.0&ori=0&ps=1BVp4ysnknHVZu&Expires=1602601441&ssig=swQdLPESZE&KID=unistore,video",
4385749471879613,HzYJB7SYl,6718610393,美年大健康广元公司,美年健康：为爱发声，践行公益，助力精准扶贫[爱心]为爱负责，质控升级，美年一直在行动[奋斗]健康所系，性命相托，美年人的脚步将永不停止O以行动成就爱心用健康照亮世界『美年大健康』O以行动成就爱心用健康照亮世界,,,,,0,0,0,2019-06-21 22:33,iPhone客户端,,,
4385748612889217,HzYIdc7Ch,7013350472,美年大健康临汾门诊部,2019年5月19-20日，美年健康积极响应国家卫健委2019年健康中国行“健康促进助力脱贫攻坚”的号召。从全国600余家体检中心严格选拔出20位杰出院长和护士长与美年集团医疗质量管理委员会的各医质领域专家，组成专业医疗团队，深入革命老区山西省吕梁市临县程家塔村，开展了“健康扶贫，大爱美年”健康公益活动，将预防医学的健康理念和高品质服务带给当地群众。,,临汾,,,0,0,2,2019-06-21 22:30,iPhone客户端,"['http://ww2.sinaimg.cn/large/007EDiQ0ly1g495do7tv1j30zk0nmdjf.jpg', 'http://ww3.sinaimg.cn/large/007EDiQ0ly1g495doeee3j30m80gojta.jpg', 'http://ww4.sinaimg.cn/large/007EDiQ0ly1g495dojm86j30u00jxtb8.jpg', 'http://ww3.sinaimg.cn/large/007EDiQ0ly1g495dopzblj30rs0iitao.jpg', 'http://ww2.sinaimg.cn/large/007EDiQ0ly1g495dovy6oj30m70et3zf.jpg', 'http://ww2.sinaimg.cn/large/007EDiQ0ly1g495dp1g57j30u00jxdi7.jpg', 'http://ww4.sinaimg.cn/large/007EDiQ0ly1g495dp7nw2j30u00jxdhx.jpg', 'http://ww3.sinaimg.cn/large/007EDiQ0ly1g495dpdc7uj30u00jx40g.jpg', 'http://ww1.sinaimg.cn/large/007EDiQ0ly1g495dpiqc4j30u00jxju0.jpg']",,
4385748578507017,HzYI9zH3X,7051292218,美年大健康晋中,2019年5月19-20日，美年健康积极响应国家卫健委2019年健康中国行“健康促进助力脱贫攻坚”的号召。从全国600余家体检中心严格选拔出20位杰出院长和护士长与美年集团医疗质量管理委员会的各医质领域专家，组成专业医疗团队，深入革命老区山西省吕梁市临县程家塔村，开展了“健康扶贫，大爱美年”健康公益活动，将预防医学的健康理念和高品质服务带给当地群众。,,晋中,,,0,0,1,2019-06-21 22:30,iPhone客户端,"['http://ww2.sinaimg.cn/large/007HcvdEly1g495dl5590j30u00jxju0.jpg', 'http://ww3.sinaimg.cn/large/007HcvdEly1g495dlatcqj30u00jx40g.jpg', 'http://ww4.sinaimg.cn/large/007HcvdEly1g495dlfbn6j30u00jxdhx.jpg', 'http://ww4.sinaimg.cn/large/007HcvdEly1g495dkzpq3j30u00jxdi7.jpg', 'http://ww3.sinaimg.cn/large/007HcvdEly1g495dllvbkj30m70et3zf.jpg', 'http://ww4.sinaimg.cn/large/007HcvdEly1g495dm15apj30rs0iitao.jpg', 'http://ww4.sinaimg.cn/large/007HcvdEly1g495dm7fbaj30u00jxtb8.jpg', 'http://ww3.sinaimg.cn/large/007HcvdEly1g495dmd6jfj30m80gojta.jpg', 'http://ww1.sinaimg.cn/large/007HcvdEly1g495dmimzxj30zk0nmdjf.jpg']",,
4385747060395210,HzYFI1EOm,6649776233,嘻嘻哈哈6649776233,美年健康：为爱发声，践行公益，助力精准扶贫[爱心]为爱负责，质控升级，美年一直在行动[奋斗]健康所系，性命相托，美年人的脚步将永不停止O以行动成就爱心用健康照亮世界,,,,,0,0,0,2019-06-21 22:24,iPhone客户端,,,
4385747001801887,HzYFC7yKH,7073752935,美年大健康运城,2019年5月19-20日，美年健康积极响应国家卫健委2019年健康中国行“健康促进助力脱贫攻坚”的号召。从全国600余家体检中心严格选拔出20位杰出院长和护士长与美年集团医疗质量管理委员会的各医质领域专家，组成专业医疗团队，深入革命老区山西省吕梁市临县程家塔村，开展了“健康扶贫，大爱美年”健康公益活动，将预防医学的健康理念和高品质服务带给当地群众。,,运城,,,0,0,1,2019-06-21 22:23,HUAWEI Mate 10,"['http://ww4.sinaimg.cn/large/007IIKhhly1g4956zyjcdj30zk0nm41s.jpg', 'http://ww3.sinaimg.cn/large/007IIKhhly1g49570w9p5j30m80gowg1.jpg', 'http://ww4.sinaimg.cn/large/007IIKhhly1g49571d5d2j30u00jxac8.jpg', 'http://ww2.sinaimg.cn/large/007IIKhhly1g49571zunxj30rs0iimys.jpg', 'http://ww2.sinaimg.cn/large/007IIKhhly1g49572aq37j30m70etq3m.jpg', 'http://ww1.sinaimg.cn/large/007IIKhhly1g49573495fj30u00jx0ui.jpg', 'http://ww4.sinaimg.cn/large/007IIKhhly1g49572mnarj30u00jxwgi.jpg', 'http://ww2.sinaimg.cn/large/007IIKhhly1g49573iez1j30u00jxwg5.jpg', 'http://ww3.sinaimg.cn/large/007IIKhhly1g49573w7txj30u00jx76k.jpg']",,
4385743395160008,HzYzNlElW,7021300764,美年大健康太原,2019年5月19-20日，美年健康积极响应国家卫健委2019年健康中国行“健康促进助力脱贫攻坚”的号召。从全国600余家体检中心严格选拔出20位杰出院长和护士长与美年集团医疗质量管理委员会的各医质领域专家，组成专业医疗团队，深入革命老区山西省吕梁市临县程家塔村，开展了“健康扶贫，大爱美年”健康公益活动，将预防医学的健康理念和高品质服务带给当地群众。,,,,,0,0,3,2019-06-21 22:09,前后2000万 OPPO R11s,"['http://ww2.sinaimg.cn/large/007FaF4wly1g494rn7uelj30u00jx0vs.jpg', 'http://ww3.sinaimg.cn/large/007FaF4wly1g494rok8sgj30m80go40u.jpg', 'http://ww4.sinaimg.cn/large/007FaF4wly1g494rrmoxyj30u00jxwgv.jpg', 'http://ww1.sinaimg.cn/large/007FaF4wly1g494rs9sblj30rs0iimzp.jpg', 'http://ww2.sinaimg.cn/large/007FaF4wly1g494rqwm6ej30u00jx77c.jpg', 'http://ww4.sinaimg.cn/large/007FaF4wly1g494rtmgarj30m80ett9p.jpg', 'http://ww4.sinaimg.cn/large/007FaF4wly1g494rv8zxhj30u00jxtby.jpg', 'http://ww3.sinaimg.cn/large/007FaF4wly1g494rt1qpsj30u00jxdip.jpg', 'http://ww1.sinaimg.cn/large/007FaF4wly1g494rudpwaj30u00jxacn.jpg']",,
4379544737362417,HxnjXuTiF,2934075290,CC林小丫,"5月31日，""格隆汇首届大中华区最佳上市公司颁奖典礼”上，美年健康荣获A股上市公司最具社会责任奖。秉持“守护每个中国人生命质量”的企业使命，预防医学龙头企业美年健康自成立以来就高度重视企业的社会责任，不仅追求市场，环境，社会的协同共赢，更将“向善向好”的信念回馈社会，以健康梦想传递大爱无疆，以精准预防践行精准扶贫，积极投身慢病防治，勇往直前，助力“健康中国”发展战略！[玫瑰][玫瑰]🎉🎉",,广元,,,1,0,2,2019-06-04 19:38,HUAWEI nova 3i,"['http://ww1.sinaimg.cn/large/aee26f9agy1g3pcv0y2mxj20m80euaay.jpg', 'http://ww3.sinaimg.cn/large/aee26f9agy1g3pcv1dd30j20qo1hcq7b.jpg', 'http://ww2.sinaimg.cn/large/aee26f9agy1g3pcv1oo3kj20m80gojs5.jpg']",,
4374118645671630,Hv6acnNrU,6391187103,长沙美年大健康体检预约,发布了头条文章：《扛起健康扶贫大旗共筑幸福城墙——“精选双十佳”美年健康医疗团队》#美年大健康#O扛起健康扶贫大旗共筑幸福城墙——“精选双十佳”美年健康医疗团队,http://t.cn/E9bi7mH,,,美年大健康,0,0,0,2019-05-20 20:16,长沙美年超话,,,
4314231086722296,H5YdmscM8,2764009521,鲁民强医生,美年大健康♥广州给力『广州日报-发挥专业力量践行公益美年健康深耕“健康扶贫”』O发挥专业力量践行公益美年健康深耕“健康扶贫”,,,,,0,0,0,2018-12-06 14:05,HUAWEI P10,,,
4314230804748823,H5YcUjVnV,6404774768,pkacc019_ij,发布了头条文章：《发挥专业力量践行公益美年健康深耕“健康扶贫”》O发挥专业力量践行公益美年健康深耕“健康扶贫”,http://t.cn/EySRRpY,,,,0,0,0,2018-12-06 14:04,微博 weibo.com,,,
4302932872797230,H1eirbJGC,2720795887,锦州美年大健康体检Health-100,发表了博文《精准扶贫健康同行——美年健康携手南方日报社走进升平村》　　近期，美年大健康广州分公司携手南方日报、南方报业驻村工作队来到河源市紫金县升平村，为广大村民进行公益免费体检、讲授健康知识，同时捐O精准扶贫健康同行——美年健康携手南方日报社走进升平村,,,,,0,0,0,2018-11-05 09:50,新浪博客,['http://ww2.sinaimg.cn/large/a22c0cefly1fwwy4jgddaj20hs0dcjs9.jpg'],,
4298210064990831,GFcTkkWlh,3933801885,环信即时通讯云,【10月23日投融资科技早报】1、新零售线下数据服务平台「ZMT众盟」完成5亿元新一轮融资2、光学分子影像产品研发商「数字精准医疗DPM」完成数千万元A+轮融资，投资方包括国新央企运营投资基金、金科君创资本和紫牛基金等3、房企智能营销服务商「猎居科技」获得千万元天使轮融资，投资方为界石投资4、云安全服务商「易安联网络」获得数千万元级A轮融资，由广州海汇资本领投，方创资本担任独家财务顾问5、MEMS智能传感器研发商「矽睿科技」完成B轮融资，由上海联和投资有限公司、上海超越摩尔股权投资基金、国投创业投资基金、重庆临空开发投资集团等参与投资6、网红包子品牌「凤起龙游」获得近千万元A轮融资，由新宜资本投资7、数字资产流动性提供商「bthub比特枢纽」完成1000万元天使轮融资，由糖果资本、链上产业基金、源码资本、恒生电子、信天创投等机构共同参与8、一站式企业政府事务服务平台「白鹿数据」完成数百万元天使轮融资，由顺为资本投资合伙人周航、知名投资人赖晓凌领投9、中国大型线下文化活动IP「戈壁天堂」获得中国文化传媒集团战略投资10、新媒体营销推广服务商「优粉吧」获得新一轮融资，由众晖资本投资,,,,,12,11,1,2018-10-23 09:03,三星Galaxy S9,,,
4298210590138500,GFcUb0A1S,3933801885,环信即时通讯云,1、康恩贝：拟9.6亿元设立子公司，帮助参股公司嘉和生物境外上市2、图玛深维加入阿里健康AI生态体系，双方合力发展“医疗AI+物联网”3、美年健康：预计明年将收购30家左右体检中心4、光控医疗健康基金三期完成首轮募资，总规模超30亿元5、医保扶贫三年行动实施方案发布，大病保险将逐步取消封顶线,,,,,0,0,0,2018-10-23 09:05,三星Galaxy S9,,,4298210064990831
4295684083265407,GE9badHtR,6747310339,金融期货部,中财期货股市资讯资金流向：上一交易日，沪深300机构净流出35亿元；大单净流出28亿元；中单净流入16.2亿元；小单净流入49亿元。两市共有29只个股发生32宗大宗交易，总成交额约为5.7亿元。其中排名前三的股票为国盛金控、海航科技、美年健康，成交额分别为0.84亿元、0.81亿元、0.5亿元。证监会：希望上市公司重视扶贫工作A股市场上股价低于3元的股票有284只，数量创下近九年来新高。与此同时，当前低于3元的股票占A股比例为8%，低价股占A股比例也达到近九年新高。定向增发：10月15日，1家公司公告（或更新审批进度）定向预案，预计募集资金合计21亿元；解禁：15股，市值95.04亿元。AH股溢价：上一个交易日沪港AH溢价涨0.33%至123.18,,,,,0,0,0,2018-10-16 09:45,,['http://ww3.sinaimg.cn/large/007mD1E7gy1fw9tm3xwk5j30hs091dgf.jpg'],,
4278432278144365,GwUnFyaIJ,3109085463,琼音传媒,美年健康：2018年中报业绩高增长，积极践行精准扶贫_中国经济观察网O网页链接,,,,,0,0,0,2018-08-29 19:13,百度分享,,,
4278363558479930,GwSAPzA14,1993292930,经典经济学,美年健康作为体检行业的龙头企业，始终以致力于成为一家“以品质驱动和数据驱动的健康服务和生命科技公司”为己任。企业稳步扩展的同时，不断升级服务内涵，狠抓医疗质控，建立体检新标准，提升行业质控水平，精细化管理，最大化提升企业运营效率。截止至2018年上半年，美年健康体检中心已覆盖全国32个省市自治区、215个核心城市，体检人次超过1000万。同时，美年健康在公益体检、健康宣教及健康咨询方面均做出了诸多努力，以精准预防践行精准扶贫，践行社会公益责任。,,,,,2012,587,493,2018-08-29 14:40,微博 weibo.com,"['http://ww2.sinaimg.cn/large/76cf3c82ly1fuqjqe2ecuj20m80cl0tr.jpg', 'http://ww3.sinaimg.cn/large/76cf3c82ly1fuqjqhid4dj21kw28gqv6.jpg', 'http://ww2.sinaimg.cn/large/76cf3c82ly1fuqjqj9stoj21kw28gkjm.jpg', 'http://ww1.sinaimg.cn/large/76cf3c82ly1fuqjqmagyyj21kw28g1ky.jpg', 'http://ww2.sinaimg.cn/large/76cf3c82ly1fuqjqoagunj21kw28g7wh.jpg']",,
4278359947412185,GwSv0v6fn,2292048583,健康养生-老杨,美年健康作为体检行业的龙头企业，始终以致力于成为一家“以品质驱动和数据驱动的健康服务和生命科技公司”为己任。企业稳步扩展的同时，不断升级服务内涵，狠抓医疗质控，建立体检新标准，提升行业质控水平，精细化管理，最大化提升企业运营效率。截止至2018年上半年，美年健康体检中心已覆盖全国32个省市自治区、215个核心城市，体检人次超过1000万。同时，美年健康在公益体检、健康宣教及健康咨询方面均做出了诸多努力，以精准预防践行精准扶贫，践行社会公益责任。,,,,,1071,525,102,2018-08-29 14:26,微博 weibo.com,"['http://ww2.sinaimg.cn/large/889de2c7ly1fuqjy9bwoej20m80cl0tr.jpg', 'http://ww4.sinaimg.cn/large/889de2c7ly1fuqjycs4x9j21kw28gqv6.jpg', 'http://ww1.sinaimg.cn/large/889de2c7ly1fuqjybimgcj21kw28gkjm.jpg', 'http://ww1.sinaimg.cn/large/889de2c7ly1fuqjyal8x6j21kw28g1ky.jpg', 'http://ww3.sinaimg.cn/large/889de2c7ly1fuqjy9vcunj21kw28g7wh.jpg']",,
4278358076552770,GwSrZruFQ,1889481010,黄金超人,美年健康作为体检行业的龙头企业，始终以致力于成为一家“以品质驱动和数据驱动的健康服务和生命科技公司”为己任。企业稳步扩展的同时，不断升级服务内涵，狠抓医疗质控，建立体检新标准，提升行业质控水平，精细化管理，最大化提升企业运营效率。截止至2018年上半年，美年健康体检中心已覆盖全国32个省市自治区、215个核心城市，体检人次超过1000万。同时，美年健康在公益体检、健康宣教及健康咨询方面均做出了诸多努力，以精准预防践行精准扶贫，践行社会公益责任。,,,,,432,144,0,2018-08-29 14:18,微博 weibo.com,"['http://ww1.sinaimg.cn/large/709f3132gy1fuqjozdwz2j20m80cl0tr.jpg', 'http://ww3.sinaimg.cn/large/709f3132gy1fuqjpimoktj21kw28gqv6.jpg', 'http://ww4.sinaimg.cn/large/709f3132gy1fuqjpj3bqkj21kw28gkjm.jpg', 'http://ww2.sinaimg.cn/large/709f3132gy1fuqjpifs6ij21kw28g1ky.jpg', 'http://ww2.sinaimg.cn/large/709f3132gy1fuqjpc1ln3j21kw28g7wh.jpg']",,
4278357882959278,GwSrGcpQi,3205344187,全球财经头条,美年健康作为体检行业的龙头企业，始终以致力于成为一家“以品质驱动和数据驱动的健康服务和生命科技公司”为己任。企业稳步扩展的同时，不断升级服务内涵，狠抓医疗质控，建立体检新标准，提升行业质控水平，精细化管理，最大化提升企业运营效率。截止至2018年上半年，美年健康体检中心已覆盖全国32个省市自治区、215个核心城市，体检人次超过1000万。同时，美年健康在公益体检、健康宣教及健康咨询方面均做出了诸多努力，以精准预防践行精准扶贫，践行社会公益责任。,,,,,864,445,82,2018-08-29 14:17,微博 weibo.com,"['http://ww2.sinaimg.cn/large/bf0dabbbly1fuqjpuw3e6j20m80cl0tr.jpg', 'http://ww4.sinaimg.cn/large/bf0dabbbly1fuqjpx8agdj21kw28gqv6.jpg', 'http://ww4.sinaimg.cn/large/bf0dabbbly1fuqjpz8ld8j21kw28gkjm.jpg', 'http://ww4.sinaimg.cn/large/bf0dabbbly1fuqjq02s16j21kw28g1ky.jpg', 'http://ww4.sinaimg.cn/large/bf0dabbbly1fuqjq19z9rj21kw28g7wh.jpg']",,
4278357116275790,GwSqrqkCq,3248308220,健康美食博主,美年健康作为体检行业的龙头企业，始终以致力于成为一家“以品质驱动和数据驱动的健康服务和生命科技公司”为己任。企业稳步扩展的同时，不断升级服务内涵，狠抓医疗质控，建立体检新标准，提升行业质控水平，精细化管理，最大化提升企业运营效率。截止至2018年上半年，美年健康体检中心已覆盖全国32个省市自治区、215个核心城市，体检人次超过1000万。同时，美年健康在公益体检、健康宣教及健康咨询方面均做出了诸多努力，以精准预防践行精准扶贫，践行社会公益责任。,,,,,1196,315,113,2018-08-29 14:14,微博 weibo.com,"['http://ww1.sinaimg.cn/large/c19d3ffcly1fuqjmvp1kej20m80cl0tr.jpg', 'http://ww2.sinaimg.cn/large/c19d3ffcly1fuqjmy0d0tj21kw28gqv6.jpg', 'http://ww3.sinaimg.cn/large/c19d3ffcly1fuqjmxzj8sj21kw28gkjm.jpg', 'http://ww4.sinaimg.cn/large/c19d3ffcly1fuqjmwd4yyj21kw28g1ky.jpg', 'http://ww1.sinaimg.cn/large/c19d3ffcly1fuqjmwlqz3j21kw28g7wh.jpg']",,
4171953345014940,FubPMl2C8,6394159567,长沙美年大健康体检,美年健康荣获第六届金砖价值榜2017年度“中国好公司”奖11月1日，由第一财经·金砖传媒主办的“2017第六届金砖论坛中国年会”暨第六届金砖价值榜颁奖典礼在上海举行。本次大会以“发现变革力”为主题，美年健康董事长俞熔先生受邀出席大会并携手众多政商学界、产业、金融、科技、资本多方重量级嘉宾，共话资本机遇、聚焦2018行业热点。凭借2017年行业内的优异表现，美年健康荣获第六届金砖价值榜2017年度“中国好公司”奖。据悉，该奖系大会组委会通过对入围企业在规模、运营、成长和社会责任等方面进行追踪、分析和比较后做出的综合评定，旨在发现并寻找到中国最优秀的企业。近几年，随着医疗健康政策红利及消费升级的到来，中国的医疗健康行业迎来了前所未有的发展期，而作为大健康领域的优秀代表企业，美年健康在中国的预防医学领域取得的成绩令人瞩目，在刚刚披露的2017第三季度报告中，上市公司在收入、净利润端继续保持高增长，主营业务超预期。公司将牢牢把握机遇，继续提升服务标准和质量体系，进一步拓展主业的体检版图，持续关注与体检入口最密切的健康产业核心生态圈，将需求采集、服务评估通过消费端的支付保障，完成闭环。作为中国健康产业领军企业之一，美年健康在公司业绩飞速发展的同时，也从未忘记企业的公益属性和社会责任。美年健康率先在全行业提出精准预防的概念，发起“全民控糖登月计划”，关注糖尿病高危人群，计划将每年对1亿人次糖尿病患者进行预防干预，十年内为国家降低数千亿的疾病负担。集团各分公司多年积极参与慈善公益，用精准预防践行精准扶贫，逐步形成了企业结合自身专长，传递大爱无疆的特色公益。,,,,,0,0,0,2017-11-08 23:24,微博 weibo.com,['http://ww3.sinaimg.cn/large/006YJeZVgy1flb3c10ppaj30eo09kt8x.jpg'],,
4169393132683894,Ft7epbgcC,2216791820,三峡晚报,#宜昌正能量#【全市“慈善一日捐”募善款897万余元】11月1日上午，市慈善总会召开全市慈善暨“慈善美年体检卡”发行工作会。会议通报了今年“慈善一日捐”活动情况，全市共募集8976019.13元，用于精准扶贫资助项目。会上还对“慈善美年体检卡”发行进行了部署，该卡价值3000元，含30多项体检项目，实际发行价为999元，全市将发行2万张，每张提50元注入“慈善美年健康基金”专项救助金，用于资助困难群众。（记者@孤舟-守月）,,,孤舟-守月,宜昌正能量,1,0,29,2017-11-01 21:50,,"['http://ww4.sinaimg.cn/large/84218f0cgy1fl2x663azgj20k00f040f.jpg', 'http://ww3.sinaimg.cn/large/84218f0cgy1fl2x65eitoj20k00f0t9p.jpg']",,
4169246957838296,Ft3qDwT68,1005237453,孤舟-守月,#宜昌正能量#【全市“慈善一日捐”募善款897万余元】11月1日上午，市慈善总会召开全市慈善暨“慈善美年体检卡”发行工作会。会议通报了今年“慈善一日捐”活动情况，全市共募集8976019.13元，用于精准扶贫资助项目。会上还对“慈善美年体检卡”发行进行了部署，该卡价值3000元，含30多项体检项目，实际发行价为999元，全市将发行2万张，每张提50元注入“慈善美年健康基金”专项救助金，用于资助困难群众。@三峡晚报,,,三峡晚报,宜昌正能量,0,0,0,2017-11-01 12:09,荣耀7 世界有点不同,"['http://ww2.sinaimg.cn/large/3beab4cdgy1fl2gicouj6j20zk0qon2i.jpg', 'http://ww2.sinaimg.cn/large/3beab4cdgy1fl2gidfpa2j20zk0qogp1.jpg']",,
