﻿id,bid,user_id,用户昵称,微博正文,头条文章url,发布位置,艾特用户,话题,转发数,评论数,点赞数,发布时间,发布工具,微博图片url,微博视频url,retweet_id
4533963941488673,Jefyy6fgR,2885831344,梅州新闻联播,【2019年度广东扶贫济困红棉杯：梅州市24单位或个人获奖】日前，广东省扶贫开发领导小组通报了2019年度广东扶贫济困红棉杯认定结果，向全省积极参与2019年广东扶贫济困日活动的477个单位或个人授予“广东扶贫济困红棉杯奖杯”并颁发证书。梅州市有24单位或个人获奖。其中，梅州市的广东塔牌集团股份有限公司、广州凯源房地产有限公司董事长许应裘获得金杯，另有曾智明、梅州卷烟厂等22个单位或个人获得铜杯。#梅州身边事#,,,,梅州身边事,0,0,0,2020-08-03 22:25,微博 weibo.com,['http://ww3.sinaimg.cn/large/ac024ab0gy1ghdyvwq2z7j20ok0djh3n.jpg'],,
4533842318201508,JeconypAo,7311716806,广州铁路职业技术学院扶贫项目,【扶贫要闻】2019年度广东扶贫济困红棉杯揭晓，梅州24家单位个人“捧杯”日前，广东省扶贫开发领导小组通报了2019年度广东扶贫济困红棉杯认定结果，梅州市1单位1个人获得金杯，22个单位或个人获得铜杯。根据相关文件规定，经推荐(自荐)、评审、公示和认定等程序，广东省扶贫开发领导小组决定，向全省积极参与2019年广东扶贫济困日活动的477个单位或个人授予“广东扶贫济困红棉杯奖杯”并颁发证书。其中，梅州市的广东塔牌集团股份有限公司、广州凯源房地产有限公司董事长许应裘获得金杯，曾智明、刘伟权、蓝如娟、蓝如恺、谢远崧、刘建平、广东中烟工业有限责任公司梅州卷烟厂、梅州市西阳水电站有限公司、广东烟草梅州市有限公司、梅州市志浩电子科技有限公司、梅州市泰山实业有限公司、梅州市翼天置业有限公司、佛山兴宁商会、广东紫晶信息存储技术股份有限公司、丰顺永顺连铸厂、广东丰顺农村商业银行股份有限公司、五华县雄丰实业发展有限公司、广东印象房地产开发有限公司、广东五华一建工程有限公司、五华县万利达实业有限公司、广东兴安医药有限公司、梅州客商银行股份有限公司等22个企业或个人获得铜杯。（来源：梅州发布）,,,,,0,0,0,2020-08-03 14:21,小米8周年旗舰手机,,,
4533610776366343,Je6mVqIaX,2635179330,梅州发布,【塔牌集团获2019年度广东扶贫济困红棉杯金杯奖】30日，2020年“广东扶贫济困日”活动仪式在广州举行。活动公布了《关于2019年度“广东扶贫济困日”红棉杯认定结果的通报》，塔牌集团荣膺2019年度广东扶贫济困红棉杯金杯，成为梅州市唯一获此殊荣的企业。此外，塔牌集团属下企业惠州塔牌水泥有限公司亦获此荣誉。据了解，根据《广东扶贫济困红棉杯认定办法（暂行）》《广东扶贫济困日活动办公室关于开展2019年度广东扶贫济困红棉杯认定工作的通知》（粤扶济困办函〔2020〕6号）等文件规定，经推荐（自荐）、评审、公示和认定等程序，省扶贫开发领导小组决定，向2019年广东扶贫济困日活动慷慨解囊的477个单位和个人授予广东扶贫济困红棉杯奖杯并颁发证书。其中，51个单位和个人获广东扶贫济困红棉杯金杯，32个单位和个人获广东扶贫济困红棉杯银杯，394个单位和个人获广东扶贫济困红棉杯铜杯。这是今年塔牌集团获得2019年度梅州扶贫济困奖金奖后的又一项荣誉，也是省扶贫开发领导小组对塔牌集团勇担社会责任、积极参与扶贫济困的肯定。据了解，6月29日，在梅州市2020年“广东扶贫济困日”活动上，塔牌集团董事、总经理何坤皇代表企业捐赠2000万元，并进行“以购代捐”消费扶贫现场签约，以实际行动助力“消费扶贫”。一直以来，塔牌集团在精准扶贫、助学助教、新农村建设、消费扶贫等领域做出了积极贡献。不仅制定帮扶计划定向支持村镇村道建设、亮化工程、农民新村建设等项目，而且积极支持地方的文化培育、教育事业、卫生整治、环境保护等社会公益事业，助力修桥筑路、社区建设，致力于改善地方公路交通和人居环境。同时，不断创新扶贫方式，在消费扶贫领域积极实践，发挥企业优势给农产品“牵线搭桥”“以购代捐”助力打造农产品品牌，全力推进扶贫工作。此外，广泛动员公司全体职工力量支持扶贫济困工作，用实际行动践行社会责任、感恩回馈社会，带动下属各企业积极参与地方社会公益和慈善事业活动。今年，塔牌集团将继续努力，把企业做大做强，以善行诠释企业社会担当、用爱心谱写时代最美华章，助力梅州如期高质量打赢脱贫攻坚战。,,,,,0,0,1,2020-08-02 23:01,微博 weibo.com,,,
4533610005147105,Je6lGlAZP,2635179330,梅州发布,【奥利给！塔牌集团多个集体和个人荣获行业表彰】日前，人力资源社会保障部和中国建筑材料联合会联合发布《关于表彰全国建材行业先进集体、先进工作者和劳动模范的决定》。塔牌集团董事、总经理何坤皇荣获“全国建材行业劳动模范”称号，属下企业福建塔牌被评为“全国建材行业先进集体”。同时，在日前召开的“2020年广东建材、陶瓷产业发展大会”上，塔牌集团获评2019年度“广东建材绿色制造示范企业”、副总经理刘延东荣膺2019年度“广东建材科技工作先进个人”。据了解，多年来，塔牌集团始终坚持聚焦主业，做大做强水泥产业，着力打造塔牌水泥的核心竞争力，以质量打造品牌。坚持改革创新，推进干部管理制度、薪酬管理制度和经营管理模式的改革，不断提升企业管理水平，激发企业发展活力。坚持技术创新，不断推进技术改造、装备升级，积极引进和应用新产品、新工艺、新设备；着力推进数字矿山和智能水泥工厂建设，实现工厂运行自动化、管理可视化、故障预控化和决策智慧化。坚持绿色发展，着力建设绿色水泥矿山、绿色水泥工厂，真正实现清洁生产、超低排放，实现低碳生产、节能降耗，实现安全生产、持续发展。坚持共创共享，积极构建和谐劳动关系，成立员工互助基金会，推行员工持股计划，营造良好用工环境；响应各级党委政府关于扶贫攻坚的号召，参与“万企帮万村”和乡村振兴战略行动，支持企业所在地社会经济发展，树立起积极履行企业社会责任的良好形象，多次荣获省红棉杯、市扶贫济困奖的表彰。塔牌集团有关负责人表示，将不忘初心，牢记使命，砥砺前行，接续奋斗，继续做精做强水泥主业、整合提升混凝土产业、加快发展新兴产业。尤其是争取在水泥产业链之外成功发展第二主业，实现“两个主业，双轮驱动”的企业发展格局，坚持创新驱动发展战略，深入践行绿色发展理念，推动企业转型升级，增强社会责任担当，进一步实现更高质量、更有效率、更可持续的发展，努力为地方经济建设和社会发展作出更大的贡献。,,,,,0,0,0,2020-08-02 22:58,微博 weibo.com,,,
4533609861480650,Je6ls6dbs,2635179330,梅州发布,【2019年度广东扶贫济困红棉杯揭晓，梅州24家单位个人“捧杯”】日前，广东省扶贫开发领导小组通报了2019年度广东扶贫济困红棉杯认定结果，我市1单位1个人获得金杯，22个单位或个人获得铜杯。根据相关文件规定，经推荐(自荐)、评审、公示和认定等程序，广东省扶贫开发领导小组决定，向全省积极参与2019年广东扶贫济困日活动的477个单位或个人授予“广东扶贫济困红棉杯奖杯”并颁发证书。其中，我市的广东塔牌集团股份有限公司、广州凯源房地产有限公司董事长许应裘获得金杯，曾智明、刘伟权、蓝如娟、蓝如恺、谢远崧、刘建平、广东中烟工业有限责任公司梅州卷烟厂、梅州市西阳水电站有限公司、广东烟草梅州市有限公司、梅州市志浩电子科技有限公司、梅州市泰山实业有限公司、梅州市翼天置业有限公司、佛山兴宁商会、广东紫晶信息存储技术股份有限公司、丰顺永顺连铸厂、广东丰顺农村商业银行股份有限公司、五华县雄丰实业发展有限公司、广东印象房地产开发有限公司、广东五华一建工程有限公司、五华县万利达实业有限公司、广东兴安医药有限公司、梅州客商银行股份有限公司等22个企业或个人获得铜杯。,,,,,0,0,0,2020-08-02 22:58,微博 weibo.com,,,
4521094965224857,J8QM8lVdT,2097057967,梅州电台新闻台,【为爱鼓掌！2019年度梅州扶贫济困奖出炉！】今天上午，梅州市2020年“广东扶贫济困日”活动在梅城客商中心举行。活动现场，市委书记、市人大常委会主任陈敏为荣获“2019年度梅州扶贫济困特别爱心奖”的单位和个人颁奖。荣获“2019年度梅州扶贫济困特别爱心奖”的单位和个人是：广东珠江投资股份有限公司深圳凯南房地产开发有限公司、广州凯源房地产实业有限公司董事长许应裘先生荣获“2019年度梅州扶贫济困金奖”的单位和个人是：广东宝丽华电力有限公司广东中烟工业有限责任公司梅州卷烟厂薪火文化公益基金有限公司深圳市君成投资发展有限公司兴宁毅德商贸物流城有限公司、宁江文化促进会曾云枢深圳市泰富华悦都会置业有限公司平远县优浦房地产开发有限公司广东塔牌集团股份有限公司深圳市绿基房地产开发有限公司邓振龙广东珠光集团有限公司广东家园建筑工程有限公司东莞市武杰纺织原料有限公司讯联科技股份有限公司敏捷集团广东客天下旅游产业园有限公司深圳市嘉信福实业集团有限公司瑞信海德集团有限公司曾浩仁、邓绍光、柯利平荣获“2019年度梅州扶贫济困银奖”的单位和个人是：梅州市西阳水电站有限公司深圳市标特汽车（集团）有限公司广东烟草梅州市有限公司兴宁市泰山实业有限公司叶柳春梅州市翼天置业有限公司广州一龙印刷有限公司广东省云香慈善基金会深圳市建艺装饰集团股份有限公司广东紫晶信息存储技术股份有限公司深圳市爱义集团（深圳市生良房地产开发有限公司）广东粤东钢铁有限公司深圳市喜德盛自行车股份有限公司广东韩江工程总承包有限公司五华碧桂园置业有限公司广东五华一建工程有限公司五华奥园广场有限公司黄镜芳、刘伟权荣获“2019年度梅州扶贫济困铜奖”的单位和个人是：梅州市兴辉建筑工程有限公司兴国县将军中学广东神石生态农科股份有限公司深圳市崇诚实业有限公司广州升龙投资有限公司梅州市泰正土地房地产评估有限责任公司蕉岭县龙腾旋窑水泥有限公司梅州皇马水泥有限公司广州泓桥科技管理园科技有限公司深圳市美味通餐饮管理有限公司广州市长江企业集团有限公司（广州市君杰实业有限公司）深圳市鸿富瀚科技有限公司广州大学广东辉龙农业科技股份有限公司深圳市淇丰塑胶电子制品有限公司张振东大埔县绿保公益慈善会大埔县建兴实业有限公司刘建平梅州市陈志云慈善基金会广州对口帮扶梅州指挥部驻大埔县工作队广州市海珠区沙园街道办事处广东粤电大埔发电有限公司丰顺永顺连铸厂丰顺县韩江水电有限公司广东丰顺农村商业银行股份有限公司广东佳苑投资有限公司丰顺泰昌电声元件有限公司东莞市杰发实业投资有限公司广东嘉福投资集团有限公司丰顺县金琼建材实业有限公司深圳市美丽加科技有限公司广东烟草梅州市有限公司丰顺县分公司广东辉骏科技集团有限公司广东利通建设有限公司广东兴安医药有限公司五华县万利达实业有限公司广东五华二建工程有限公司五华县安宝盛房地产开发有限公司深圳市华富五金制品有限公司梅州客商银行五华县鼎德信置业有限公司五华县长安实业发展有限公司广东开元实业有限公司五华县雄丰实业发展有限公司中山市东成家具有限公司广东威宏兴科技有限责任公司梅州华侨房地产开发有限公司广东创达集团有限公司梅州华南康复医疗集团有限公司五华县景辰实业发展有限公司五华谷城投资有限公司五华县天悦实业有限公司五华县百洁灵科技有限公司广东新晋炜房地产有限公司梅州盛昌源新型环保建材有限公司佛山市桂城技工学校梅州市达庆机械设备有限公司李名柱房金花伉俪曾智明、谢远崧、蓝如娟、蓝如凯、廖志强、房广柱、邱瑞强、丘钢军、廖英武、丘兆升、王伟东、黄雅敏,,,,,0,0,0,2020-06-29 10:08,微博 weibo.com,"['http://ww4.sinaimg.cn/large/7cfe90afgy1gg8xoff511j20rs0gc7tq.jpg', 'http://ww3.sinaimg.cn/large/7cfe90afgy1gg8xonswz3j20rs0ii1kx.jpg']",,
4339672463144966,HgE3Qdc9g,2292881562,梅州日报,【蕉岭积极开展消费扶贫活动：通过企业大批量购买，解决贫困户农产品销售问题】#梅州新闻#蕉岭县扶贫开发局近日联合广东塔牌集团股份有限公司、蕉岭县南山寿农业发展有限公司，开展了“百企帮百村，共享丰收年”消费扶贫活动，通过企业大批量购买贫困户和困难群众的优质农产品，帮助他们增加收入。O蕉岭积极开展消费扶贫活动,,,,梅州新闻,0,0,0,2019-02-14 19:00,微博 weibo.com,['http://ww3.sinaimg.cn/large/88aa989agy1g05wzrfz1qj20m80cin0p.jpg'],,
4313791971994341,H5MN78mON,6438087638,MRZ嚴8325,20181205「今日无新股」市场回顾与展望⛳️市场点评市场回顾：沪指日线3连阳，钢铁板块领涨后市展望：市场对于经济下行压力担忧始终存在操作建议：首推“制造业中的TMT”。⛳️大事要闻11月经济数据预测⛳️热点追踪券商：华泰证券(601688)💁🏻‍♀️重点推荐建材《初窥农村需求的“黑盒子”》我们认为，在农村建设持续财政投入与中西部等地区近年扶贫基建抢工的背景下，海螺水泥、冀东水泥、华新水泥、万年青、塔牌集团等水泥企业有望持续受益；在农村家庭“收入投资剪刀差”持续扩大的趋势中，消费建材迎历史机遇，东方雨虹、伟星新材、北新建材、三棵树等公司有望迎来市场容量持续快速增长的历史机遇。《国君产业_产业观察：地产链兵器谱，纵览2019及业态展望》本期产业观察聚焦房地产产业链，一条是投资建设的链条，一条是消费和服务的链条。前者主要涉及周期和消费类行业；后者主要涉及消费、新兴产业和金融类行业。从产业链的高度，观察地产产业链上的：地产开发、运营、建安、建材、钢铁、家电、家居装饰行业，并且聆听首席说行业投资策略。,,,,,0,0,0,2018-12-05 09:00,HUAWEI P10,,,
4313791132377301,H5MLL9Yrz,5390932309,江船夜雨听琴,市场回顾：沪指日线3连阳，钢铁板块领涨后市展望：市场对于经济下行压力担忧始终存在操作建议：首推“制造业中的TMT”。大事要闻11月经济数据预测热点追踪券商：华泰证券(601688)重点推荐建材《初窥农村需求的“黑盒子”》我们认为，在农村建设持续财政投入与中西部等地区近年扶贫基建抢工的背景下，海螺水泥、冀东水泥、华新水泥、万年青、塔牌集团等水泥企业有望持续受益；在农村家庭“收入投资剪刀差”持续扩大的趋势中，消费建材迎历史机遇，东方雨虹、伟星新材、北新建材、三棵树等公司有望迎来市场容量持续快速增长的历史机遇。《国君产业_产业观察：地产链兵器谱，纵览2019及业态展望》本期产业观察聚焦房地产产业链，一条是投资建设的链条，一条是消费和服务的链条。前者主要涉及周期和消费类行业；后者主要涉及消费、新兴产业和金融类行业。从产业链的高度，观察地产产业链上的：地产开发、运营、建安、建材、钢铁、家电、家居装饰行业，并且聆听首席说行业投资策略。（仅供参考，风险自负!）,,,,,0,0,0,2018-12-05 08:56,360手机 N6,,,
4313785412193588,H5MCx9cEs,6680770651,I股往金来I,20181205市场回顾与展望⛳️市场点评市场回顾：沪指日线3连阳，钢铁板块领涨后市展望：市场对于经济下行压力担忧始终存在操作建议：首推“制造业中的TMT”。⛳️大事要闻11月经济数据预测⛳️热点追踪券商：华泰证券(601688)💁🏻‍♀️重点推荐建材《初窥农村需求的“黑盒子”》我们认为，在农村建设持续财政投入与中西部等地区近年扶贫基建抢工的背景下，海螺水泥、冀东水泥、华新水泥、万年青、塔牌集团等水泥企业有望持续受益；在农村家庭“收入投资剪刀差”持续扩大的趋势中，消费建材迎历史机遇，东方雨虹、伟星新材、北新建材、三棵树等公司有望迎来市场容量持续快速增长的历史机遇。《国君产业_产业观察：地产链兵器谱，纵览2019及业态展望》本期产业观察聚焦房地产产业链，一条是投资建设的链条，一条是消费和服务的链条。前者主要涉及周期和消费类行业；后者主要涉及消费、新兴产业和金融类行业。从产业链的高度，观察地产产业链上的：地产开发、运营、建安、建材、钢铁、家电、家居装饰行业，并且聆听首席说行业投资策略。,,,,,0,0,0,2018-12-05 08:34,Android,['http://ww4.sinaimg.cn/large/007i7PDlly1fxvkisn88mj30b408vgls.jpg'],,
4300386560704873,H0a3u2XmV,2607316392,老李头玩虾米,个股公告：华大基因(300676)：数据采集行为合法合规宁波富达(600724)：39.67亿元出售房地产业务资产顺丰控股(002352)：拟55亿元收购敦豪香港和敦豪北京100%股权华联综超(600361)：拟逾2亿元收购百好吉百货100%股权九洲电气(300040)：拟1.92亿元参与设立股权投资基金深康佳A(000016)：以32亿元竞得康星云网总部基地项目用地的使用权科顺股份(300737)：拟设立子公司承接总投资5亿元的新型防水材料基地项目得润电子(002055)：控股股东获深圳中小担融资支持华业资本(600240)：董事孙涛涉嫌合同诈骗罪被刑事拘留天士力(600535)：81个品种纳入基药目录3个产品首次入选亿帆医药(002019)：7个主要品种新纳入国家基本药物目录华森制药(002907)：公司产品入选《国家基本药物目录》浙江医药(600216)：十一酸睾酮软胶囊新进入国家基本药物目录塔牌集团(002233)：拟与深圳国资系等机构成立投资基金主要投资于非上市公司股权工业富联(601138)：董事长陈永正辞职选举李军旗为董事长中国联通(600050)：将公开向民营企业招募云南联通承包运营合作方维维股份(600300)：子公司获得160万元项目扶贫资金步长制药(603858)：25个中药品种被纳入国家基本药物目录宜华健康(000150)：子公司拟增资扩股引入战投预计增资金额10亿元-25亿元蓝帆医疗(002382)：公司部分产品出口退税率提高以岭药业(002603)：子公司制剂产品获美国FDA批准文号津膜科技(300334)：联合中标1.39亿元项目,,,,,0,0,0,2018-10-29 09:11,微博 weibo.com,,,
4300385075962234,H0a15p134,5984128176,小司马-许秦,浙江医药(600216)：十一酸睾酮软胶囊新进入国家基本药物目录塔牌集团(002233)：拟与深圳国资系等机构成立投资基金主要投资于非上市公司股权工业富联(601138)：董事长陈永正辞职选举李军旗为董事长中国联通(600050)：将公开向民营企业招募云南联通承包运营合作方维维股份(600300)：子公司获得160万元项目扶贫资金步长制药(603858)：25个中药品种被纳入国家基本药物目录宜华健康(000150)：子公司拟增资扩股引入战投预计增资金额10亿元-25亿元蓝帆医疗(002382)：公司部分产品出口退税率提高以岭药业(002603)：子公司制剂产品获美国FDA批准文号津膜科技(300334)：联合中标1.39亿元项目上证指数sh000001,,,,,0,0,0,2018-10-29 09:06,微博股票,,,
4217962909636695,G7xiqEqWz,2710142613,当下逃离当下,股市越来越难做。自选股里的齐峰新材去年业绩微增，分红大减，一季度索性来个负增长，也有业绩好的，塔牌集团，业绩大增，分红也不错，可大股东这就要减持了，近期从最低点上来30%多的，要么是下跌大幅砍仓，上涨不敢加仓的科大讯飞，要么就是已经有一段时间不在自选股里的康力电梯。如果持有人能接受工银聚富4%的收益率，也没哥什么事，静安府都开到8万多了，哥去看的时候才6万多。,,,,,5,0,0,2018-03-15 22:29,Android,,,
4282438987002098,GyAC6tnz4,2710142613,当下逃离当下,有朋友问为啥叫扶贫救灾，该公司董秘，2017年收入20万，2018年1月5日以9.25元增持10万股，每股分红0.2元，最新价5.99元，账面浮亏超30元，相比董秘，我们这些股东确实没做什么贡献。//@当下逃离当下:塔牌集团还不错，基建确实是稳投资首选。齐峰增收不增利，业绩大减，股价破净，跌破6元买算扶贫救灾。,,,当下逃离当下,,2,0,0,2018-09-09 20:34,小米手机5,,,4217962909636695
4280950232040215,GxXST8yKH,2710142613,当下逃离当下,塔牌集团还不错，基建确实是稳投资首选。齐峰增收不增利，业绩大减，股价破净，跌破6元买算扶贫救灾。,,,,,3,0,1,2018-09-05 17:58,小米手机5,,,4217962909636695
4271024016821217,GtNERsCvD,5933362567,缠论学习中山大学读书会,国泰君安于昨日推荐水泥股，他们谓：　　　　“我们认为上半年水泥价格的不断上升及淡季不淡印证了当前供需格局正处于边际平衡状态。7月底，占华东熟料产能4%的常州受环保影响突发大规模停产，可能将成为撬动水泥平衡的关键砝码；同时考虑到4季度错峰停产、环保限产（尤其在京津冀地区）及华东等地区的‘电荒’魅影，我们判断水泥供求紧平衡或将加剧，参考2010年华东拉闸限电情景，水泥市场有望旺季更旺，水泥股盈利稳中有升。”　　国泰君安重点推荐需求确定性高的华东华南龙头水泥股：海螺水泥、华新水泥，以及弹性的万年轻、塔牌集团，和受益的上峰水泥；从财政发力角度重点推荐业绩弹性显著的华北龙头冀东水泥、金隅集团；港股重点推荐中国建材、华润水泥；其他区域主题有望轮动，西北主题受益标的包括天山股份、青松建化、祁连山、宁夏建材。　　招商证券分析师王彬鹏表示，在上半年基建投资较去年同期下滑（13.7%）后，预计下半年基建投资增速在资金面的改善下明显回升。在政府财政支出加速以及地方融资改善的预期下，建筑央企以及产业链前端设计板块最先受益，重点推荐具有扶贫概念的四川路桥、中国交通建设、中国铁建、中国中铁、中国建筑、苏交科以及葛洲坝，重点关注资金面全面改善后受益明显的岭南股份与东珠生态。转,,,,,0,0,0,2018-08-09 08:35,微博 weibo.com,,,
4246027014368014,Gjjn7ikjQ,6517377107,武汉证券通,武汉证券通6月1日早评：昨日A股大幅反弹，但昨晚美国宣布对从欧盟、加拿大和墨西哥进口的钢铁和铝征分别征收25%及10%的关税，并从6月1日执行。道指及欧洲斯托克50指数大幅下跌，将会影响A股的开盘价，料A股今日低开震荡走高的可能性较大。国内市场市场重要信息提示：【公司动态】●激智科技(300566)拟以自有资金收购紫光科技49%的股权全控紫光科技●伊利股份(600887)公告称年度股东大会由董事长潘刚主持●赛腾股份(603283)：拟6120万元收购收购半导体封测公司无锡昌鼎电子51%控股权●民和股份(002234)：拟定增募资不超5.3亿元●中航地产（000043）：预挂牌转让贵阳中航70%股权及惠东康宏51%股权明日起更名为“中航善达”●华兰生物(002007)：子公司取得吸附手足口病EV71型灭活疫苗药物临床试验批件●恒瑞医药(600276)：磺达肝癸钠注射液获注册批件●汇顶科技（603160）：为小米8探索版提供“压感屏幕指纹识别”●苏常柴A(000570):1.7亿股股份无偿划转控股股东拟变更●东山精密(002384)：筹划4亿元-6亿元员工持股计划●中核钛白(002145)拟不超过7元/股（现价3.82）回购不超过5亿元股份。2018-5月31日●本钢板材(000761)控股股东本钢公司计划自6月1日起12个月内，以自有资金不超过3亿元增持公司股份5月31日●科达股份（600986）拟合资设立杭州科达耘智投资公司●预警！全通教育（300359）老板要跑路：融资套现超50亿分红不足5千万●泰尔股份（002347）布局失利净利降801%并购标的拖累致2亿资产减值●起步股份（603557）：拟发行不超4亿元公司债券●锦富技术(300128)：实控人部分质押股份触及平仓线●世联行(002285)：3.13亿股限售股6月5日上市流通占总股本15.32%●莱美药业(300006)：股东邱炜累计减持5.97%股份●长川科技(300604)：股东合丰创业拟减持不超过4.65%公司股份机会前瞻：粤港澳大湾区规划出台在即，关注国家重大战略带来的机遇。粤港澳大湾区概念股：广州港、珠海港、恒基达鑫、世荣兆业、塔牌集团、沙河股份、宏川智慧、越秀金控、华金资本等；互联网巨头布局在线教育，云计算驱动教育改革，在近日召开的2018腾讯“云+未来”峰会上，首次举办的教育专场吸引了广泛关注。在线教育概念股：世纪天鸿（300654）、立思辰（300010）、方直科技、新南洋等；中央5月31日召开会议审议《乡村振兴战略规划（2018-2022年）》和《关于打臝脱贫攻坚战三年行动的指导意见》。推进乡村振兴和产业扶贫，农产品加工前景佳。农产品加工个股；养元饮品（603156）、三全食品（002216）、好想你（002582）等。好了，今日盘前提示就到此，希望投资者有所收获。,,,,,0,0,0,2018-06-01 09:06,360安全浏览器,['http://ww2.sinaimg.cn/large/00774fvBgy1frveksovclj30k10cp0wd.jpg'],,
