﻿id,bid,user_id,用户昵称,微博正文,头条文章url,发布位置,艾特用户,话题,转发数,评论数,点赞数,发布时间,发布工具,微博图片url,微博视频url,retweet_id
4525249041507862,JaAQg6kgm,6574431428,陈奇军168,07072020西昌市凉山彝族自治州四川省中国扶贫卫星湿地火把液（卡沙沙）……阿里巴巴环球融创1919鱼跃医疗……,,,,,0,0,0,2020-07-10 21:15,iPhone客户端,"['http://ww4.sinaimg.cn/large/007aVDWAgy1ggm6qo2cfhj30qu0zl7au.jpg', 'http://ww1.sinaimg.cn/large/007aVDWAgy1ggm6qn3wkhj30ht0ekadp.jpg', 'http://ww4.sinaimg.cn/large/007aVDWAgy1ggm6qoslvvj30g009ejsk.jpg', 'http://ww2.sinaimg.cn/large/007aVDWAgy1ggm6qpy7fmj30d80ly0vk.jpg', 'http://ww4.sinaimg.cn/large/007aVDWAgy1ggm6pq21c7j30u00jedh9.jpg', 'http://ww4.sinaimg.cn/large/007aVDWAgy1ggm6pqgc10j30p00gk75w.jpg']",,
4430152559677129,IcEp9EBsJ,2012328555,美通社健康资讯,【通过立体扶贫模式助力西藏脱贫事业鱼跃医疗提交满意成绩单】随着脱贫攻坚战进入新的时代环境中，鱼跃医疗对此深有体会：绝对贫困现象的深度改善，必须用模式加以救助。鱼跃医疗自2016年开启了“进藏之路”，通过全方位、多维度...O网页链接,,,,,0,0,0,2019-10-22 11:15,美通社资讯,['http://ww3.sinaimg.cn/large/77f1b26bly1g86t3sss8ij20go0cizlj.jpg'],,
4430152534267823,IcEp7hUfR,1729503667,美通社IT资讯,【通过立体扶贫模式助力西藏脱贫事业鱼跃医疗提交满意成绩单】随着脱贫攻坚战进入新的时代环境中，鱼跃医疗对此深有体会：绝对贫困现象的深度改善，必须用模式加以救助。鱼跃医疗自2016年开启了“进藏之路”，通过全方位、多维度...O网页链接,,,,,0,0,0,2019-10-22 11:15,美通社资讯,['http://ww4.sinaimg.cn/large/671621b3ly1g86t3p44qaj20go0cizlj.jpg'],,
4246029807493459,GjjrCvrof,3737717633,老炮谈股市,【板块精选】阿里宣布建设国家智慧物流骨干网，投入上千亿或更多。相关概念股：诺力股份、东杰智能、音飞储存等多发性骨髓瘤新药临床试验获批，评估显示治疗效果良好。相关概念股：安科生物、复星医药、佐力药业、银河生物等消息人士称，腾讯音乐即将美国上市，估值飙升超过300亿美元。相关概念股：漫步者、新华联、星网锐捷互联网巨头布局在线教育，云计算驱动教育改革。相关概念股：立思辰、世纪天鸿、方直科技、新南洋、科大讯飞、中国高科等推进乡村振兴和产业扶贫，农产品加工前景佳。相关概念股：养元饮品、三全食品、好想你、安琪酵母、西王食品等小米发布VR—体机，技术瓶颈突破助力行业高增长。相关概念股：风语筑、易尚展示、联创电子、水晶光电、高新兴等京交会首设养老板块，健康养老产业布局有望加速。相关概念股：宜华健康、金陵饭店、鱼跃医疗、双箭股份等6月1日（周五），A股正式加信MSCI指数。相关概念股：中国平安、分众传媒、贵州茅台、航天信息、老板电器、格力电器、海螺水泥等,,,,,0,0,0,2018-06-01 09:17,微博 weibo.com,,,
4246005299735768,GjiO5EQIw,6183946281,老梁看股怪,推进乡村振兴和产业扶贫，农产品加工前景佳。相关概念股：养元饮品sh603156、三全食品sz002216、好想你sz002582、安琪酵母sh600298、西王食品sz000639等小米发布VR—体机，技术瓶颈突破助力行业高增长。相关概念股：风语筑sh603466、易尚展示sz002751、联创电子sz002036、水晶光电sz002273、高新兴sz300098等京交会首设养老板块，健康养老产业布局有望加速。相关概念股：宜华健康sz000150、金陵饭店sh601007、鱼跃医疗sz002223、双箭股份sz002381等6月1日（周五），A股正式加信MSCI指数。相关概念股：中国平安sh601318、分众传媒sz002027、贵州茅台sh600519、航天信息sh600271、老板电器sz002508、格力电器sz000651、海螺水泥sh600585等,,,,,0,0,0,2018-06-01 07:40,微博 weibo.com,,,
4242033654764840,GhDudjZyg,3214860247,信息早报,大众消费品牌崛起趋势分析招商证券今年以来，从宏观消费支出对GDP累计同比的贡献率创新高，到中观大众消费行业增速回升，再到微观民族大众消费品牌上市公司股价异军突起，似乎都指向了同一个方向，即大众消费品正步入强上行周期，那么这些数据的变化到底是短期波动还是背后有着长期逻辑支撑，本文对此进行分析。2018年一季度，最终消费支出对GDP累计同比的贡献率为77.8%，创了历史新高。另一方面，自2007年开始，社会零售增速持续高于GDP增速，消费已经越来越成经济增速的主要驱动力；一季度中观数据来看，衣着、医疗保健、化妆品、金银珠宝等大众消费增速回升明显；而股票市场方面，今年以来，民族大众消费品牌异军突起，成为A股市场位数不多的亮点之一。似乎都指向了同一个方向，即大众消费品正步入强上行周期。大众消费崛起，到底是短期波动还是长期趋势？首先，我们认为消费降级实质上是消费结构迁移的现象，消费需求的变迁很难在经济增速、收入增速稳定的时候产生逆向变化。2013至2017年，我国城镇居民食品+衣着支出占总消费支出的比例从38.5%持续下降到35.8%，医疗+教育文化娱乐服务+交通+通信支出占总消费支出的比例从29.4%持续上升至32.5%，因此，所谓的消费降级本质上是消费理性化以及消费结构迁移的现象，而不是需求层次下移。从增量改善的角度来看，精准扶贫&棚户改造将带来大量消费增长。农村居民收入增速高于城镇居民，并且由于农村居民边际消费倾向远高于城镇居民，精准扶贫、棚户区改造等因素将使得农村居民的消费增速长期大幅高于城镇居民。《“十三五”脱贫攻坚规划》提出:要在2020年实现贫困人口全部脱贫，从扶贫资金支持上来看，2018年国家扶贫资金支出将为12000亿左右。2015年国家实施的棚改三年计划也顺利完成，三年改造1815万套。精准扶贫和棚户区改造使得居民收入差距缩窄，成为消费需求扩张的新动能。从总量替代的角度来看，当前地产对消费的挤出效应正逐步减弱，同时财富效应逐渐增强。房价的持续上涨对居民消费特别是一二线城市的居民消费存在一定挤出效应，2018年一季度商品房销售面积（住宅）累计同比增速已经降至2.47%，为近三年以来的最低值，地产销售特别是住宅销售增速的持续下滑将会使得居民总量一次性首付支出增速下降。2010年以来，以房贷为主的居民户中长期贷款增速和城镇居民消费性支出增速之间存在显著的滞后性负相关关系，意味着由于由于地产增速下滑带来的首付支出增速下滑将直接支撑居民消费支出增速上行。而财富效应方面，随着各类信用金融的蓬勃发展，即使居民资产增值（主要因为地产）没有立即变现，居民资产未来变现的预期也会促使居民增加消费信心，从而使得利用各类消费信贷进行提前消费。从供给端来看，渠道霸权将成为消费类上市公司的长期护城河。线上渠道高增长使得品牌商愿意在天猫、京东要付出高额的推广费得到一个广告位，得到一个靠前的排名，同时建立了线上渠道护城河，以保持较长时间内的高增速，线下渠道也正在进行变革，一方面，随着租金成本提升，逐步开启供给侧改革，逐渐向着头部集中，部分品牌开始自建销售渠道经过不断调整，经过库存出清、管理水平提高、并通过打造中高端概念品牌以及外延并购，单店经营状况不断改善，随着三四五线城市的消费需求的全面爆发，无论是传统零售还是新零售，都在全面收割县镇市场，加速渠道下沉。美日80年代大众消费品崛起的经验：美、日社会保障制度完善、居民收入差距缩窄、人口结构切换等因素导致全社会消费率上行，以及日本房地产的财富效应给居民带来消费信心等逻辑和当前中国有诸多类似之处。总的来看，我们认为今年以来大众消费崛起背后有着长期逻辑支撑，居民消费结构的改变，农村居民消费潜力的释放都属于促进消费增长的长期动力，而政策层面的精准扶贫&棚户改造以及地产对消费的挤出效应减弱、财富效应逐渐增强亦是长期因素，而微观层面，上市公司线上/线下渠道霸权使得消费类上市公司集中度提升，从而保持长期稳定增长。我们梳理了“大众消费50”上市公司供参考，看好医疗保健和大众消费品牌全年的投资机会，包括食品、纺织服装、日用消费品、药房、OTC药品等：王府井、跨境通、汤臣倍健、罗莱生活、洽洽食品、水星家纺、桃李面包、富安娜、绝味食品、多喜爱、涪陵榨菜、华孚色纺、海天味业、海澜之家、中炬高新、七匹狼、森马服饰、九牧王、太平鸟、拉夏贝尔、鱼跃医疗医、维格娜丝、嘉事堂、朗姿股份、一心堂、歌力思、益丰药房、安正时尚、康美药业、开润股份、白云山、汇洁股份、云南白药、比音勒芬、天士力、金发拉比、片仔癀、浪莎股份、九芝堂、上海家化、老凤祥、珀莱雅、明牌珠宝、御家汇、周大生、承德露露、爱尔眼科、好想你、美年健康、宜华健康。,,,,,0,0,0,2018-05-21 08:38,专业版微博,,,
4215637502650442,G6yNMb7v4,2247170953,陶采湲,"三八节去看了《厉害了我的国》，是暨南大学卫铁老师导演的，片尾曲是孙楠唱的，少了几分高亢，多了柔和温暖，效果很是不错。记录一下，大概放了这些主题：海洋---港珠澳大桥，振华30，IGBT生产线，高铁，上海洋山港，智能码头，LNG,舟山造船，Bluewhale海上钻井平台，蛟龙号深潜器，FAST天眼，扶贫和搬迁，闵宁模式的原隆村福建企业家陈德启的葡萄酒产业园，苏州木渎新农村建设，湿地保护藏羚羊，海洋生态修复，太阳能风能华龙一号核电站，文化自信电影教师，医疗--家庭医生鱼跃医疗敖东药业公立医院改革，老龄化养老中心平均寿命76，安全--视频监控军队建设也门撤侨，改革开放---中欧班列一带一路非洲东方工业园华坚集团埃塞俄比亚工业园人类命运共同体，区域经济一体化---气候全球治理达沃斯金砖。",,,,,0,2,4,2018-03-09 12:29,360安全浏览器,,,
