﻿id,bid,user_id,用户昵称,微博正文,头条文章url,发布位置,艾特用户,话题,转发数,评论数,点赞数,发布时间,发布工具,微博图片url,微博视频url,retweet_id
4504221426898464,J1LOKsWBy,2159539315,南阳广播网,【#高质量发展·南阳更出彩#政协委员分组讨论凝心聚力共谋发展——县市区分会场两会报道】#2020南阳两会##我看南阳#宛城代表团讨论审议市政府工作报告5月13日下午，出席市六届人大三次会议的宛城代表团代表，分组审议了市委副书记市长霍好胜作的政府工作报告。代表们一致认为，过去一年的成就鼓舞人心，面对前所未有的矛盾挑战和繁重任务，全市上下在市委市政府的坚强领导下，坚持稳中求进总基调，保持了经济稳步发展、民生持续改善、社会和谐稳定的良好局面。报告科学地提出了南阳市下一步的发展目标和重点工作，思路清晰、任务明确，充分体现了发展为民生、成果惠民生的根本宗旨，是一份符合实际、顺应民意、鼓舞士气、催人奋进的好报告。代表们在讨论中畅谈报告内容，说发展，话未来，群策群力为南阳的发展贡献良策。参加南阳市六届人大三次会议的西峡代表团审议讨论市政府工作报告5月13日下午，参加南阳市六届人大三次会议的西峡代表团，在西峡分会场审议讨论市政府工作报告。在西峡分会场，代表们围绕城市发展用地储备，金融信贷扶持，全民医疗健康，关注应对老龄化，乡村振兴等方面进行了认真讨论，并提出意见建议。大家普遍认为市政府工作报告是一个求真务实、鼓舞人心、提振信心、顺应民心的报告。政府工作报告充分体现了市委、市政府执政为民的工作理念、改革创新的攻坚魄力和务实进取的开拓精神。讨论中，代表们纷纷表示将结合实际，把政府工作报告精神消化好、理解好、吸收好、贯彻好、落实好，围绕市委，市政府中心工作，切实履行好自身职责，提出建设性意见建议，凝心聚力，推动西峡县域治理“三起来”示范县建设步伐，为决胜全面小康，振兴南阳，高质量建设大城市做出新贡献。参加南阳市政协六届三次会议的内乡县委员组委员热议市政府工作报告5月13日下午，参加南阳市政协六届三次会议的内乡县委员组的委员们热议市政府工作报告。讨论中，委员们一致认为政府工作报告主题鲜明，客观全面，实事求是地总结了2019年各项工作，对2020年的工作部署脉络清晰、重点突出。委员们表示要结合自己的工作实际，认真履行政治协商、民主监督、参政议政职能，针对内乡人民群众关注的打造全国百强县、教育、乡村振兴、精准扶贫、农业+互联网等问题积极建言献策，为内乡县县经济社会发展作出新的更大贡献。南阳市政协六届三次会议淅川县委员组讨论政府工作报告 5月13下午，出席南阳市政协六届三次会议的淅川县委员组讨论政府工作报告。讨论中，委员们高度评价了政府工作报告，一致认为报告系统总结了过去一年我市经济社会发展所取得的成就，实事求是分析了存在的困难和问题，对今年政府工作的规划思路清晰、重点突出、目标明确，制定措施切实有力、可操作性强，充分体现了我市加快实现高质量绿色发展的要求，是一份直面发展、开拓创新的好报告。讨论中，围绕民营企业发展、生态工业高质量发展、富民增收、基层治理、乡村振兴等话题，委员们结合各自工作实际，畅所欲言，提出了许多建设性的意见和建议。委员们还表示，要认真学习、深刻领会报告精神，进一步坚定信心、凝聚共识，立足各自工作实际，围绕市委市政府中心工作积极建言献策，以实际行动助力全市经济社会各项工作落地见效，为确保与全省同步高水平全面建成小康社会和“十三五”规划圆满收官贡献更多政协力量。出席南阳市政协六届三次会议的社旗县委员组委员热议市政府工作报告      5月13日，出席南阳市政协六届三次会议的社旗县委员组的委员们热议市政府工作报告，就如何打好三大攻坚战、持续深化“两轮两翼”战略、加快转型升级、实施乡村振兴战略等方面进行交流，提出意见和建议。委员们纷纷表示：要对标报告中提出的总体要求和基本思路，多建睿智之言，多献务实之策，为南阳经济社会发展贡献力量。 出席南阳市六届人大三次会议的新野县代表团审议政府工作报告，审查计划、财政预算报告5月13日下午，新野县代表团审议政府工作报告和计划报告、财政预算报告。代表们纷纷表示：下一步，要紧密结合政府工作报告提出的新野发展定位，做细做实各项工作，实现新野纺织服装产业园主营业务收入超百亿元，与南阳中心城区紧密协作、优势互补，为南阳高质量建设大城市贡献新野力量。,,,,"高质量发展·南阳更出彩,2020南阳两会,我看南阳",0,0,0,2020-05-13 20:38,荣耀10 AI变色更潮美,"['http://ww4.sinaimg.cn/large/80b7f473ly1ger3r1pazpj20fs0m840c.jpg', 'http://ww4.sinaimg.cn/large/80b7f473ly1ger3r23vxnj20m80go759.jpg', 'http://ww1.sinaimg.cn/large/80b7f473ly1ger3r2dhpdj20m80goab3.jpg', 'http://ww4.sinaimg.cn/large/80b7f473ly1ger3r2ty25j20m80go0tl.jpg', 'http://ww4.sinaimg.cn/large/80b7f473ly1ger3r32oufj20m80gowf2.jpg', 'http://ww4.sinaimg.cn/large/80b7f473ly1ger3r3gqg6j20m80godgp.jpg', 'http://ww2.sinaimg.cn/large/80b7f473ly1ger3r3qyyqj20m80gowfs.jpg']",,
4501907911171982,J0NDh4USW,5541515425,新野网信,"【千企帮千村】新纺公司：结对帮扶精准扶贫#脱贫攻坚看南阳#2020年是脱贫攻坚战收官之年，我县进一步深化提升“千企帮千村”精准扶贫成效，优化村企结对帮扶，通过产业帮扶、就业帮扶、公益帮扶、技能帮扶等多种形式，带动了一大批困难群众增收致富，实现了脱贫。新野县融媒体中心在《新野新闻》和新野广电微信公众号中开办《千企帮千村》专栏，全面展示我县多家企业发挥自身优势，参与脱贫攻坚工作的做法和成效，进一步凝聚广泛力量，决战决胜脱贫攻坚。今天播出：新纺公司结对帮扶，精准扶贫。新野纺织股份有限公司（简称：新纺公司）是国有控股的大型纺织上市公司，连续多年被评定为“国家农业产业化龙头企业”、“国家高新技术企业”,是河南省100户重点支持企业和全省纺织龙头企业。饮水思源，企业在发展壮大的同时，积极响应县委、县政府“千企帮千村”工作号召，利用自身优势，与贫困村签约结对，村企共建、互利合作，为打赢脱贫攻坚战注入强劲动力。“千企帮千村”工作启动以来，新纺公司迅速成立了领导小组和扶贫工作队，多次与溧河铺镇李楼村两委班子座谈协商,找准工作切入点，制订帮扶计划。近年来，在李楼村通过投资建设扶贫车间和产业扶贫，拉动贫困群众就业，公益帮扶、技能培训等方式多管齐下，提高了扶贫效果。村民李俊峰平时的工作是负责清扫村道路和垃圾清运，像这样的保洁公益岗位新纺公司在李楼村设置了10个。针对李楼村农田水利设施不足的现状，新纺公司投资9万元打机井10眼，基本解决了旱不能浇的现状。加强与农业、畜牧部门的联系，实施技能帮扶计划，聘请专家农户进行种植、养殖技术培训，提高农户种养殖技术。",,,,脱贫攻坚看南阳,0,0,0,2020-05-07 11:25,HUAWEI P20 Pro,"['http://ww3.sinaimg.cn/large/00631Dj3ly1gejq397v5cj30lv0c175s.jpg', 'http://ww3.sinaimg.cn/large/00631Dj3ly1gejq39ifpmj30lt0c6ta9.jpg', 'http://ww1.sinaimg.cn/large/00631Dj3ly1gejq3a148bj30lr0c50tw.jpg', 'http://ww3.sinaimg.cn/large/00631Dj3ly1gejq3aagt5j30lx0c5q4i.jpg', 'http://ww3.sinaimg.cn/large/00631Dj3ly1gejq3atsvyj30lv0c64ai.jpg', 'http://ww4.sinaimg.cn/large/00631Dj3ly1gejq3bh47mj30lx0c5arm.jpg']",,
4328641674540482,Hc16fj3bA,1212246980,新野城事,【曾垂瑞在新野县暗访脱贫攻坚时要求拓宽增收渠道抓实“双貌”改善】1月13日至14日，市委副书记曾垂瑞带领市直相关负责同志采取不打招呼、直接进村方式，深入新野县暗访脱贫攻坚工作，实地调研当地重点产业发展情况。在王庄镇西高营村，曾垂瑞随机抽查档卡资料，实地察看该村“双貌”改善、基础设施建设情况，现场督察基层干部对扶贫政策的掌握情况，深入了解贫困群众生产生活、扶贫政策落实和增收情况。曾垂瑞还实地察看了上庄乡环卫服务中心、敬老中心集中供养项目、华科绳业杨营村就业扶贫车间；调研了新野纺织、旭润光电、鼎泰高科、罗蒙服饰、科尔沁牛业等重点企业，详细了解企业运营、科技创新、项目建设和产业扶贫情况。曾垂瑞指出，各级各相关部门思想上要再重视，切实把脱贫职责扛在肩上，把脱贫任务抓在手上，将脱贫攻坚战进行到底；措施上要再精准，因地制宜、因户施策，切实搞好产业就业扶贫、行业政策落实，做到脱贫不脱手、脱贫不脱帮，不断拓宽群众增收渠道；效果上要再求实，结合农村人居环境整治，持续改善提升村容村貌、户容户貌，让贫困群众有更多获得感、幸福感。,,,,,0,0,0,2019-01-15 08:27,360安全浏览器,,,
4319065721918746,H7ZZa839w,5547578924,阳光哥爱投资,600177雅戈尔：处置部分金融资产增加净利近9000万元300247乐金健康：拟更名为“融捷健康”300403地尔汉宇：终止股权收购事项002310东方园林：终止重大资产重组600332白云山：子公司GMP证书被广东省药监局收回002761多喜爱：国亚金控被强平526.38万股603336宏辉果蔬：拟参投扶贫产业基金600499科达洁能：子公司获清洁燃煤气化项目订单600449宁夏建材：获政府补贴3632万元002052同洲电子：华夏人寿旗下产品持股达10%000533万家乐：确认董事长陈环已被逮捕002087新野纺织：搭建企业高层次科技创新平台603259药明康德：拟以20亿元现金增资全资子公司上海药明600050中国联通：11月4G用户净增150万户601989中国重工：拟向控股股东出售亏损海工板块资产,,,,,0,0,8,2018-12-19 22:16,微博 weibo.com,,,
4504221426898464,J1LOKsWBy,2159539315,南阳广播网,【#高质量发展·南阳更出彩#政协委员分组讨论凝心聚力共谋发展——县市区分会场两会报道】#2020南阳两会##我看南阳#宛城代表团讨论审议市政府工作报告5月13日下午，出席市六届人大三次会议的宛城代表团代表，分组审议了市委副书记市长霍好胜作的政府工作报告。代表们一致认为，过去一年的成就鼓舞人心，面对前所未有的矛盾挑战和繁重任务，全市上下在市委市政府的坚强领导下，坚持稳中求进总基调，保持了经济稳步发展、民生持续改善、社会和谐稳定的良好局面。报告科学地提出了南阳市下一步的发展目标和重点工作，思路清晰、任务明确，充分体现了发展为民生、成果惠民生的根本宗旨，是一份符合实际、顺应民意、鼓舞士气、催人奋进的好报告。代表们在讨论中畅谈报告内容，说发展，话未来，群策群力为南阳的发展贡献良策。参加南阳市六届人大三次会议的西峡代表团审议讨论市政府工作报告5月13日下午，参加南阳市六届人大三次会议的西峡代表团，在西峡分会场审议讨论市政府工作报告。在西峡分会场，代表们围绕城市发展用地储备，金融信贷扶持，全民医疗健康，关注应对老龄化，乡村振兴等方面进行了认真讨论，并提出意见建议。大家普遍认为市政府工作报告是一个求真务实、鼓舞人心、提振信心、顺应民心的报告。政府工作报告充分体现了市委、市政府执政为民的工作理念、改革创新的攻坚魄力和务实进取的开拓精神。讨论中，代表们纷纷表示将结合实际，把政府工作报告精神消化好、理解好、吸收好、贯彻好、落实好，围绕市委，市政府中心工作，切实履行好自身职责，提出建设性意见建议，凝心聚力，推动西峡县域治理“三起来”示范县建设步伐，为决胜全面小康，振兴南阳，高质量建设大城市做出新贡献。参加南阳市政协六届三次会议的内乡县委员组委员热议市政府工作报告5月13日下午，参加南阳市政协六届三次会议的内乡县委员组的委员们热议市政府工作报告。讨论中，委员们一致认为政府工作报告主题鲜明，客观全面，实事求是地总结了2019年各项工作，对2020年的工作部署脉络清晰、重点突出。委员们表示要结合自己的工作实际，认真履行政治协商、民主监督、参政议政职能，针对内乡人民群众关注的打造全国百强县、教育、乡村振兴、精准扶贫、农业+互联网等问题积极建言献策，为内乡县县经济社会发展作出新的更大贡献。南阳市政协六届三次会议淅川县委员组讨论政府工作报告 5月13下午，出席南阳市政协六届三次会议的淅川县委员组讨论政府工作报告。讨论中，委员们高度评价了政府工作报告，一致认为报告系统总结了过去一年我市经济社会发展所取得的成就，实事求是分析了存在的困难和问题，对今年政府工作的规划思路清晰、重点突出、目标明确，制定措施切实有力、可操作性强，充分体现了我市加快实现高质量绿色发展的要求，是一份直面发展、开拓创新的好报告。讨论中，围绕民营企业发展、生态工业高质量发展、富民增收、基层治理、乡村振兴等话题，委员们结合各自工作实际，畅所欲言，提出了许多建设性的意见和建议。委员们还表示，要认真学习、深刻领会报告精神，进一步坚定信心、凝聚共识，立足各自工作实际，围绕市委市政府中心工作积极建言献策，以实际行动助力全市经济社会各项工作落地见效，为确保与全省同步高水平全面建成小康社会和“十三五”规划圆满收官贡献更多政协力量。出席南阳市政协六届三次会议的社旗县委员组委员热议市政府工作报告      5月13日，出席南阳市政协六届三次会议的社旗县委员组的委员们热议市政府工作报告，就如何打好三大攻坚战、持续深化“两轮两翼”战略、加快转型升级、实施乡村振兴战略等方面进行交流，提出意见和建议。委员们纷纷表示：要对标报告中提出的总体要求和基本思路，多建睿智之言，多献务实之策，为南阳经济社会发展贡献力量。 出席南阳市六届人大三次会议的新野县代表团审议政府工作报告，审查计划、财政预算报告5月13日下午，新野县代表团审议政府工作报告和计划报告、财政预算报告。代表们纷纷表示：下一步，要紧密结合政府工作报告提出的新野发展定位，做细做实各项工作，实现新野纺织服装产业园主营业务收入超百亿元，与南阳中心城区紧密协作、优势互补，为南阳高质量建设大城市贡献新野力量。,,,,"高质量发展·南阳更出彩,2020南阳两会,我看南阳",0,0,0,2020-05-13 20:38,荣耀10 AI变色更潮美,"['http://ww3.sinaimg.cn/large/80b7f473ly1ger3r1pazpj20fs0m840c.jpg', 'http://ww2.sinaimg.cn/large/80b7f473ly1ger3r23vxnj20m80go759.jpg', 'http://ww4.sinaimg.cn/large/80b7f473ly1ger3r2dhpdj20m80goab3.jpg', 'http://ww1.sinaimg.cn/large/80b7f473ly1ger3r2ty25j20m80go0tl.jpg', 'http://ww4.sinaimg.cn/large/80b7f473ly1ger3r32oufj20m80gowf2.jpg', 'http://ww1.sinaimg.cn/large/80b7f473ly1ger3r3gqg6j20m80godgp.jpg', 'http://ww4.sinaimg.cn/large/80b7f473ly1ger3r3qyyqj20m80gowfs.jpg']",,
4501907911171982,J0NDh4USW,5541515425,新野网信,"【千企帮千村】新纺公司：结对帮扶精准扶贫#脱贫攻坚看南阳#2020年是脱贫攻坚战收官之年，我县进一步深化提升“千企帮千村”精准扶贫成效，优化村企结对帮扶，通过产业帮扶、就业帮扶、公益帮扶、技能帮扶等多种形式，带动了一大批困难群众增收致富，实现了脱贫。新野县融媒体中心在《新野新闻》和新野广电微信公众号中开办《千企帮千村》专栏，全面展示我县多家企业发挥自身优势，参与脱贫攻坚工作的做法和成效，进一步凝聚广泛力量，决战决胜脱贫攻坚。今天播出：新纺公司结对帮扶，精准扶贫。新野纺织股份有限公司（简称：新纺公司）是国有控股的大型纺织上市公司，连续多年被评定为“国家农业产业化龙头企业”、“国家高新技术企业”,是河南省100户重点支持企业和全省纺织龙头企业。饮水思源，企业在发展壮大的同时，积极响应县委、县政府“千企帮千村”工作号召，利用自身优势，与贫困村签约结对，村企共建、互利合作，为打赢脱贫攻坚战注入强劲动力。“千企帮千村”工作启动以来，新纺公司迅速成立了领导小组和扶贫工作队，多次与溧河铺镇李楼村两委班子座谈协商,找准工作切入点，制订帮扶计划。近年来，在李楼村通过投资建设扶贫车间和产业扶贫，拉动贫困群众就业，公益帮扶、技能培训等方式多管齐下，提高了扶贫效果。村民李俊峰平时的工作是负责清扫村道路和垃圾清运，像这样的保洁公益岗位新纺公司在李楼村设置了10个。针对李楼村农田水利设施不足的现状，新纺公司投资9万元打机井10眼，基本解决了旱不能浇的现状。加强与农业、畜牧部门的联系，实施技能帮扶计划，聘请专家农户进行种植、养殖技术培训，提高农户种养殖技术。",,,,脱贫攻坚看南阳,0,0,0,2020-05-07 11:25,HUAWEI P20 Pro,"['http://ww4.sinaimg.cn/large/00631Dj3ly1gejq397v5cj30lv0c175s.jpg', 'http://ww1.sinaimg.cn/large/00631Dj3ly1gejq39ifpmj30lt0c6ta9.jpg', 'http://ww1.sinaimg.cn/large/00631Dj3ly1gejq3a148bj30lr0c50tw.jpg', 'http://ww2.sinaimg.cn/large/00631Dj3ly1gejq3aagt5j30lx0c5q4i.jpg', 'http://ww3.sinaimg.cn/large/00631Dj3ly1gejq3atsvyj30lv0c64ai.jpg', 'http://ww4.sinaimg.cn/large/00631Dj3ly1gejq3bh47mj30lx0c5arm.jpg']",,
4328641674540482,Hc16fj3bA,1212246980,新野城事,【曾垂瑞在新野县暗访脱贫攻坚时要求拓宽增收渠道抓实“双貌”改善】1月13日至14日，市委副书记曾垂瑞带领市直相关负责同志采取不打招呼、直接进村方式，深入新野县暗访脱贫攻坚工作，实地调研当地重点产业发展情况。在王庄镇西高营村，曾垂瑞随机抽查档卡资料，实地察看该村“双貌”改善、基础设施建设情况，现场督察基层干部对扶贫政策的掌握情况，深入了解贫困群众生产生活、扶贫政策落实和增收情况。曾垂瑞还实地察看了上庄乡环卫服务中心、敬老中心集中供养项目、华科绳业杨营村就业扶贫车间；调研了新野纺织、旭润光电、鼎泰高科、罗蒙服饰、科尔沁牛业等重点企业，详细了解企业运营、科技创新、项目建设和产业扶贫情况。曾垂瑞指出，各级各相关部门思想上要再重视，切实把脱贫职责扛在肩上，把脱贫任务抓在手上，将脱贫攻坚战进行到底；措施上要再精准，因地制宜、因户施策，切实搞好产业就业扶贫、行业政策落实，做到脱贫不脱手、脱贫不脱帮，不断拓宽群众增收渠道；效果上要再求实，结合农村人居环境整治，持续改善提升村容村貌、户容户貌，让贫困群众有更多获得感、幸福感。,,,,,0,0,0,2019-01-15 08:27,360安全浏览器,,,
4319065721918746,H7ZZa839w,5547578924,阳光哥爱投资,600177雅戈尔：处置部分金融资产增加净利近9000万元300247乐金健康：拟更名为“融捷健康”300403地尔汉宇：终止股权收购事项002310东方园林：终止重大资产重组600332白云山：子公司GMP证书被广东省药监局收回002761多喜爱：国亚金控被强平526.38万股603336宏辉果蔬：拟参投扶贫产业基金600499科达洁能：子公司获清洁燃煤气化项目订单600449宁夏建材：获政府补贴3632万元002052同洲电子：华夏人寿旗下产品持股达10%000533万家乐：确认董事长陈环已被逮捕002087新野纺织：搭建企业高层次科技创新平台603259药明康德：拟以20亿元现金增资全资子公司上海药明600050中国联通：11月4G用户净增150万户601989中国重工：拟向控股股东出售亏损海工板块资产,,,,,0,0,8,2018-12-19 22:16,微博 weibo.com,,,
