﻿id,bid,user_id,用户昵称,微博正文,头条文章url,发布位置,艾特用户,话题,转发数,评论数,点赞数,发布时间,发布工具,微博图片url,微博视频url,retweet_id
4529423292040955,JclqV8yWD,7455596442,泾县电商圈,"媒体快讯：◆北京5项举措推动全市金融领域电商扶贫及无人售货专柜布设工作（电商报）◆重庆10部门发文：联动大型电商打造线上夜间消费平台（电商报）◆考拉海购将战略升级为会员电商（36氪）◆网联支持工商等6家银行开展银行间B2B网关支付业务（电商报）◆阿里1688便民夜市在三亚落地（电商报）◆UMKA暂停中国商家业务转为本地移动社交电商模式（电商报）◆天猫国际与杭州综保区首创“保税进口+零售加工”新模式（亿邦动力网）◆商务部《产业带数字化转型报告》显示,超3000万小微企业使用阿里1688进行新批发（36氪）◆苏宁将推动一批智慧零售重点示范项目在徐州落地（电商报）◆阿里数字农业产地仓已为18种云南农产品实施品质分级标准（电商报）◆韵达股份分别与皇氏集团、绿城科技产业集团签订战略合作协议,拓展仓储物流、快递服务等领域的业务合作（中国证券报）◆亚马逊推迟美国PrimeDay下月推出印度PrimeDay活动（电商报）◆eBay开始全球拓展管理支付服务拟在2022年全面完成推广（电商报）◆亚马逊小企业影响报告：200万中小企业过去一年内卖出34亿件产品（智通财经）",,,,,0,0,0,2020-07-22 09:42,微博 weibo.com,,,
4496561427563510,IEw0evJC6,3793879197,问政剑川,央企帮扶提速脱贫攻坚进程发布时间：2020年04月16日来源：县融媒体中心黄大鹏中国电力建设集团有限公司自2003年定点帮扶我县以来，充分发挥行业优势，坚持“造血式”扶贫理念，以兴产业、强基础、惠民生、助脱贫为主线，建立立体帮扶新方式，助力我县脱贫攻坚进程。马登镇向善水库始建于80年代，是马登镇坝区内的重要水利设施，是周边三个村委会群众农田灌溉的主要水源。但因年久失修，坝体渗漏严重，无法有效蓄水，大量耕地因长期缺乏有效灌溉保障而逐渐闲置。马登镇马登村委会主任谢胜昌说：“原先这个向善水库就是个小水塘，我们周边这些旱地和水田，基本上农忙用水的时候没有水，导致我们这边十几年地都是闲置的，老百姓增产增收更是谈不上了。”为了解决群众的农田灌溉需求，助推贫困群众产业增收。马登镇向善水库成为中国建设集团定点援建项目，总投资598万元，援建资金400万元，工程于2018年10月开工建设，于2019年4月投入使用。马登镇副镇长杨立勋说：“向善水库建成以后，库容达到15.53万立方，解决了周围群众2100亩土地灌溉问题，受益人口达到4128人。”自2003年中国电建集团定点帮扶我县以来，从规划、项目、资金、人才等多方位、多角度精准帮扶，累计直接投入扶贫资金9630万元，撬动云南皇氏来思尔乳业有限公司投资5.5亿元的万头奶牛养殖项目，投资15.77亿元的剑湖水环境治理PPP示范项目；深入开展“双百爱心活动”，18万干部职工爱心捐款1000万元用于金华镇8个村级光伏电站建设；通过消费扶贫销售剑川农特产品389.5吨，销售金额718.53万元，带动362户1474人增收。紧盯用电难、喝水难、行路难、户退出、村出列等民生难点问题，实施山区电网延伸、牦牛山安全饮水、新建加固村级水库2个、老君山镇连接桥梁、17个村民活动场所等项惠民工程，援建六联村等6所希望小学、象图乡中学运动场、12所“博爱校医室”和新生村阅览室，“圆梦的手”助学金资助338名贫困大学生；新建10所村级卫生室，为全县所有乡镇卫生院和村级卫生室配备数字化DR等诊疗设备；组织全县88个村210名乡村医生分批开展培训，组织316名中小学教师开展培训，夯实脱贫攻坚基础。中国电建集团派驻剑川县扶贫办副主任陈贵标说：“中国电建定点扶贫剑川以来，通过产业扶贫、生态扶贫、基础设施建设、健康扶贫、教育扶贫、公共服务补短板、消费扶贫、人才扶贫等方面立体式帮扶剑川，为剑川脱贫攻坚不断加油助力。”通过中国电建集团的真帮实扶，我县扶贫路径正由“输血”向“造血”转变，群众增收渠道更加拓宽。2019年底，我县所有贫困乡镇和贫困村出列，7334户30089人退出。陈贵标说：“通过帮扶，电通了，路通了，水引来了，上学有保障，就医更方便，产业发展有后劲，贫困群众增收有门路，贫困发生率从20.18%降至0.86%。”,,,,,0,0,1,2020-04-22 17:20,专业版微博,"['http://ww2.sinaimg.cn/large/e222009dgy1ge2nz6d6buj20u00gwq5e.jpg', 'http://ww1.sinaimg.cn/large/e222009dgy1ge2nzcjlykj20u00gw752.jpg', 'http://ww1.sinaimg.cn/large/e222009dgy1ge2nzrne36j20u00gw0tt.jpg', 'http://ww1.sinaimg.cn/large/e222009dgy1ge2o01yfqnj20u00gwq60.jpg', 'http://ww4.sinaimg.cn/large/e222009dgy1ge2o08rpy4j20u00gwq4m.jpg', 'http://ww3.sinaimg.cn/large/e222009dgy1ge2o0la4mdj20u00jzgpk.jpg', 'http://ww4.sinaimg.cn/large/e222009dgy1ge2o10c8mxj20u00gwtc5.jpg', 'http://ww3.sinaimg.cn/large/e222009dgy1ge2o1g8tlbj20u00gwgpu.jpg', 'http://ww2.sinaimg.cn/large/e222009dgy1ge2o1mly5qj20u00jz45f.jpg']",,
4330829792313417,HcW1t9HPb,2231835763,皇氏集团股份有限公司,发布了头条文章：《皇氏集团助力攻坚精准扶贫大战略，让贫困户心头暖起来！》O皇氏集团助力攻坚精准扶贫大战略，让贫困户心头暖起来！,http://t.cn/E56FIW3,,,,0,0,0,2019-01-21 09:22,微博 weibo.com,,,
4282992296278777,GyP0xqloB,5953331731,融牛投资,9-11财经早新闻：国家卫健委“三定”方案出炉计划生育司全部撤销；第三届中国医药与创新投资大会将于9月18日在苏州开幕；9月17日-9月19日，2018世界人工智能大会将在中国上海盛大开幕；商务部：上周食用农产品和生产资料价格均继续上涨；安徽铜陵义安区发生一起非洲猪瘟疫情；港股通股票名单发生调整碧桂园服务、平安好医生等获调入；中国华融：撤回A股发行申请；正泰新能源中标涞源第二批光伏扶贫EPC项目；英维克：拟1.1亿元在北京昌平区购买商品房；金域医学：四家股东拟合计减持不超7.7%股份；北讯集团：控股股东质押股票新增4445万股触及平仓线；粤宏远Ａ：获第一大股东广东宏远集团三度举牌持股占比19.30%；皇氏集团：股东所持5841万股将作价3亿元交付东方证券抵偿债务；晨鸣纸业：第一大股东晨鸣控股拟增持不低于1亿元A股股份；招商蛇口：前8月签约金额1033.63亿元同比增50.77%；蓝色光标大幅向下修正“蓝标转债”转股价格由9.79元下修至5.29元/股；王子新材：控股股东及其一致人拟减持不超6%股份；环能科技：拟引入国有企业为战略投资方并成为公司控股股东；龙湖集团：前8月合同销售额1316亿元同比增长14%；东方锆业：1.2亿元出售所持澄海农信社股权；同花顺：四大股东拟合计减持不超7.96%股份；方大集团：拟回购不超过1.15亿元B股；原油期货收跌0.21美元，跌幅0.31%；黄金期货收跌约0.05%，报1199.80美元/盎司；美股收盘三大股指涨跌不一，道琼斯指数收盘下跌59.50点，跌幅0.23%等。,,,,,0,0,0,2018-09-11 09:13,360安全浏览器,,,
4183727053494018,Fz87DeEX8,2231835763,皇氏集团股份有限公司,发布了头条文章：《暖冬助学：皇氏集团向广西大学捐赠100万元扶贫助优奖学金》O暖冬助学：皇氏集团向广西大学捐赠100万元扶贫助优奖学金,http://t.cn/RT4ajuQ,,,,0,0,2,2017-12-11 11:08,微博 weibo.com,,,
