﻿id,bid,user_id,用户昵称,微博正文,头条文章url,发布位置,艾特用户,话题,转发数,评论数,点赞数,发布时间,发布工具,微博图片url,微博视频url,retweet_id
4180815900918996,FxUoe3R4w,5506906732,嗨牛财经,实时播报：【地方政府专项债券扩容，财政部研究发行棚改及扶贫专项债】嗨牛财经讯，财政部正在研究扩大专项债的内容，在已经发行的地方政府交通债、土地债的基础上，研究扩大发行棚改专项债、扶贫专项债等相关债券，以应对地方政府对于融资的需求。（经济观察报）★涉及概念：扶贫开发★相关个股：天邦股份002124、牧原股份002714、天原集团002386,,,,,0,0,0,2017-12-03 10:20,专业版微博,,,
4174768250875421,Fvn3X3FJH,5506906732,嗨牛财经,实时播报：【证监会：加强对资本市场扶贫政策宣传力度】嗨牛财经讯，证监会近日召开定点扶贫工作座谈会，证监会主席助理张慎峰表示，要加强对资本市场扶贫政策宣传力度，坚持市场化原则，扩大政策扶贫效应。★涉及概念：扶贫开发★相关个股：天邦股份002124、牧原股份002714、天原集团002386,,,,,1,1,0,2017-11-16 17:49,专业版微博,,,
3999405495720221,DFHZro05D,2681597071,谈论股市,全国“十三五”易地扶贫搬迁规划已编制完成20日从发改委获悉，目前，国家发展改革委已编制完成《全国“十三五”易地扶贫搬迁规划》，按程序报批后即将印发实施。相关个股：天原集团、阳光电源、隆基股份O网页链接,,,,,0,0,1,2016-07-20 20:00,价值帮,,,
3989121669821623,DBosCFd3h,2565351095,蒋安学交易,#事件套利#昨日（6.21）微博“健康扶贫”-天原集团。事件出处：见“事件表”，目标古：3选一，参考“选股工具（四）”O网页链接,,,,事件套利,0,0,0,2016-06-22 10:56,微博 weibo.com,['http://ww2.sinaimg.cn/large/98e826b7jw1f53temha8uj20aw08oq4b.jpg'],,
3989048353584242,DBmynf2qm,2881886373,老蔡论市,【资讯】央行:研究允许符合条件的优质外企境内发行股票；港媒称深港通或7月1日宣布；大佬警告英国退欧；耶伦：预期缓慢加息；玲珑轮胎周三申购；【板块信息】今年开建2000公里以上地下管廊投资拉动巨大：韩建河山、纳川股份、龙泉股份。多部门联合发布实施健康扶贫工程意见：：隆基股份、天原集团、猛狮科技等；废塑料变成液体燃料废回收有望成为能源新贵：霞客环保、格林美、东江环保、桑德环境等。能源装备实施方案印发先进核电成最大看点：科新机电、久立特材、应流股份等；国际OLED大会召开在即产业前景广阔：万润股份、西安瑞联、康得新、普京访华将签数十亿美元高铁大单：晋亿实业、晋西车轴、博深工具；青岛将建国内首条庞巴迪无线充电实验线：特锐德、许继电气、万马股份、思源电气等。,,,,,0,0,0,2016-06-22 06:05,iPhone 6 Plus,,,
3988816669040060,DBgwGBVJq,5613721425,优品股票通,【午后行业利好】一、多部门联合发布实施健康扶贫工程指导意见。相关个股：隆基股份（601012）、天原集团（002386）、猛狮科技（002684）。二、三大运营商将发力物联网行业需求迎快速扩容。物联网概念：汉威电子（300007）、远望谷、东土科技（300353）、厦门信达（000701）等。#股票推荐#,,,,股票推荐,0,0,0,2016-06-21 14:44,微博 weibo.com,['http://ww4.sinaimg.cn/large/0067UBnXgw1f52udlo9hlj30av064mxg.jpg'],,
3988804866229973,DBgdEq8Hr,2694613271,噶珊达,多部门联合发布实施健康扶贫工程指导意见三股有望受益相关股隆基股份601012天原集团002386猛狮科技002684,,,,,0,0,0,2016-06-21 13:57,360安全浏览器,,,
3948222513336734,Dkeufe02i,5381917043,知心兰姐,四川将投入约10亿元在38个贫困县推进“土地整治扶贫”，建设规模73万余亩。这将切实提升耕地质量，改善贫困农村生产生活条件，增加贫困地区农民收入，直接受益43万人。关注相关概念：梅泰诺、天原集团、圣农发展、隆基股份（注：关注不是买入）O网页链接,,,,,0,0,1,2016-03-01 14:17,水晶球,,,
3948220624801802,Dkerck9aq,5107770364,黄疯子论市,四川将投入约10亿元在38个贫困县推进“土地整治扶贫”，建设规模73万余亩。这将切实提升耕地质量，改善贫困农村生产生活条件，增加贫困地区农民收入，直接受益43万人。相关概念：梅泰诺、天原集团、圣农发展、隆基股份,,,,,0,0,0,2016-03-01 14:10,360安全平台,,,
3948220616412340,DkerbqU8Q,5103473439,小敏论市,四川将投入约10亿元在38个贫困县推进“土地整治扶贫”，建设规模73万余亩。这将切实提升耕地质量，改善贫困农村生产生活条件，增加贫困地区农民收入，直接受益43万人。相关概念：梅泰诺、天原集团、圣农发展、隆基股份,,,,,0,0,0,2016-03-01 14:10,360安全平台,,,
3948220608023009,DkeraxF9n,3756295440,多多免单,四川将投入约10亿元在38个贫困县推进“土地整治扶贫”，建设规模73万余亩。这将切实提升耕地质量，改善贫困农村生产生活条件，增加贫困地区农民收入，直接受益43万人。相关概念：梅泰诺、天原集团、圣农发展、隆基股份,,,,,0,0,0,2016-03-01 14:10,360安全平台,,,
3945264039777208,DiZwvF1uU,3849286291,鼓掌财经,#鼓掌快讯#【发改委：加快推进贫困地区重大基础设施建设】发改委今日发文，下一步组织编制“十三五”脱贫攻坚规划和年度减贫计划；抓紧编制全国易地扶贫搬迁“十三五”规划，加快启动实施新一轮易地扶贫搬迁项目建设。阳光电源(300274)、天原集团(002386)、梅泰诺(300038）等O鼓掌财经-中国国内领先的事件驱动型交易策略互联网服务提供商,,,,鼓掌快讯,1,1,0,2016-02-22 10:21,微博桌面,,,
3943437134248981,DidZThPlX,5524448523,实盘-老周,二手消息：【天原集团002386】你的精准扶贫？不，是你的精准扶贫。扶贫概念股。股价在前期低点获得支撑后，逐渐走强。,,,,,0,0,0,2016-02-17 09:22,微博桌面,,,
3943251495277742,Di9atm8YS,1720346802,章鱼帝大大大大大期,二手消息：【天原集团002386】你的精准扶贫？不，是你的精准扶贫。扶贫概念股。股价在前期低点获得支撑后，逐渐走强。#今日看盘##牛股推荐#上证指数sh000001O章鱼帝的消息记事本（2016.02.16）,,,,"今日看盘,牛股推荐",8,8,28,2016-02-16 21:04,360安全浏览器,,,
3921172938878914,D8SNTBfOi,3324301582,南充市房牙牙房产经纪公司,扶贫开发概念股:天原集团,,,,,0,0,0,2015-12-17 22:52,小米手机4,,,
3915020146214211,D6iK2q4Bd,2119162795,月色当舞,人民日报公布的“十三五”规划的十个任务目标中，明确了推进扶贫开发（精准扶贫）首次入选五年规划。扶贫概念股：601012隆基股份、300038梅泰诺、002386天原集团、300274阳光电源等,,,,,0,0,0,2015-11-30 23:23,红米Note 2,,,
3914818190432144,D6duj1Oq4,2671637153,隆基股份-sh601012,【扶贫概念股活跃隆基股份涨4.70%】中央扶贫工作会议：加大贫困地区生态保护修复力度，早盘扶贫概念股活跃，隆基股份涨4.70%、阳光电源涨0.95%、天原集团涨0.90%。...O扶贫概念活跃隆基股份涨4.70%,,,,,0,0,0,2015-11-30 10:00,个股微博,['http://ww2.sinaimg.cn/large/9f3df2a1jw1eyirrqnpj0j20f508caao.jpg'],,
3912630869847040,D5iAmFjFe,5505835825,船长-阴阳无极,昨日高层的消息：是关于脱贫一系列决定------今日船长重点分析一下”精准扶贫“这一题材消息的受益公司-----------------------------精准扶贫概念：柳工、梅泰诺、天原集团。,,,,,0,0,2,2015-11-24 09:09,360安全浏览器,,,
3902579370921723,D156h3RMv,1927758687,--自留地--,6.61买入天原集团。买入理由。概念题材：精确扶贫概念，跌破净资产，水合肼全球产能领先，技术形态：底部区域，放量突破压力线，均线多头排列。短期目标8元。,,,,,0,0,0,2015-10-27 15:28,iPhone 6 Plus,,,
3902553681112498,D14qQ4Fpw,3753576837,投资顾问--郭磊,002386天原集团两市唯一扶贫概念股年报显示公司将积极参与扶贫帮扶公司将积极参与扶贫帮扶，切实履行社会责任。按工业反哺农业、城市支持农村和―政府主导、企业……,,,,,0,0,0,2015-10-27 13:46,360安全平台,['http://ww2.sinaimg.cn/large/dfbb0985jw1exfn7lk5kpj20c80aytbt.jpg'],,
3902553097928377,D14pTxgx3,3759695340,寒图阿豆豆,【今日关注】002386天原集团两市唯一扶贫概念股年报显示公司将积极参与扶贫帮扶公司将积极参与扶贫帮扶，切实履行社会责任。按工业反哺农业、城市支持农村和―政府主导、企业参与的扶贫方针……,,,,,0,0,0,2015-10-27 13:43,360安全平台,['http://ww4.sinaimg.cn/large/e01865ecjw1exfn56equvj20c80aygnf.jpg'],,
3902552795543797,D14ppngc5,5128317756,贵金属姚姐知天下,002386天原集团两市唯一扶贫概念股年报显示公司将积极参与扶贫帮扶公司将积极参与扶贫帮扶，切实履行社会责任。按工业反哺农业、城市支持农村和―政府主导、企业……,,,,,0,0,5,2015-10-27 13:42,360安全平台,['http://ww2.sinaimg.cn/large/005B3TIwjw1exfn3xjsaoj30c80ayjuh.jpg'],,
3902552762675308,D14pmbdY8,5128092968,低点埋伏高手,002386天原集团两市唯一扶贫概念股年报显示公司将积极参与扶贫帮扶公司将积极参与扶贫帮扶，切实履行社会责任。按工业反哺农业、城市支持农村和―政府主导、企业……,,,,,0,0,0,2015-10-27 13:42,360安全平台,['http://ww4.sinaimg.cn/large/005B2XeUjw1exfn3so4kjj30c80ayad5.jpg'],,
3902552750081244,D14pl0l8o,5128092973,股市小丸子s,002386天原集团两市唯一扶贫概念股年报显示公司将积极参与扶贫帮扶公司将积极参与扶贫帮扶，切实履行社会责任。按工业反哺农业、城市支持农村和―政府主导、企业……,,,,,0,0,0,2015-10-27 13:42,360安全平台,['http://ww4.sinaimg.cn/large/005B2XeZjw1exfn3qg12vj30c80ay77d.jpg'],,
3902552728852480,D14piB8VW,3905025540,卖包包的燕子呀,002386天原集团两市唯一扶贫概念股年报显示公司将积极参与扶贫帮扶公司将积极参与扶贫帮扶，切实履行社会责任。按工业反哺农业、城市支持农村和―政府主导、企业……,,,,,0,0,1,2015-10-27 13:42,360安全平台,['http://ww1.sinaimg.cn/large/e8c1f604jw1exfn3niov0j20c80ay0vt.jpg'],,
3902552720256575,D14pi14Kj,3737888040,股海-小枫,002386天原集团两市唯一扶贫概念股年报显示公司将积极参与扶贫帮扶公司将积极参与扶贫帮扶，切实履行社会责任。按工业反哺农业、城市支持农村和―政府主导、企业参与的扶贫方针。从公司实际和定点扶贫对象的实际出发……,,,,,0,0,0,2015-10-27 13:42,360安全平台,['http://ww4.sinaimg.cn/large/decba528jw1exfn3mkqi8j20c80aywg9.jpg'],,
3902552686678319,D14pes1kP,3768489174,李东论金,002386天原集团两市唯一扶贫概念股年报显示公司将积极参与扶贫帮扶公司将积极参与扶贫帮扶，切实履行社会责任。按工业反哺农业、城市支持农村和―政府主导、企业参与的扶贫方针。从公司实际和定点扶贫对象的实际出发……,,,,,0,0,0,2015-10-27 13:42,360安全平台,['http://ww4.sinaimg.cn/large/e09e94d6jw1exfn3hihtkj20c80ay0ui.jpg'],,
3902552649109096,D14paCdGU,3740999671,股掌a之上,002386天原集团两市唯一扶贫概念股年报显示公司将积极参与扶贫帮扶公司将积极参与扶贫帮扶，切实履行社会责任。按工业反哺农业、城市支持农村和―政府主导、企业参与的扶贫方针。从公司实际和定点扶贫对象的实际出发……,,,,,0,0,0,2015-10-27 13:42,360安全平台,['http://ww4.sinaimg.cn/large/defb1ff7jw1exfn3c1bpmj20c80ayabu.jpg'],,
3902552598980952,D14p5BGm4,3779574324,股海赵雪,002386天原集团两市唯一扶贫概念股年报显示公司将积极参与扶贫帮扶公司将积极参与扶贫帮扶，切实履行社会责任。按工业反哺农业、城市支持农村和―政府主导、企业参与的扶贫方针。从公司实际和定点扶贫对象的实际出发……,,,,,0,0,0,2015-10-27 13:41,360安全平台,['http://ww2.sinaimg.cn/large/e147ba34jw1exfn3440zpj20c80ay40a.jpg'],,
3902552561206252,D14p253NG,3137853963,个股指导-黄秀娟,002386天原集团两市唯一扶贫概念股年报显示公司将积极参与扶贫帮扶公司将积极参与扶贫帮扶，切实履行社会责任。按工业反哺农业、城市支持农村和―政府主导、企业参与的扶贫方针。从公司实际和定点扶贫对象的实际出发……,,,,,0,0,0,2015-10-27 13:41,360安全平台,['http://ww4.sinaimg.cn/large/bb07da0bjw1exfn2z20j7j20c80ay40a.jpg'],,
3902552498245873,D14oVyB7X,3184585831,个股分析-洪,【今日关注】002386天原集团两市唯一扶贫概念股年报显示公司将积极参与扶贫帮扶公司将积极参与扶贫帮扶，切实履行社会责任。按工业反哺农业、城市支持农村和―政……,,,,,0,0,0,2015-10-27 13:41,360安全平台,['http://ww1.sinaimg.cn/large/bdd0ec67jw1exfn2pbo1mj20c80ay0vw.jpg'],,
3902552485427087,D14oUmLPF,3740315452,股海-洪老师,【今日关注】002386天原集团两市唯一扶贫概念股年报显示公司将积极参与扶贫帮扶公司将积极参与扶贫帮扶，切实履行社会责任。按工业反哺农业、城市支持农村和―政……,,,,,0,0,0,2015-10-27 13:41,360安全平台,['http://ww3.sinaimg.cn/large/def0af3cjw1exfn2nag3gj20c80aywhn.jpg'],,
3902552473319347,D14oTdVvR,3763748302,洪老师的股市人生,【今日关注】002386天原集团两市唯一扶贫概念股年报显示公司将积极参与扶贫帮扶公司将积极参与扶贫帮扶，切实履行社会责任。按工业反哺农业、城市支持农村和―政……,,,,,0,0,0,2015-10-27 13:41,360安全平台,['http://ww3.sinaimg.cn/large/e0563dcejw1exfn2lh98zj20c80ay0vw.jpg'],,
3902552460724369,D14oS32rn,3768440992,趋势看盘-梁斌,【今日关注】002386天原集团两市唯一扶贫概念股年报显示公司将积极参与扶贫帮扶公司将积极参与扶贫帮扶，切实履行社会责任。按工业反哺农业、城市支持农村和―政……,,,,,0,0,0,2015-10-27 13:41,360安全平台,['http://ww3.sinaimg.cn/large/e09dd8a0jw1exfn2jbrytj20c80ayq63.jpg'],,
3902552431337952,D14oP5C3S,3137591513,股票分析师-李东,002386天原集团两市唯一扶贫概念股年报显示公司将积极参与扶贫帮扶公司将积极参与扶贫帮扶，切实履行社会责任。按工业反哺农业、城市支持农村和―政府主导、企业参与的扶贫方针。从公司实际和定点扶贫对象的实际出发……,,,,,0,0,0,2015-10-27 13:41,360安全平台,['http://ww3.sinaimg.cn/large/bb03d8d9jw1exfn2fd193j20c80aytah.jpg'],,
3902552212869483,D14otc2tZ,5574535540,高级理财师思思123,002386天原集团两市唯一扶贫概念股年报显示公司将积极参与扶贫帮扶公司将积极参与扶贫帮扶，切实履行社会责任。按工业反哺农业、城市支持农村和―政府主导、企业参与的扶贫方针。从公司实际和定点扶贫对象的实际出发……,,,,,0,0,0,2015-10-27 13:40,360安全平台,['http://ww4.sinaimg.cn/large/0065gblyjw1exfn1iz747j30c80d5aca.jpg'],,
3902552171337871,D14op5C2z,3137785173,股票分析师--黑狼,002386天原集团两市唯一扶贫概念股年报显示公司将积极参与扶贫帮扶公司将积极参与扶贫帮扶，切实履行社会责任。按工业反哺农业、城市支持农村和―政府主导、企业参与的扶贫方针。从公司实际和定点扶贫对象的实际出发……,,,,,0,0,0,2015-10-27 13:40,360安全平台,['http://ww1.sinaimg.cn/large/bb06cd55jw1exfn1cfzc1j20c80d5q56.jpg'],,
3902552024574451,D14oajc1t,3822496099,个股分析师--黑狼,002386天原集团两市唯一扶贫概念股年报显示公司将积极参与扶贫帮扶公司将积极参与扶贫帮扶，切实履行社会责任。按工业反哺农业、城市支持农村和―政府主导、企业参与的扶贫方针。从公司实际和定点扶贫对象的实际出发……,,,,,0,0,0,2015-10-27 13:39,360安全平台,['http://ww4.sinaimg.cn/large/e3d6a963jw1exfn0qf18uj20c80d5mze.jpg'],,
3902551994634580,D14o7jrFi,3759006383,大盘解析-刘慧,002386天原集团两市唯一扶贫概念股年报显示公司将积极参与扶贫帮扶公司将积极参与扶贫帮扶，切实履行社会责任。按工业反哺农业、城市支持农村和―政府主导、企业参与的扶贫方针。从公司实际和定点扶贫对象的实际出发……,,,,,0,0,0,2015-10-27 13:39,360安全平台,['http://ww1.sinaimg.cn/large/e00de2afjw1exfn0m1s51j20c80d3dhz.jpg'],,
3902551961308757,D14o45usZ,5380221782,股豫内参,002386天原集团两市唯一扶贫概念股逢低关注后市！,,,,,0,0,0,2015-10-27 13:39,360安全平台,,,
3902551957254681,D14o3urgZ,2840943480,个股精研-燕子,002386天原集团两市唯一扶贫概念股年报显示公司将积极参与扶贫帮扶公司将积极参与扶贫帮扶，切实履行社会责任。按工业反哺农业、城市支持农村和―政府主导、企业参与的扶贫方针。从公司实际和定点扶贫对象的实际出发……,,,,,0,0,0,2015-10-27 13:39,360安全平台,['http://ww4.sinaimg.cn/large/a9555b78jw1exfn0gtf8mj20c80aywg9.jpg'],,
3902551953057084,D14o3cPhO,3763748737,狮子尼希乐,002386天原集团两市唯一扶贫概念股年报显示公司将积极参与扶贫帮扶公司将积极参与扶贫帮扶，切实履行社会责任。按工业反哺农业、城市支持农村和―政府主导、企业……,,,,,0,0,0,2015-10-27 13:39,360安全平台,['http://ww4.sinaimg.cn/large/e0563f81jw1exfn0ge0b1j20c808mjsw.jpg'],,
3902551940892392,D14o23K9q,2825132702,股海搏金-燕子,002386天原集团两市唯一扶贫概念股年报显示公司将积极参与扶贫帮扶公司将积极参与扶贫帮扶，切实履行社会责任。按工业反哺农业、城市支持农村和―政府主导、企业参与的扶贫方针。从公司实际和定点扶贫对象的实际出发……,,,,,0,0,0,2015-10-27 13:39,360安全平台,['http://ww2.sinaimg.cn/large/a8641a9ejw1exfn0ectw8j20c80ay0ui.jpg'],,
3902551940071473,D14o20iAN,3759008797,首席分析师-小梅,002386天原集团两市唯一扶贫概念股年报显示公司将积极参与扶贫帮扶公司将积极参与扶贫帮扶，切实履行社会责任。按工业反哺农业、城市支持农村和―政府主导、企业……,,,,,0,0,2,2015-10-27 13:39,360安全平台,['http://ww2.sinaimg.cn/large/e00dec1djw1exfn0e3sw4j20c808mq4g.jpg'],,
3902551936269029,D14o1qiRn,3768441033,个股分析师-张老师,002386天原集团两市唯一扶贫概念股年报显示公司将积极参与扶贫帮扶公司将积极参与扶贫帮扶，切实履行社会责任。按工业反哺农业、城市支持农村和―政府主导、企业参与的扶贫方针。从公司实际和定点扶贫对象的实际出发……,,,,,0,0,0,2015-10-27 13:39,360安全平台,['http://ww4.sinaimg.cn/large/e09dd8c9jw1exfn0dtaemj20c80d3tav.jpg'],,
3902551932071632,D14o18GVq,3137591337,把握趋势--思思,002386天原集团两市唯一扶贫概念股年报显示公司将积极参与扶贫帮扶公司将积极参与扶贫帮扶，切实履行社会责任。按工业反哺农业、城市支持农村和―政府主导、企业参与的扶贫方针。从公司实际和定点扶贫对象的实际出发……,,,,,0,0,2,2015-10-27 13:39,360安全平台,['http://ww3.sinaimg.cn/large/bb03d829jw1exfn0d0d6mj20c80d50uy.jpg'],,
3902551924104420,D14o0hdKk,3759040397,分析s-小梅,002386天原集团两市唯一扶贫概念股年报显示公司将积极参与扶贫帮扶公司将积极参与扶贫帮扶，切实履行社会责任。按工业反哺农业、城市支持农村和―政府主导、企业……,,,,,0,0,0,2015-10-27 13:39,360安全平台,['http://ww2.sinaimg.cn/large/e00e678djw1exfn0bul6nj20c808mta8.jpg'],,
3902551919480375,D14nZDMhh,3137591337,把握趋势--思思,002386天原集团两市唯一扶贫概念股年报显示公司将积极参与扶贫帮扶公司将积极参与扶贫帮扶，切实履行社会责任。按工业反哺农业、城市支持农村和―政府主导、企业参与的扶贫方针。从公司实际和定点扶贫对象的实际出发……,,,,,0,0,1,2015-10-27 13:39,360安全平台,['http://ww4.sinaimg.cn/large/bb03d829jw1exfn0b4rx0j20c80d50uy.jpg'],,
3902551919340514,D14nZDbTs,5043768853,弘历68,002386天原集团两市唯一扶贫概念股逢低关注后市！,,,,,0,0,0,2015-10-27 13:39,360安全平台,,,
3902551911513292,D14nZ6lFW,3760162597,Tz小梅,002386天原集团两市唯一扶贫概念股年报显示公司将积极参与扶贫帮扶公司将积极参与扶贫帮扶，切实履行社会责任。按工业反哺农业、城市支持农村和―政府主导、企业……,,,,,0,0,1,2015-10-27 13:39,360安全平台,['http://ww4.sinaimg.cn/large/e01f8725jw1exfn09zqwjj20c808mjsw.jpg'],,
3902551906887934,D14nYsTRI,3460161304,沐白苏-有双月,002386天原集团两市唯一扶贫概念股年报显示公司将积极参与扶贫帮扶公司将积极参与扶贫帮扶，切实履行社会责任。按工业反哺农业、城市支持农村和―政府主导、企业参与的扶贫方针。从公司实际和定点扶贫对象的实际出发……,,,,,0,0,0,2015-10-27 13:39,360安全平台,['http://ww1.sinaimg.cn/large/ce3ddf18jw1exfn09gj7pj20c80aymyx.jpg'],,
3902551889702728,D14nWEI7C,3739877135,股票分析师Wazapy花,002386天原集团两市唯一扶贫概念股年报显示公司将积极参与扶贫帮扶公司将积极参与扶贫帮扶，切实履行社会责任。按工业反哺农业、城市支持农村和―政府主导、企业……,,,,,1,0,0,2015-10-27 13:38,360安全平台,['http://ww2.sinaimg.cn/large/dee9ff0fjw1exfn06p6guj20c808m0u9.jpg'],,
3902551873305396,D14nVdRSQ,3141894153,牛股分析师--张老师,002386天原集团两市唯一扶贫概念股年报显示公司将积极参与扶贫帮扶公司将积极参与扶贫帮扶，切实履行社会责任。按工业反哺农业、城市支持农村和―政府主导、企业参与的扶贫方针。从公司实际和定点扶贫对象的实际出发……,,,,,1,1,1,2015-10-27 13:38,360安全平台,['http://ww2.sinaimg.cn/large/bb458009jw1exfn0426wij20c80d3wgn.jpg'],,
3902551868716271,D14nUAzv1,5066997056,---股往金来,002386天原集团两市唯一扶贫概念股年报显示公司将积极参与扶贫帮扶公司将积极参与扶贫帮扶，切实履行社会责任。按工业反哺农业、城市支持农村和―政府主导、企业参与的扶贫方针。从公司实际和定点扶贫对象的实际出发……,,,,,0,0,0,2015-10-27 13:38,360安全平台,['http://ww4.sinaimg.cn/large/005wUBoYjw1exfn03s07aj30c80d5jtm.jpg'],,
3902551868716178,D14nUAztw,2863010500,富姐66,002386天原集团两市唯一扶贫概念股年报显示公司将积极参与扶贫帮扶公司将积极参与扶贫帮扶，切实履行社会责任。按工业反哺农业、城市支持农村和―政府主导、企业参与的扶贫方针。从公司实际和定点扶贫对象的实际出发……,,,,,0,0,0,2015-10-27 13:38,360安全平台,['http://ww4.sinaimg.cn/large/aaa612c4jw1exfn03tgcbj20c80aytah.jpg'],,
3902551864772406,D14nUk1wi,3740303175,高级分析师--牛露,002386天原集团两市唯一扶贫概念股年报显示公司将积极参与扶贫帮扶公司将积极参与扶贫帮扶，切实履行社会责任。按工业反哺农业、城市支持农村和―政府主导、企业……,,,,,0,0,0,2015-10-27 13:38,360安全平台,['http://ww1.sinaimg.cn/large/def07f47jw1exfn02yrxhj20c808mta8.jpg'],,
3902551864517490,D14nUiXcK,5044548896,弘文弘业,002386天原集团两市唯一扶贫概念股逢低关注后市！,,,,,0,0,0,2015-10-27 13:38,360安全平台,,,
3902551852181792,D14nT99Ac,2872936402,股妹33,002386天原集团两市唯一扶贫概念股年报显示公司将积极参与扶贫帮扶公司将积极参与扶贫帮扶，切实履行社会责任。按工业反哺农业、城市支持农村和―政府主导、企业参与的扶贫方针。从公司实际和定点扶贫对象的实际出发……,,,,,0,0,0,2015-10-27 13:38,360安全平台,['http://ww1.sinaimg.cn/large/ab3d87d2jw1exfn0166cjj20c80aygnd.jpg'],,
3902551844178058,D14nShwU2,3759709485,雪梨的小熊熊,002386天原集团两市唯一扶贫概念股年报显示公司将积极参与扶贫帮扶公司将积极参与扶贫帮扶，切实履行社会责任。按工业反哺农业、城市支持农村和―政府主导、企业参与的扶贫方针。从公司实际和定点扶贫对象的实际出发……,,,,,0,0,0,2015-10-27 13:38,360安全平台,['http://ww3.sinaimg.cn/large/e0189d2djw1exfmzzpex2j20c80bm761.jpg'],,
3902551835780952,D14nRofTa,2262633574,钟育总,002386天原集团两市唯一扶贫概念股年报显示公司将积极参与扶贫帮扶公司将积极参与扶贫帮扶，切实履行社会责任。按工业反哺农业、城市支持农村和―政府主导、企业参与的扶贫方针。从公司实际和定点扶贫对象的实际出发……,,,,,0,0,0,2015-10-27 13:38,360安全平台,['http://ww2.sinaimg.cn/large/86dd0c66jw1exfmzyie15j20c80ay0ui.jpg'],,
3902551831750444,D14nR7lmY,3822828311,黑马独行---思思,002386天原集团两市唯一扶贫概念股年报显示公司将积极参与扶贫帮扶公司将积极参与扶贫帮扶，切实履行社会责任。按工业反哺农业、城市支持农村和―政府主导、企业参与的扶贫方针。从公司实际和定点扶贫对象的实际出发……,,,,,0,0,0,2015-10-27 13:38,360安全平台,['http://ww4.sinaimg.cn/large/e3dbbb17jw1exfmzxmlhcj20c80d5di2.jpg'],,
3902551827551321,D14nQvGrv,3759792637,股票分析师-刘慧,002386天原集团两市唯一扶贫概念股年报显示公司将积极参与扶贫帮扶公司将积极参与扶贫帮扶，切实履行社会责任。按工业反哺农业、城市支持农村和―政府主导、企业参与的扶贫方针。从公司实际和定点扶贫对象的实际出发……,,,,,0,0,1,2015-10-27 13:38,360安全平台,['http://ww4.sinaimg.cn/large/e019e1fdjw1exfmzwzglgj20c80d3wgn.jpg'],,
3902551818985388,D14nPBHvC,3141891887,首席-杨锐,002386天原集团两市唯一扶贫概念股逢低关注后市！,,,,,0,0,0,2015-10-27 13:38,360安全平台,,,
3902551818601007,D14nPA5vV,2872145792,短线牛股跟踪,天原集团两市唯一扶贫概念股:002386天原集团两市唯一扶贫概念股年报显示公司将积极参与扶贫帮扶公司将积极参与扶贫帮扶，切实履行社会责任。按工业反哺农业、城市支持农村和―...(发自@微博桌面O微博桌面首页）,,,微博桌面,,0,0,0,2015-10-27 13:38,微博桌面,['http://ww1.sinaimg.cn/large/ab317780jw1exfmzwce16j20c80f10xe.jpg'],,
3902551810591299,D14nP2tP5,3736622112,个股指导海蓝,002386天原集团两市唯一扶贫概念股年报显示公司将积极参与扶贫帮扶公司将积极参与扶贫帮扶，切实履行社会责任。按工业反哺农业、城市支持农村和―政府主导、企业……,,,,,0,0,0,2015-10-27 13:38,360安全平台,['http://ww3.sinaimg.cn/large/deb85420jw1exfmzut4p4j20c80ayq61.jpg'],,
3902551810589421,D14nP2tkN,3137596017,执笔写青春oo,天原集团两市唯一扶贫概念股:002386天原集团两市唯一扶贫概念股年报显示公司将积极参与扶贫帮扶公司将积极参与扶贫帮扶，切实履行社会责任。按工业反哺农业、城市支持农村和―...(发自@微博桌面O微博桌面首页）,,,微博桌面,,0,0,0,2015-10-27 13:38,微博桌面,['http://ww3.sinaimg.cn/large/bb03ea71jw1exfmzughw5j20c80f1wj6.jpg'],,
3902551806392764,D14nOqP36,3764174512,华夏现货顶尖分析师-梁老师,天原集团002386两市唯一扶贫概念股年报显示公司将积极参与扶贫帮扶公司将积极参与扶贫帮扶，切实履行社会责任。按工业反哺农业、城市支持农村和―政府主导、企业参与的扶贫方针。从公司实际和定点扶贫对象的实际出发……,,,,,0,0,0,2015-10-27 13:38,360安全平台,['http://ww4.sinaimg.cn/large/e05cbeb0jw1exfmzuhu0vj20c80fdtds.jpg'],,
3902551797613438,D14nNvWBo,3738768335,黑嘴分析师,002386天原集团两市唯一扶贫概念股年报显示公司将积极参与扶贫帮扶公司将积极参与扶贫帮扶，切实履行社会责任。按工业反哺农业、城市支持农村和―政府主导、企业……,,,,,0,0,0,2015-10-27 13:38,360安全平台,['http://ww1.sinaimg.cn/large/ded913cfjw1exfmzsvkv6j20c80ayad5.jpg'],,
3902551785401882,D14nMmFh8,3184586685,绩优蓝筹股王,002386天原集团两市唯一扶贫概念股年报显示公司将积极参与扶贫帮扶公司将积极参与扶贫帮扶，切实履行社会责任。按工业反哺农业、城市支持农村和―政府主导、企业……,,,,,0,0,0,2015-10-27 13:38,360安全平台,['http://ww4.sinaimg.cn/large/bdd0efbdjw1exfmzqt15oj20c80ayjuh.jpg'],,
3902551777007420,D14nLtoWU,3738712191,小傲娇小蕾妹,002386天原集团两市唯一扶贫概念股年报显示公司将积极参与扶贫帮扶公司将积极参与扶贫帮扶，切实履行社会责任。按工业反哺农业、城市支持农村和―政府主导、企业参与的扶贫方针。从公司实际和定点扶贫对象的实际出发……,,,,,0,0,0,2015-10-27 13:38,360安全平台,['http://ww1.sinaimg.cn/large/ded8387fjw1exfmzpsvzxj20c80bmabt.jpg'],,
3902551768784824,D14nKARkI,3738704423,股道-赢者,002386天原集团两市唯一扶贫概念股年报显示公司将积极参与扶贫帮扶公司将积极参与扶贫帮扶，切实履行社会责任。按工业反哺农业、城市支持农村和―政府主导、企业参与的扶贫方针。从公司实际和定点扶贫对象的实际出发……,,,,,0,1,1,2015-10-27 13:38,360安全平台,['http://ww4.sinaimg.cn/large/ded81a27jw1exfmzoi3a4j20c80d80v0.jpg'],,
3902551764589446,D14nKjfVk,3137593227,首席分析师-梁晚晴,天原集团002386两市唯一扶贫概念股年报显示公司将积极参与扶贫帮扶公司将积极参与扶贫帮扶，切实履行社会责任。按工业反哺农业、城市支持农村和―政府主导、企业参与的扶贫方针。从公司实际和定点扶贫对象的实际出发……,,,,,0,0,0,2015-10-27 13:38,360安全平台,['http://ww3.sinaimg.cn/large/bb03df8bjw1exfmzo7ou1j20c80fdaf4.jpg'],,
3902551759841338,D14nJFibg,3138159753,牛股分析师-刘慧,002386天原集团两市唯一扶贫概念股年报显示公司将积极参与扶贫帮扶公司将积极参与扶贫帮扶，切实履行社会责任。按工业反哺农业、城市支持农村和―政府主导、企业参与的扶贫方针。从公司实际和定点扶贫对象的实际出发……,,,,,0,0,1,2015-10-27 13:38,360安全平台,['http://ww2.sinaimg.cn/large/bb0c8489jw1exfmznnhmoj20c80d30uw.jpg'],,
3902551756194472,D14nJpZsQ,5128244436,董枫撩股,002386天原集团两市唯一扶贫概念股年报显示公司将积极参与扶贫帮扶公司将积极参与扶贫帮扶，切实履行社会责任。按工业反哺农业、城市支持农村和―政府主导、企业参与的扶贫方针。...(发自@微博桌面O微博桌面首页）,,,微博桌面,,0,0,0,2015-10-27 13:38,微博桌面,['http://ww2.sinaimg.cn/large/005B3ADWjw1exfmzmkxkcj30c80dvjvp.jpg'],,
3902551751184249,D14nJ4Y4N,3768695002,股飞扬白雪,002386天原集团两市唯一扶贫概念股年报显示公司将积极参与扶贫帮扶公司将积极参与扶贫帮扶，切实履行社会责任。按工业反哺农业、城市支持农村和―政府主导、企业参与的扶贫方针。从公司实际和定点扶贫对象的实际出发……,,,,,0,0,0,2015-10-27 13:38,360安全平台,['http://ww3.sinaimg.cn/large/e0a1b8dajw1exfmzlu9isj20c80aywg9.jpg'],,
3902551735207479,D14nHlQHB,3071401840,叶子Abcd258,002386天原集团两市唯一扶贫概念股年报显示公司将积极参与扶贫帮扶公司将积极参与扶贫帮扶，切实履行社会责任。按工业反哺农业、城市支持农村和―政府主导、企业参与的扶贫方针。从公司实际和定点扶贫对象的实际出发……,,,,,0,0,0,2015-10-27 13:38,360安全平台,['http://ww3.sinaimg.cn/large/b711df70jw1exfmzj344lj20c80bm761.jpg'],,
3902551730836783,D14nH3vGv,3752501320,张莹爱股票,002386天原集团两市唯一扶贫概念股年报显示公司将积极参与扶贫帮扶公司将积极参与扶贫帮扶，切实履行社会责任。按工业反哺农业、城市支持农村和―政府主导、企业参与的扶贫方针。从公司实际和定点扶贫对象的实际出发……,,,,,0,0,1,2015-10-27 13:38,360安全平台,['http://ww1.sinaimg.cn/large/dfaaa048jw1exfmzivkhij20c80d80v0.jpg'],,
3902551726812210,D14nGsAam,3759042217,超级麻豆可,002386天原集团两市唯一扶贫概念股年报显示公司将积极参与扶贫帮扶公司将积极参与扶贫帮扶，切实履行社会责任。按工业反哺农业、城市支持农村和―政府主导、企业参与的扶贫方针。从公司实际和定点扶贫对象的实际出发……,,,,,0,0,0,2015-10-27 13:38,360安全平台,['http://ww4.sinaimg.cn/large/e00e6ea9jw1exfmzi1ri7j20c80d3wgn.jpg'],,
3902551717871010,D14nFx1BM,3137871683,财经-微博达人,002386天原集团两市唯一扶贫概念股年报显示公司将积极参与扶贫帮扶公司将积极参与扶贫帮扶，切实履行社会责任。按工业反哺农业、城市支持农村和―政府主导、企业……,,,,,0,0,0,2015-10-27 13:38,360安全平台,['http://ww2.sinaimg.cn/large/bb081f43jw1exfmzheycqj20c80ayn09.jpg'],,
3902551713672234,D14nFfpjA,3822474280,分析女神-白雪,002386天原集团两市唯一扶贫概念股年报显示公司将积极参与扶贫帮扶公司将积极参与扶贫帮扶，切实履行社会责任。按工业反哺农业、城市支持农村和―政府主导、企业参与的扶贫方针。从公司实际和定点扶贫对象的实际出发……,,,,,0,0,0,2015-10-27 13:38,360安全平台,['http://ww1.sinaimg.cn/large/e3d65428jw1exfmzgiju4j20c80abtal.jpg'],,
3902551713409572,D14nFeiZ6,3224495925,杨锐-数据,002386天原集团两市唯一扶贫概念股逢低关注后市！,,,,,0,0,0,2015-10-27 13:38,360安全平台,,,
3902551701629535,D14nE6PUP,3760226760,股海-海洋,002386天原集团两市唯一扶贫概念股年报显示公司将积极参与扶贫帮扶公司将积极参与扶贫帮扶，切实履行社会责任。按工业反哺农业、城市支持农村和―政府主导、企业……,,,,,0,0,0,2015-10-27 13:38,360安全平台,['http://ww4.sinaimg.cn/large/e02081c8jw1exfmzeozlqj20c80ay0vt.jpg'],,
3902551697257778,D14nDus4W,3142170861,大盘分析-魏铮,002386天原集团两市唯一扶贫概念股年报显示公司将积极参与扶贫帮扶公司将积极参与扶贫帮扶，切实履行社会责任。按工业反哺农业、城市支持农村和―政府主导、企业参与的扶贫方针。从公司实际和定点扶贫对象的实际出发……,,,,,0,0,0,2015-10-27 13:38,360安全平台,['http://ww2.sinaimg.cn/large/bb49b8edjw1exfmzdnn0gj20c80bmabt.jpg'],,
3902551688864518,D14nCBc46,3758520717,微头条财经-文章,002386天原集团两市唯一扶贫概念股年报显示公司将积极参与扶贫帮扶公司将积极参与扶贫帮扶，切实履行社会责任。按工业反哺农业、城市支持农村和―政府主导、企业……,,,,,0,0,0,2015-10-27 13:38,360安全平台,['http://ww3.sinaimg.cn/large/e006798djw1exfmzct5muj20c80aygop.jpg'],,
3902551688863799,D14nCBbSv,3757211510,搓揉优选大师,002386天原集团两市唯一扶贫概念股年报显示公司将积极参与扶贫帮扶公司将积极参与扶贫帮扶，切实履行社会责任。按工业反哺农业、城市支持农村和―政府主导、企业参与的扶贫方针。从公司实际和定点扶贫对象的实际出发……,,,,,0,0,0,2015-10-27 13:38,360安全平台,['http://ww1.sinaimg.cn/large/dff27f76jw1exfmzcliynj20c80d8taz.jpg'],,
3902551684665737,D14nCjzLP,3138450975,精股恋白雪,002386天原集团两市唯一扶贫概念股年报显示公司将积极参与扶贫帮扶公司将积极参与扶贫帮扶，切实履行社会责任。按工业反哺农业、城市支持农村和―政府主导、企业参与的扶贫方针。从公司实际和定点扶贫对象的实际出发……,,,,,0,0,0,2015-10-27 13:38,360安全平台,['http://ww4.sinaimg.cn/large/bb10f61fjw1exfmzc0a4sj20c80aymyx.jpg'],,
3902551680640482,D14nC2GCm,3753480167,分析师--梁晚晴,天原集团002386两市唯一扶贫概念股年报显示公司将积极参与扶贫帮扶公司将积极参与扶贫帮扶，切实履行社会责任。按工业反哺农业、城市支持农村和―政府主导、企业参与的扶贫方针。从公司实际和定点扶贫对象的实际出发……,,,,,0,0,0,2015-10-27 13:38,360安全平台,['http://ww3.sinaimg.cn/large/dfb98fe7jw1exfmzbati2j20c80fd79c.jpg'],,
3902551672245275,D14nB9q67,5128317250,财女-小雪,002386天原集团两市唯一扶贫概念股年报显示公司将积极参与扶贫帮扶公司将积极参与扶贫帮扶，切实履行社会责任。按工业反哺农业、城市支持农村和―政府主导、企业参与的扶贫方针。从公司实际和定点扶贫对象的实际出发……,,,,,0,0,0,2015-10-27 13:38,360安全平台,['http://ww2.sinaimg.cn/large/005B3TAmjw1exfmz9wu75j30c80dk76s.jpg'],,
3902551659370456,D14nzDjGo,5128092963,价值投资-翻倍牛股,002386天原集团两市唯一扶贫概念股年报显示公司将积极参与扶贫帮扶公司将积极参与扶贫帮扶，切实履行社会责任。按工业反哺农业、城市支持农村和―政府主导、企业参与的扶贫方针。从公司实际和定点扶贫对象的实际出发……,,,,,0,0,0,2015-10-27 13:38,360安全平台,['http://ww3.sinaimg.cn/large/005B2XePjw1exfmz8dqm0j30c80ayq4p.jpg'],,
3902551655286222,D14nzmbbE,5066990345,股票贵金属投资指导,002386天原集团两市唯一扶贫概念股年报显示公司将积极参与扶贫帮扶公司将积极参与扶贫帮扶，切实履行社会责任。按工业反哺农业、城市支持农村和―政府主导、企业参与的扶贫方针。从公司实际和定点扶贫对象的实际出发……,,,,,0,0,0,2015-10-27 13:38,360安全平台,['http://ww2.sinaimg.cn/large/005wUzEJjw1exfmz814fuj30c80bmabt.jpg'],,
3902551646888688,D14nysU3S,3814196761,大盘分析-张莹,002386天原集团两市唯一扶贫概念股年报显示公司将积极参与扶贫帮扶公司将积极参与扶贫帮扶，切实履行社会责任。按工业反哺农业、城市支持农村和―政府主导、企业参与的扶贫方针。从公司实际和定点扶贫对象的实际出发……,,,,,0,0,0,2015-10-27 13:38,360安全平台,['http://ww4.sinaimg.cn/large/e3580619jw1exfmz6b6c8j20c80d8taz.jpg'],,
3902551613746677,D14nvfIGh,3739865290,股票分析--张莹,002386天原集团两市唯一扶贫概念股年报显示公司将积极参与扶贫帮扶公司将积极参与扶贫帮扶，切实履行社会责任。按工业反哺农业、城市支持农村和―政府主导、企业参与的扶贫方针。从公司实际和定点扶贫对象的实际出发……,,,,,0,0,1,2015-10-27 13:37,360安全平台,['http://ww3.sinaimg.cn/large/dee9d0cajw1exfmz17a8tj20c80d8taz.jpg'],,
3902551604917192,D14nukDby,3184594835,股云子,002386天原集团两市唯一扶贫概念股年报显示公司将积极参与扶贫帮扶公司将积极参与扶贫帮扶，切实履行社会责任。按工业反哺农业、城市支持农村和―政府主导、企业……,,,,,0,0,1,2015-10-27 13:37,360安全平台,['http://ww2.sinaimg.cn/large/bdd10f93jw1exfmz089baj20c80ay77d.jpg'],,
3902551604542722,D14nuj3LI,3752500637,首席分析师玲,002386天原集团两市唯一扶贫概念股年报显示公司将积极参与扶贫帮扶公司将积极参与扶贫帮扶，切实履行社会责任。按工业反哺农业、城市支持农村和―政府主导、企业……,,,,,0,0,0,2015-10-27 13:37,360安全平台,['http://ww3.sinaimg.cn/large/dfaa9d9djw1exfmz08r8vj20c808mjsw.jpg'],,
3902551592763247,D14ntbAQv,3739860305,游资人的生活,002386天原集团两市唯一扶贫概念股年报显示公司将积极参与扶贫帮扶公司将积极参与扶贫帮扶，切实履行社会责任。按工业反哺农业、城市支持农村和―政府主导、企业……,,,,,0,0,0,2015-10-27 13:37,360安全平台,['http://ww3.sinaimg.cn/large/dee9bd51jw1exfmyyf4bij20c808mmyp.jpg'],,
3902551588566013,D14nszWpv,2627274187,股票分析--杨老师,002386天原集团两市唯一扶贫概念股年报显示公司将积极参与扶贫帮扶公司将积极参与扶贫帮扶，切实履行社会责任。按工业反哺农业、城市支持农村和―政府主导、企业……,,,,,0,0,0,2015-10-27 13:37,360安全平台,['http://ww2.sinaimg.cn/large/9c9905cbjw1exfmyxuuhtj20c80aygop.jpg'],,
3902551588566607,D14nszWz5,3759697517,涨停密码--雪,002386天原集团两市唯一扶贫概念股年报显示公司将积极参与扶贫帮扶公司将积极参与扶贫帮扶，切实履行社会责任。按工业反哺农业、城市支持农村和―政府主导、企业参与的扶贫方针。从公司实际和定点扶贫对象的实际出发……,,,,,0,0,0,2015-10-27 13:37,360安全平台,['http://ww2.sinaimg.cn/large/e0186e6djw1exfmyy74sdj20c80dkaci.jpg'],,
3902551579731907,D14nrEPIf,3740067212,股票指导--杨老师,002386天原集团两市唯一扶贫概念股年报显示公司将积极参与扶贫帮扶公司将积极参与扶贫帮扶，切实履行社会责任。按工业反哺农业、城市支持农村和―政府主导、企业……,,,,,0,0,0,2015-10-27 13:37,360安全平台,['http://ww3.sinaimg.cn/large/deece58cjw1exfmyw3quyj20c80ayad5.jpg'],,
3902551579358934,D14nrDgGy,3740304085,暗夜--陈,002386天原集团两市唯一扶贫概念股年报显示公司将积极参与扶贫帮扶公司将积极参与扶贫帮扶，切实履行社会责任。按工业反哺农业、城市支持农村和―政府主导、企业……,,,,,0,0,0,2015-10-27 13:37,360安全平台,['http://ww1.sinaimg.cn/large/def082d5jw1exfmywlkraj20c808m75t.jpg'],,
3902551579358340,D14nrDgwY,3739862163,股票分析师-张莹,002386天原集团两市唯一扶贫概念股年报显示公司将积极参与扶贫帮扶公司将积极参与扶贫帮扶，切实履行社会责任。按工业反哺农业、城市支持农村和―政府主导、企业参与的扶贫方针。从公司实际和定点扶贫对象的实际出发……,,,,,0,0,1,2015-10-27 13:37,360安全平台,['http://ww3.sinaimg.cn/large/dee9c493jw1exfmyw65c6j20c80d80v0.jpg'],,
3902551575536445,D14nrnehv,3768462297,谈股论金白雪,002386天原集团两市唯一扶贫概念股年报显示公司将积极参与扶贫帮扶公司将积极参与扶贫帮扶，切实履行社会责任。按工业反哺农业、城市支持农村和―政府主导、企业参与的扶贫方针。从公司实际和定点扶贫对象的实际出发……,,,,,0,0,0,2015-10-27 13:37,360安全平台,['http://ww2.sinaimg.cn/large/e09e2bd9jw1exfmyvylpjj20c80abgnh.jpg'],,
3902551575535422,D14nrne10,3819280323,欧阳-论股,002386天原集团两市唯一扶贫概念股年报显示公司将积极参与扶贫帮扶公司将积极参与扶贫帮扶，切实履行社会责任。按工业反哺农业、城市支持农村和―政府主导、企业……,,,,,0,0,0,2015-10-27 13:37,360安全平台,['http://ww4.sinaimg.cn/large/e3a597c3jw1exfmyvvu82j20c80ay41l.jpg'],,
3902551571775444,D14nr7rSc,3819282421,股票指导-陈,002386天原集团两市唯一扶贫概念股年报显示公司将积极参与扶贫帮扶公司将积极参与扶贫帮扶，切实履行社会责任。按工业反哺农业、城市支持农村和―政府主导、企业……,,,,,0,0,0,2015-10-27 13:37,360安全平台,['http://ww2.sinaimg.cn/large/e3a59ff5jw1exfmyuxb1nj20c80ay77d.jpg'],,
3902551566766649,D14nqsojv,3759011070,金牌分析师-杨老师,002386天原集团两市唯一扶贫概念股年报显示公司将积极参与扶贫帮扶公司将积极参与扶贫帮扶，切实履行社会责任。按工业反哺农业、城市支持农村和―政府主导、企业……,,,,,0,0,0,2015-10-27 13:37,360安全平台,['http://ww2.sinaimg.cn/large/e00df4fejw1exfmyubiyfj20c80aydix.jpg'],,
3902551563382671,D14nqebZd,3137597747,股票现货白银分析师-陈晓,002386天原集团两市唯一扶贫概念股年报显示公司将积极参与扶贫帮扶公司将积极参与扶贫帮扶，切实履行社会责任。按工业反哺农业、城市支持农村和―政府主导、企业……,,,,,0,0,0,2015-10-27 13:37,360安全平台,['http://ww2.sinaimg.cn/large/bb03f133jw1exfmyu0im4j20c808m75u.jpg'],,
3902551563382201,D14nqebRD,3764178147,华夏首席分析师梁婉晴,天原集团002386两市唯一扶贫概念股年报显示公司将积极参与扶贫帮扶公司将积极参与扶贫帮扶，切实履行社会责任。按工业反哺农业、城市支持农村和―政府主导、企业参与的扶贫方针。从公司实际和定点扶贫对象的实际出发……,,,,,0,0,0,2015-10-27 13:37,360安全平台,['http://ww4.sinaimg.cn/large/e05ccce3jw1exfmytr7bmj20c80fdgqo.jpg'],,
3902551562840219,D14nqbURZ,3760192092,擒牛捉妖-枫,002386天原集团两市唯一扶贫概念股年报显示公司将积极参与扶贫帮扶公司将积极参与扶贫帮扶，切实履行社会责任。按工业反哺农业、城市支持农村和―政府主导、企业……,,,,,0,0,0,2015-10-27 13:37,360安全平台,['http://ww4.sinaimg.cn/large/e01ffa5cjw1exfmyuemaqj20c80ayq61.jpg'],,
3902551558747614,D14npAHEy,3142176071,港汇股票现货分析师,002386天原集团两市唯一扶贫概念股年报显示公司将积极参与扶贫帮扶公司将积极参与扶贫帮扶，切实履行社会责任。按工业反哺农业、城市支持农村和―政府主导、企业……,,,,,0,0,0,2015-10-27 13:37,360安全平台,['http://ww2.sinaimg.cn/large/bb49cd47jw1exfmytgcuoj20c80ayn09.jpg'],,
3902551554445847,D14npiEzd,3755021613,投资顾问-小雪,002386天原集团两市唯一扶贫概念股年报显示公司将积极参与扶贫帮扶公司将积极参与扶贫帮扶，切实履行社会责任。按工业反哺农业、城市支持农村和―政府主导、企业……,,,,,0,0,0,2015-10-27 13:37,360安全平台,['http://ww2.sinaimg.cn/large/dfd1152djw1exfmysxfe9j20c80ay0vt.jpg'],,
3902551550792752,D14np3kek,3829350769,涨停分析-小雪,002386天原集团两市唯一扶贫概念股年报显示公司将积极参与扶贫帮扶公司将积极参与扶贫帮扶，切实履行社会责任。按工业反哺农业、城市支持农村和―政府主导、企业参与的扶贫方针。从公司实际和定点扶贫对象的实际出发……,,,,,0,0,0,2015-10-27 13:37,360安全平台,['http://ww4.sinaimg.cn/large/e43f4171jw1exfmysg5fsj20c80dkack.jpg'],,
3902551541585951,D14no6EzR,3764175427,斗牛士-枫,002386天原集团两市唯一扶贫概念股年报显示公司将积极参与扶贫帮扶公司将积极参与扶贫帮扶，切实履行社会责任。按工业反哺农业、城市支持农村和―政府主导、企业……,,,,,0,0,0,2015-10-27 13:37,360安全平台,['http://ww3.sinaimg.cn/large/e05cc243jw1exfmyr8js6j20c80aygop.jpg'],,
3902551541585385,D14no6EqJ,3819874717,热点追击888,002386天原集团两市唯一扶贫概念股年报显示公司将积极参与扶贫帮扶公司将积极参与扶贫帮扶，切实履行社会责任。按工业反哺农业、城市支持农村和―政府主导、企业……,,,,,0,0,0,2015-10-27 13:37,360安全平台,['http://ww3.sinaimg.cn/large/e3aea99djw1exfmyr1wlcj20c80ay0vt.jpg'],,
3902551538201831,D14nnypFB,3768446131,股票短线王-陈,002386天原集团两市唯一扶贫概念股年报显示公司将积极参与扶贫帮扶公司将积极参与扶贫帮扶，切实履行社会责任。按工业反哺农业、城市支持农村和―政府主导、企业……,,,,,0,0,0,2015-10-27 13:37,360安全平台,['http://ww2.sinaimg.cn/large/e09decb3jw1exfmyqlryej20c80ayad5.jpg'],,
3902551538200982,D14nnyprU,3030281824,红楼股梦--白雪,002386天原集团两市唯一扶贫概念股年报显示公司将积极参与扶贫帮扶公司将积极参与扶贫帮扶，切实履行社会责任。按工业反哺农业、城市支持农村和―政府主导、企业参与的扶贫方针。从公司实际和定点扶贫对象的实际出发……,,,,,0,0,2,2015-10-27 13:37,360安全平台,['http://ww4.sinaimg.cn/large/b49e6e60jw1exfmyqd84gj20c80abmz1.jpg'],,
3902551533564565,D14nneXiZ,3755021613,投资顾问-小雪,002386天原集团两市唯一扶贫概念股年报显示公司将积极参与扶贫帮扶公司将积极参与扶贫帮扶，切实履行社会责任。按工业反哺农业、城市支持农村和―政府主导、企业……,,,,,0,0,0,2015-10-27 13:37,360安全平台,['http://ww2.sinaimg.cn/large/dfd1152djw1exfmypoyi6j20c80ay0vt.jpg'],,
3902551525066809,D14nmlg6J,3769458762,股海求生-远航,002386天原集团两市唯一扶贫概念股年报显示公司将积极参与扶贫帮扶公司将积极参与扶贫帮扶，切实履行社会责任。按工业反哺农业、城市支持农村和―政府主导、企业参与的扶贫方针。从公司实际和定点扶贫对象的实际出发……,,,,,0,0,0,2015-10-27 13:37,360安全平台,['http://ww3.sinaimg.cn/large/e0ad604ajw1exfmyoia5wj20c80ay406.jpg'],,
3902551524794535,D14nmk7hd,5066981841,森洋投资-董,002386天原集团两市唯一扶贫概念股年报显示公司将积极参与扶贫帮扶公司将积极参与扶贫帮扶，切实履行社会责任。按工业反哺农业、城市支持农村和―政府主导、企业……,,,,,0,0,0,2015-10-27 13:37,360安全平台,['http://ww4.sinaimg.cn/large/005wUxrzjw1exfmyo583aj30c80aygop.jpg'],,
3902551520973453,D14nm45eR,3753544567,股票投资分析师-陈升,002386天原集团两市唯一扶贫概念股年报显示公司将积极参与扶贫帮扶公司将积极参与扶贫帮扶，切实履行社会责任。按工业反哺农业、城市支持农村和―政府主导、企业……,,,,,0,0,0,2015-10-27 13:37,360安全平台,['http://ww3.sinaimg.cn/large/dfba8b77jw1exfmyo1btbj20c80ayn09.jpg'],,
3902551520971217,D14nm44EN,3822792709,欧阳解盘,002386天原集团两市唯一扶贫概念股年报显示公司将积极参与扶贫帮扶公司将积极参与扶贫帮扶，切实履行社会责任。按工业反哺农业、城市支持农村和―政府主导、企业……,,,,,0,0,0,2015-10-27 13:37,360安全平台,['http://ww4.sinaimg.cn/large/e3db3005jw1exfmynioulj20c80ay0vt.jpg'],,
3902551516399221,D14nlqQJf,3738714433,--董枫--,002386天原集团两市唯一扶贫概念股年报显示公司将积极参与扶贫帮扶公司将积极参与扶贫帮扶，切实履行社会责任。按工业反哺农业、城市支持农村和―政府主导、企业……,,,,,0,0,0,2015-10-27 13:37,360安全平台,['http://ww2.sinaimg.cn/large/ded84141jw1exfmymsz6sj20c80aywhk.jpg'],,
3902551517213838,D14nlugEe,3767560405,趋势技术分析-小雪,002386天原集团两市唯一扶贫概念股年报显示公司将积极参与扶贫帮扶公司将积极参与扶贫帮扶，切实履行社会责任。按工业反哺农业、城市支持农村和―政府主导、企业参与的扶贫方针。从公司实际和定点扶贫对象的实际出发……,,,,,0,0,0,2015-10-27 13:37,360安全平台,['http://ww2.sinaimg.cn/large/e09068d5jw1exfmyn0s5tj20c80dkdia.jpg'],,
3902551504081269,D14nkh7IV,3197845890,三十而立论股,002386天原集团两市唯一扶贫概念股年报显示公司将积极参与扶贫帮扶公司将积极参与扶贫帮扶，切实履行社会责任。按工业反哺农业、城市支持农村和―政府主导、企业……,,,,,0,0,0,2015-10-27 13:37,360安全平台,['http://ww1.sinaimg.cn/large/be9b4182jw1exfmylj9cdj20c808m75t.jpg'],,
3902551503807394,D14nkfYtA,3184594401,实盘-弘文,002386天原集团两市唯一扶贫概念股年报显示公司将积极参与扶贫帮扶公司将积极参与扶贫帮扶，切实履行社会责任。按工业反哺农业、城市支持农村和―政府主导、企业……,,,,,0,0,0,2015-10-27 13:37,360安全平台,['http://ww2.sinaimg.cn/large/bdd10de1jw1exfmyl0h0jj20c80aygop.jpg'],,
3902551500426929,D14nk1N3X,5128091761,小雪解析,002386天原集团两市唯一扶贫概念股年报显示公司将积极参与扶贫帮扶公司将积极参与扶贫帮扶，切实履行社会责任。按工业反哺农业、城市支持农村和―政府主导、企业……,,,,,0,1,0,2015-10-27 13:37,360安全平台,['http://ww2.sinaimg.cn/large/005B2WVrjw1exfmykuv5fj30c80ay41l.jpg'],,
3902551491851260,D14nj7LB2,3764158624,短线操盘--远航,002386天原集团两市唯一扶贫概念股年报显示公司将积极参与扶贫帮扶公司将积极参与扶贫帮扶，切实履行社会责任。按工业反哺农业、城市支持农村和―政府主导、企业参与的扶贫方针。从公司实际和定点扶贫对象的实际出发……,,,,,0,0,1,2015-10-27 13:37,360安全平台,['http://ww2.sinaimg.cn/large/e05c80a0jw1exfmyjh1yoj20c80aymyu.jpg'],,
3902551491489028,D14nj6fmA,3197792890,国泰君安顾问,002386天原集团两市唯一扶贫概念股年报显示公司将积极参与扶贫帮扶公司将积极参与扶贫帮扶，切实履行社会责任。按工业反哺农业、城市支持农村和―政府主导、企业……,,,,,0,0,0,2015-10-27 13:37,360安全平台,['http://ww1.sinaimg.cn/large/be9a727ajw1exfmyjiy3xj20c808m75t.jpg'],,
3902551491487790,D14nj6f2C,5128316554,高级投资顾问-小雪,002386天原集团两市唯一扶贫概念股年报显示公司将积极参与扶贫帮扶公司将积极参与扶贫帮扶，切实履行社会责任。按工业反哺农业、城市支持农村和―政府主导、企业……,,,,,0,0,0,2015-10-27 13:37,360安全平台,['http://ww4.sinaimg.cn/large/005B3Tp8jw1exfmyj0z9wj30c80ayjuh.jpg'],,
3902551479258337,D14nhCQw1,3211448000,国泰君安-弘文,002386天原集团两市唯一扶贫概念股年报显示公司将积极参与扶贫帮扶公司将积极参与扶贫帮扶，切实履行社会责任。按工业反哺农业、城市支持农村和―政府主导、企业……,,,,,0,0,0,2015-10-27 13:37,360安全平台,['http://ww3.sinaimg.cn/large/bf6acec0jw1exfmyhh112j20c808m401.jpg'],,
3902551470501876,D14nh26yM,5066600953,长江证券-xiaocheng,002386天原集团两市唯一扶贫概念股年报显示公司将积极参与扶贫帮扶公司将积极参与扶贫帮扶，切实履行社会责任。按工业反哺农业、城市支持农村和―政府主导、企业……,,,,,0,0,0,2015-10-27 13:37,360安全平台,['http://ww2.sinaimg.cn/large/005wSWmdjw1exfmyfovkbj30c80ay0vt.jpg'],,
3902551466664455,D14ngrXJd,5128317777,高级分析实盘喊单-弘文,002386天原集团两市唯一扶贫概念股年报显示公司将积极参与扶贫帮扶公司将积极参与扶贫帮扶，切实履行社会责任。按工业反哺农业、城市支持农村和―政府主导、企业……,,,,,0,0,0,2015-10-27 13:37,360安全平台,['http://ww2.sinaimg.cn/large/005B3TIRjw1exfmyfchrvj30c808m0ua.jpg'],,
3902551466664649,D14ngrXMl,2885419394,股票分析师-月儿,002386天原集团两市唯一扶贫概念股年报显示公司将积极参与扶贫帮扶公司将积极参与扶贫帮扶，切实履行社会责任。按工业反哺农业、城市支持农村和―政府主导、企业……,,,,,0,0,0,2015-10-27 13:37,360安全平台,['http://ww1.sinaimg.cn/large/abfc0182jw1exfmyf5rdgj20c808mmyp.jpg'],,
3902551462468164,D14ngam56,5128471493,董枫看盘,002386天原集团两市唯一扶贫概念股年报显示公司将积极参与扶贫帮扶公司将积极参与扶贫帮扶，切实履行社会责任。按工业反哺农业、城市支持农村和―政府主导、企业参与的扶贫方针。从公司实际和定点扶贫对象的实际出发……,,,,,0,0,0,2015-10-27 13:37,360安全平台,['http://ww4.sinaimg.cn/large/005B4xI9jw1exfmyeuczij30c80c20v0.jpg'],,
3902551454255202,D14nfhQYi,3760164132,阳光的袅袅依,002386天原集团两市唯一扶贫概念股年报显示公司将积极参与扶贫帮扶公司将积极参与扶贫帮扶，切实履行社会责任。按工业反哺农业、城市支持农村和―政府主导、企业……,,,,,0,0,0,2015-10-27 13:37,360安全平台,['http://ww4.sinaimg.cn/large/e01f8d24jw1exfmydnel1j20c808mmyp.jpg'],,
3902551445861345,D14neoANP,3198364024,H-弘文,002386天原集团两市唯一扶贫概念股年报显示公司将积极参与扶贫帮扶公司将积极参与扶贫帮扶，切实履行社会责任。按工业反哺农业、城市支持农村和―政府主导、企业……,,,,,1,0,4,2015-10-27 13:37,360安全平台,['http://ww2.sinaimg.cn/large/bea32978jw1exfmyctbbmj20c808mwg0.jpg'],,
3902551445677680,D14nenP1u,3819891873,投资顾问-欧阳,002386天原集团两市唯一扶贫概念股年报显示公司将积极参与扶贫帮扶公司将积极参与扶贫帮扶，切实履行社会责任。按工业反哺农业、城市支持农村和―政府主导、企业……,,,,,0,0,1,2015-10-27 13:37,360安全平台,['http://ww4.sinaimg.cn/large/e3aeeca1jw1exfmyc8w4fj20c80aydix.jpg'],,
3902551441480944,D14ne6dgc,3142275381,涨停-搏击,002386天原集团两市唯一扶贫概念股年报显示公司将积极参与扶贫帮扶公司将积极参与扶贫帮扶，切实履行社会责任。按工业反哺农业、城市支持农村和―政府主导、企业参与的扶贫方针。从公司实际和定点扶贫对象的实际出发……,,,,,0,0,0,2015-10-27 13:37,360安全平台,['http://ww1.sinaimg.cn/large/bb4b5135jw1exfmybwypzj20c80ay406.jpg'],,
3902551441479993,D14ne6d0R,3768626562,投资心理-小雪,002386天原集团两市唯一扶贫概念股年报显示公司将积极参与扶贫帮扶公司将积极参与扶贫帮扶，切实履行社会责任。按工业反哺农业、城市支持农村和―政府主导、企业参与的扶贫方针。从公司实际和定点扶贫对象的实际出发……,,,,,0,0,0,2015-10-27 13:37,360安全平台,['http://ww2.sinaimg.cn/large/e0a0ad82jw1exfmybll15j20c80aywg9.jpg'],,
3902551440848390,D14ne3yHI,5067328538,股市分析师-玉儿,002386天原集团两市唯一扶贫概念股年报显示公司将积极参与扶贫帮扶公司将积极参与扶贫帮扶，切实履行社会责任。按工业反哺农业、城市支持农村和―政府主导、企业……,,,,,0,0,0,2015-10-27 13:37,360安全平台,['http://ww1.sinaimg.cn/large/005wVZDsjw1exfmybvmhxj30c808mmyp.jpg'],,
3902551436650041,D14ndrTYJ,2397395511,涨停咨询文宇,002386天原集团两市唯一扶贫概念股年报显示公司将积极参与扶贫帮扶公司将积极参与扶贫帮扶，切实履行社会责任，逢低关注后市！,,,,,0,0,0,2015-10-27 13:37,FaWave,['http://ww4.sinaimg.cn/large/8ee55a37jw1exfmyb5mskj20c806u0u0.jpg'],,
3902551436926993,D14ndt41H,3119599747,大盘预测文宇,002386天原集团两市唯一扶贫概念股年报显示公司将积极参与扶贫帮扶公司将积极参与扶贫帮扶，切实履行社会责任，逢低关注后市！,,,,,0,0,1,2015-10-27 13:37,FaWave,['http://ww2.sinaimg.cn/large/b9f15083jw1exfmybawfrj20c806uq47.jpg'],,
3902551436927033,D14ndt42l,2838003015,黑马文宇,002386天原集团两市唯一扶贫概念股年报显示公司将积极参与扶贫帮扶公司将积极参与扶贫帮扶，切实履行社会责任，逢低关注后市！,,,,,0,0,0,2015-10-27 13:37,FaWave,['http://ww2.sinaimg.cn/large/a9287d47jw1exfmyb0oykj20c806ujsn.jpg'],,
3902551436927095,D14ndt43l,5128316567,文宇看盘,002386天原集团两市唯一扶贫概念股年报显示公司将积极参与扶贫帮扶公司将积极参与扶贫帮扶，切实履行社会责任，逢低关注后市！,,,,,0,0,0,2015-10-27 13:37,FaWave,['http://ww4.sinaimg.cn/large/005B3Tpljw1exfmybc3a5j30c806uq47.jpg'],,
3902551436927238,D14ndt45E,2826342162,首席分析师-文宇,002386天原集团两市唯一扶贫概念股年报显示公司将积极参与扶贫帮扶公司将积极参与扶贫帮扶，切实履行社会责任，逢低关注后市！,,,,,0,0,0,2015-10-27 13:37,FaWave,['http://ww4.sinaimg.cn/large/a8768f12jw1exfmyb4vk5j20c806udh4.jpg'],,
3902551428534244,D14nczO96,5128093465,高端理财师-蓝天,002386天原集团两市唯一扶贫概念股年报显示公司将积极参与扶贫帮扶公司将积极参与扶贫帮扶，切实履行社会责任。按工业反哺农业、城市支持农村和―政府主导、企业……,,,,,0,0,1,2015-10-27 13:37,360安全平台,['http://ww1.sinaimg.cn/large/005B2XmVjw1exfmya2eqnj30c80aygop.jpg'],,
3902551424872958,D14nckrG6,3138246973,股票分析师-小梦,002386天原集团两市唯一扶贫概念股年报显示公司将积极参与扶贫帮扶公司将积极参与扶贫帮扶，切实履行社会责任。按工业反哺农业、城市支持农村和―政府主导、企业……,,,,,0,0,0,2015-10-27 13:37,360安全平台,['http://ww4.sinaimg.cn/large/bb0dd93djw1exfmy95bf3j20c808mmyp.jpg'],,
3902551420491831,D14nc23WL,2964231721,股海拾贝-168,002386天原集团两市唯一扶贫概念股年报显示公司将积极参与扶贫帮扶公司将积极参与扶贫帮扶，切实履行社会责任。按工业反哺农业、城市支持农村和―政府主导、企业……,,,,,0,0,0,2015-10-27 13:37,360安全平台,['http://ww1.sinaimg.cn/large/b0ae9629jw1exfmy8bhikj20c80aygop.jpg'],,
3902551412098489,D14nb8NUB,3760178697,浔沅允允,002386天原集团两市唯一扶贫概念股年报显示公司将积极参与扶贫帮扶公司将积极参与扶贫帮扶，切实履行社会责任。按工业反哺农业、城市支持农村和―政府主导、企业……,,,,,0,0,0,2015-10-27 13:37,360安全平台,['http://ww2.sinaimg.cn/large/e01fc609jw1exfmy7q3akj20c808mabl.jpg'],,
3902551408084342,D14naxV6C,5128317744,大盘预测_蓝天,002386天原集团两市唯一扶贫概念股年报显示公司将积极参与扶贫帮扶公司将积极参与扶贫帮扶，切实履行社会责任。按工业反哺农业、城市支持农村和―政府主导、企业……,,,,,0,0,0,2015-10-27 13:37,360安全平台,['http://ww2.sinaimg.cn/large/005B3TIkjw1exfmy6xgxzj30c80aydix.jpg'],,
3902551399505176,D14n9DSJi,5128470163,黄小背_,002386天原集团两市唯一扶贫概念股年报显示公司将积极参与扶贫帮扶公司将积极参与扶贫帮扶，切实履行社会责任。按工业反哺农业、城市支持农村和―政府主导、企业……,,,,,0,0,0,2015-10-27 13:37,360安全平台,['http://ww3.sinaimg.cn/large/005B4xmHjw1exfmy5tqu4j30c80aygop.jpg'],,
3902551399504471,D14n9DSxV,3185677633,十二月的夕颜,002386天原集团两市唯一扶贫概念股年报显示公司将积极参与扶贫帮扶公司将积极参与扶贫帮扶，切实履行社会责任。按工业反哺农业、城市支持农村和―政府主导、企业……,,,,,0,0,0,2015-10-27 13:37,360安全平台,['http://ww3.sinaimg.cn/large/bde19541jw1exfmy5pw8wj20c808m0u9.jpg'],,
3902551391109679,D14n94EG3,2852371101,牛股跳跃,002386天原集团两市唯一扶贫概念股年报显示公司将积极参与扶贫帮扶公司将积极参与扶贫帮扶，切实履行社会责任。按工业反哺农业、城市支持农村和―政府主导、企业……,,,,,0,0,0,2015-10-27 13:37,360安全平台,['http://ww2.sinaimg.cn/large/aa03ba9djw1exfmy4mv9oj20c808m75t.jpg'],,
3902551391109705,D14n94EGt,5128471080,牛股涨停-蓝天,002386天原集团两市唯一扶贫概念股年报显示公司将积极参与扶贫帮扶公司将积极参与扶贫帮扶，切实履行社会责任。按工业反哺农业、城市支持农村和―政府主导、企业……,,,,,0,0,0,2015-10-27 13:37,360安全平台,['http://ww3.sinaimg.cn/large/005B4xBujw1exfmy4kla4j30c80ayad5.jpg'],,
3902551391295062,D14n95qU6,3739192440,航家军猎庄营,002386天原集团两市唯一扶贫概念股年报显示公司将积极参与扶贫帮扶公司将积极参与扶贫帮扶，切实履行社会责任。按工业反哺农业、城市支持农村和―政府主导、企业参与的扶贫方针。从公司实际和定点扶贫对象的实际出发……,,,,,0,0,0,2015-10-27 13:37,360安全平台,['http://ww2.sinaimg.cn/large/dedf8c78jw1exfmy4lbr3j20c80aymyu.jpg'],,
3902551361726023,D14n67f15,3752984870,股票指导-远航,002386天原集团两市唯一扶贫概念股年报显示公司将积极参与扶贫帮扶公司将积极参与扶贫帮扶，切实履行社会责任。按工业反哺农业、城市支持农村和―政府主导、企业参与的扶贫方针。从公司实际和定点扶贫对象的实际出发……,,,,,0,0,0,2015-10-27 13:36,360安全平台,['http://ww3.sinaimg.cn/large/dfb20126jw1exfmxzqz5rj20c80aydhi.jpg'],,
3902548991931469,D14jh86sJ,5128093494,投资顾问-张阳,002386天原集团两市唯一扶贫概念股年报显示公司将积极参与扶贫帮扶公司将积极参与扶贫帮扶，切实履行社会责任。按工业反哺农业、城市支持农村和―政府主导、企业……,,,,,0,0,0,2015-10-27 13:27,360安全平台,['http://ww3.sinaimg.cn/large/005B2Xnojw1exfmo7ok02j30c80ayq61.jpg'],,
3902548983008059,D14jgcCx5,5128317272,张阳点金,002386天原集团两市唯一扶贫概念股年报显示公司将积极参与扶贫帮扶公司将积极参与扶贫帮扶，切实履行社会责任。按工业反哺农业、城市支持农村和―政府主导、企业……,,,,,0,0,0,2015-10-27 13:27,360安全平台,['http://ww3.sinaimg.cn/large/005B3TAIjw1exfmo5sn3wj30c80aygop.jpg'],,
3902548970943633,D14jf3XtT,5128245087,张阳看市,002386天原集团两市唯一扶贫概念股年报显示公司将积极参与扶贫帮扶公司将积极参与扶贫帮扶，切实履行社会责任。按工业反哺农业、城市支持农村和―政府主导、企业……,,,,,0,0,0,2015-10-27 13:27,360安全平台,['http://ww2.sinaimg.cn/large/005B3AOrjw1exfmo42550j30c80aytbt.jpg'],,
3902548958627037,D14jdAchL,3914273702,港通汇金-张阳,002386天原集团两市唯一扶贫概念股年报显示公司将积极参与扶贫帮扶公司将积极参与扶贫帮扶，切实履行社会责任。按工业反哺农业、城市支持农村和―政府主导、企业……,,,,,0,0,0,2015-10-27 13:27,360安全平台,['http://ww3.sinaimg.cn/large/e94f13a6jw1exfmo2ioomj20c80ayad2.jpg'],,
3902186826386940,D0UT8qNxa,5720769305,股市一姐-红,天原集团（002386）：两市唯一扶贫概念股，年报显示公司将积极参与扶贫帮扶关注下,,,,,0,1,5,2015-10-26 13:28,微博桌面,,,
3902156630945201,D0U6r3XTb,3105824712,老左点金,11：27天原集团（002386）：两市唯一扶贫概念股，年报显示公司将积极参与扶贫帮扶。,,,,,0,0,0,2015-10-26 11:28,微博 weibo.com,,,
3902152948367937,D0U0uz6SJ,2773295224,文子投资,【文子资讯】两市唯一扶贫概念股，天原集团（002386）年报显示，公司将积极参与扶贫帮扶。...O网页链接,,,,,0,0,0,2015-10-26 11:13,iMAIBO.NET投资脉搏,,,
3902152902645148,D0U0qb67G,5117110806,戏庄队长,两市唯一扶贫概念股：天原集团（002386）,,,,,0,0,0,2015-10-26 11:13,微博 weibo.com,,,
3902152307392941,D0TZsv1eZ,3144355270,散户之家ZF,#题材挖掘机#【题材挖掘机】两市唯一扶贫概念股天原集团（002386）年报显示公司将积极参与扶贫帮扶|年报显示，公司将积极参与扶贫帮扶，切实履行社会责任。按工业反哺农业、城市支持农村‖和―政府主导、企业参与‖的扶贫方针。从公司实际和定点扶贫对象的...O网页链接,,,,题材挖掘机,0,0,0,2015-10-26 11:11,WordPress连接微博,,,
