﻿id,bid,user_id,用户昵称,微博正文,头条文章url,发布位置,艾特用户,话题,转发数,评论数,点赞数,发布时间,发布工具,微博图片url,微博视频url,retweet_id
4453077211654031,ImgMp6WhV,2311077472,证券日报之声,【瀛通通讯结对左港村捐资美丽乡村建设】瀛通通讯是湖北省咸宁市首家上市企业，年缴税收过亿元，为社会提供就业岗位6000多个。公司结对帮扶的贫困村通城县左港村已经于2017年整村出列，288户贫困户基本实现脱贫。通城县左港村是一个四面环山的小山村，此前人平耕地面积不足3分，加上交通闭塞、产业贫乏，村民致富无门，导致该村一直处于贫困状态，共有在册登记贫困户288户，贫困人口1071人，贫困人口占总人口的28%，贫困率远远高于全县平均水平。按照通城县委县政府统一安排，瀛通通讯扶贫对象是集“山区、库区、贫困村”为一体的通城县左港村。瀛通通讯董事长黄晖个人捐资4000万元用于左港村扶贫开发，并将扶贫工作重点转移到产业扶贫上来。要致富，先修路。受地形影响，左港村通村公路弯多路窄，仅有3.5米宽的公路，为解决村民行路难的问题，帮助村民打通通向山外的交通瓶颈，黄晖决定将21公里村级公路和环湖公路进行改造升级。如今，一条崭新的柏油公路带着村民脱贫致富的梦想通向山外，为村里的经济发展打下了良好基础。详情→O网页链接,,,,,0,0,1,2019-12-24 17:30,微博 weibo.com,['http://ww1.sinaimg.cn/large/89c03e60ly1ga7woaex94j20go0h8mxo.jpg'],,
4417238557902369,I7es7x9Lz,3178297882,咸宁日报,#咸宁身边人#【助力精准扶贫！咸宁4名企业家获得省级表彰】近日，由省委统战部、省工商业联合会、省光彩事业促进会联合评选的“光彩之星”“千企帮千村”精准扶贫行动十大标兵名单出炉，我市4名非公经济人士榜上有名。据介绍，经过层层推荐和严格审核，我市瀛通通讯股份有限公司董事长兼总经理黄晖、湖北金盛兰冶金科技有限公司董事长陈龙官、湖北福人金身药业有限公司董事长兼总经理吴宇星3名非公经济人士被授予“光彩之星”荣誉称号，田野集团股份有限公司党委副书记、副董事长、总经理周志专1名非公经济人士被授予“千企帮千村”精准扶贫行动十大标兵荣誉称号。,,,,咸宁身边人,0,0,0,2019-09-16 20:00,微博 weibo.com,['http://ww4.sinaimg.cn/large/bd70fa1aly1g7174g6gonj207u0b43yv.jpg'],,
4296880488254518,GEEiQyDno,3244012052,香城都市报,#咸宁身边事#【通城筹集爱心扶贫款1369万元！瀛通通讯董事长黄晖捐款1000万元】10月17日，通城县举办2018“一路有你”精准扶贫慈善晚会。湖北瀛通通讯线材有限公司捐款30万元，董事长黄晖再次为该县精准扶贫捐款1000万元。据悉，晚会前，通城县干部职工就发动了捐款行动，当晚共筹集善款1369万元。,,,,咸宁身边事,0,0,4,2018-10-19 17:00,微博 weibo.com,['http://ww2.sinaimg.cn/large/c15bb214gy1fwdj6vyingj20ty0f7408.jpg'],,
4231553162418003,GdeQca923,3811390644,大学生创业与就业促进社,#黄冈师范学院#双创浪潮席卷江城2018“创青春”湖北青年创新创业大赛即将启动让我们一起共享这场青春盛宴！为新时代湖北双创青年打CALL！还不了解的小伙伴们莫捉急，大学生创业与就业促进社将带你们了解本次大赛的各个精彩环节！活动主题2018“创青春”湖北青年创新创业大赛启动仪式暨新时代湖北青年创新创业主题论坛时间：2018年4月23日（周一）9:00-11:30地点：楚天粤海国际大酒店楚天宫（湖北省武汉市武昌区东湖路181号）议程安排主持人：田野湖北电视台节目主持人8:30-9:00签到及入场（暖场播放创业工作宣传片）9:00-9:05主持人正式开场，活动介绍，嘉宾介绍9:05-9:15环节一：领导致辞致辞一：共青团湖北省委书记张桂华致辞二：中国青年创业就业基金会理事长裴桓9:15-10:00环节二：特邀嘉宾主题分享主题1：新时代背景下如何挖掘和培育未来领军企业（分享人：武汉“城市合伙人”岳蓉）主题2：通过投贷联动促进全国创新创业试点和战略（分享人：国开科创）主题3：湖北省创新创业金融环境（分享人：省金融办）10:00-10:20环节三：启动仪式及签约仪式1.宣读2018“创青春”湖北青年创新创业大赛赛事方案（共青团湖北省委）2.2018“创青春”湖北青年创新创业大赛启动仪式（主办单位共同按下屏幕上启动按钮）3.投贷联动战略合作签约仪式（由共青团湖北省委、国家开发银行湖北省分行、国开科技创业投资有限责任公司共同签署战略合作协议，三方合影留念）4.共青团湖北省委、湖北长江产业基金战略合作签约仪式（由共青团湖北省委、湖北省长江经济带产业基金管理有限公司共同签署战略合作协议，二方合影留念）5.湖北长江经济产业带青柠创业投资基金合作备忘录签约仪式（由共青团湖北省委、青柠创业投资基金各出资合伙方共同签署合作备忘录，合影留念）10:20-11:10环节四：新时代青年与成功企业家同行分享人：中信证券投行部主任程杰主题分享：企业IPO的注意事项分享人：Today今天便利店创始人、CEO宋迎春主题分享：守梦想享创业分享人：青锐资本创世合伙人、链家创始合伙人曹晖主题分享：我的创业之路和投资思享观众互动：5分钟11:10-11:40环节五：圆桌论坛——创客与大咖面对面参与嘉宾：共7位投资嘉宾拟邀：华盖资本；晨兴创投；青柠基金。创客代表：卷皮网、精微视达、至誉科技、微派网络嘉宾畅谈：30分钟11:40活动结束，参会人员有序退场大赛相关单位主办单位：团省委、省委农工部、省发改委、省经信委、省教育厅、省科技厅、省人社厅、省农业厅、省商务厅、省国资委、省扶贫办承办单位：省青年创业就业促进中心、青年企业家协会、省青年创业就业基金会、省青年创业学院、团十堰市委、团宜昌市委、团潜江市委、省企业团工委论坛相关单位指导单位：省政府金融办主办单位：共青团湖北省委、国家开发银行湖北省分行、国开科技创业投资有限责任公司承办单位：湖北省青年创业就业促进中心、湖北省青年创业就业基金会、上海华岭投资管理有限公司、青柠创业投资管理中心（有限合伙）支持单位：湖北省长江经济带产业基金管理有限公司、湖北同富创业投资管理有限公司、湖北宏泰产业投资基金有限公司、武汉德锦投资有限公司、湖北瀛通通讯线材股份有限公司、罗曼罗兰（武汉）投资有限公司如想报名参加，请将“姓名+职务+电话”发送给黄昌陵，电话&微信13476271576信息来源：众创网,,,,黄冈师范学院,0,0,2,2018-04-22 10:32,vivo智能手机,"['http://ww3.sinaimg.cn/large/e32d34b4gy1fql8a0j75ej20qo0f440k.jpg', 'http://ww3.sinaimg.cn/large/e32d34b4gy1fql8a14gl5j20k00zkgo4.jpg', 'http://ww4.sinaimg.cn/large/e32d34b4gy1fql8a1ndqyj20k00k0jtt.jpg']",,
4151179766802188,Fltq0sxyI,3465618264,咸宁发布,【幕阜山绿色产业带托起致富梦重点实施81个项目】幕阜山旅游公路一线串珠，一镇一业、一镇一景；沿线一路山青水秀、业兴民富。　　8月25日，中国社科院专家组评价：这是一条生态与环境友好的示范带、五彩咸宁和美丽乡村的景观带、山地旅游和乡村旅游的旅游带、农民脱贫奔小康的致富带。　　通山、崇阳和通城三县地处幕阜山区腹地核心区域，交通落后，经济发展比较缓慢，是湖北省扶贫开发的主战场。　　山区要致富，关键在修路。幕阜山旅游公路主干线横穿通山、崇阳、通城，途径22个乡镇，沿途有16.7万贫困人口。　　因势利导建设幕阜山绿色产业带，是市委、市政府确定的“创新驱动、绿色崛起”发展战略和“一区两带三大四重五城”工作抓手的重要内容，是引领经济发展新常态、落实新发展理念的创新之举。　　金秋时节，崇阳县金塘镇畈上村“柃蜜小镇”游人如织。建“柃蜜小镇”的是本村村民沈亚明、沈亚军两兄弟。30多年前，兄弟俩走出山沟到外面打拼，并在多个领域取得成绩。前年，兄弟俩听说幕阜山区要打造绿色产业带，决定抢抓机遇，回乡创业。　　“与其到其它地方投资，不如带着乡亲们一起致富！”沈亚明说。　　幕阜山绿色产业带规划编制采取“1+N”模式，即1个《咸宁市幕阜山绿色产业带建设总体发展规划》+14个特色小镇和10个新型农村社区实施方案。　　电子信息产业是通城县五大支柱产业之一，拥有瀛通通讯、宝塔光电、三嬴兴等一批电子信息企业，以手机零部件的设计、加工、制造为特色的产业集群初具规模。　　今年8月，通城县决定打造手机特色小镇，以宝塔科技园为核心，计划用5年时间建设，总投资将达400亿元。　　通城县委书记熊亚平说：“未来的手机小镇将跳出工业区产业链的框架，将生产、贸易、研发、旅游和居住结合起来，探索产城融合的新路子。”　　湖北工建集团公司董事长刘光辉介绍，手机小镇将结合当地优质的环境和交通资源，依山就势打造具有科技气息的“林中小镇”，让小镇具备人文气息和宜居氛围。同时还将工业制造和设计美学结合起来，使其成为新的工业旅游目的地。　　“1年做规划、2年打基础、3年出样板、5年成规模。”市发改委主任张善猛说，幕阜山绿色产业带建设是一个庞大的系统工程，将建设旅游文化产业、特色生态农业、健康服务产业、清洁能源产业、绿色新型产业、边贸物流产业等六大绿色产业体系，重点实施81个建设项目，总投资162亿元。　　预计到2021年，幕阜山三县GDP将达550亿元，绿色GDP占比90%，森林覆盖率达60%，确保片区16.7万贫困人口如期实现脱贫致富梦。,,,,,1,0,2,2017-09-12 15:37,iPhone 7,,,
4151179284168875,FltpehuvV,3465618264,咸宁发布,#微观咸宁#【瀛通公司建成残疾人就业品牌基地投入1200万元】“当初我是抱着试一试的心态来这边找工作，没想到公司的人文关怀这么好，感觉自己有了一个新家！”11日，湖北瀛通通讯股份有限公司员工蔡念祖对笔者说。　　蔡念祖是黄冈蕲春人，14岁时因外伤导致强制性脊椎无法弯曲。读到大三的时候，病情发作，只得休学回家。他曾多次尝试找工作，但因身体原因一直未能如愿。　　今年四月，蔡念祖在网上看到瀛通公司招人，还特设有残疾人岗位。他试着来到通城参加瀛通公司的应聘，没想到被录取了。　　据悉，近年来，瀛通公司先后投入1200万元，对职工宿舍、车间、餐厅、学习培训室、康复健身房、心理咨询室等全面实行无障碍改造，建成一个可容纳500名残疾人就业和生活的基地。　　截至目前，该公司已对接帮扶69名贫困残疾人脱贫。　　今年5月份，该公司被省残工委授予“全省残疾人就业扶贫品牌基地”。l,,,,微观咸宁,1,0,1,2017-09-12 15:35,iPhone 7,,,
