﻿id,bid,user_id,用户昵称,微博正文,头条文章url,发布位置,艾特用户,话题,转发数,评论数,点赞数,发布时间,发布工具,微博图片url,微博视频url,retweet_id
4554541750291035,JmSSz1dI7,5461675775,百姓就业,【顺义持续开展对口帮扶劳务协作】28日，顺义区人力资源和社会保障局组织区内10家招聘企业和1家培训机构赴内蒙古巴林左旗开展劳务协作对接活动。这是本月继河北省万全区、沽源县，内蒙古自治区科左中旗之后，顺义区组织的第四次劳务协作对接活动。此次活动以“京蒙对口帮扶，携手脱贫攻坚”为主题，通过交流座谈、岗位推荐、结对帮扶等措施，进一步加深两地劳务协作，巩固巴林左旗脱贫成效。座谈会现场，两地针对扶贫成果巩固、协作平台建设、服务需求对接、来京游学访学等事项深入交流意见，并签订《2020年劳务协作协议》，进一步明确了工作任务，规范了步骤环节，为促进劳动力转移就业提供了制度保障。招聘会现场，北京江河幕墙制造有限公司、北京申通快递服务有限公司等10家企业，提供操作工、快递分拣员等薪资待遇丰厚的在京就业岗位793个，其中大部分企业可以为求职人员提供食宿。职业指导师还坐诊就业咨询窗口，在介绍顺义区就业渠道与就业政策的同时，解答求职人员就业困惑。现场招聘活动累计吸引1000余名劳动力进场求职、咨询。此外，顺美职业技能培训学校还与白音乌拉镇乃林坝嘎查开展“一对一”结对帮扶，了解村内劳动者脱贫情况与就业培训需求并送去慰问金和慰问品。顺义区人力资源和社会保障局副局长陈静华介绍，顺义区与巴林左旗不间断开展劳务协作，多次进行沟通，并开展线上合作对接，在促进劳动者就业增收方面保持了良好的协作关系。目前，已累计促进71名贫困劳动力来京就业，733名贫困劳动力实现就近就地就业。,,,,,0,0,0,2020-09-29 17:13,iPhone客户端,"['http://ww4.sinaimg.cn/large/005XCDmLly1gj7n05irojj30m80go0vg.jpg', 'http://ww4.sinaimg.cn/large/005XCDmLly1gj7n072gzsj31900u00zi.jpg', 'http://ww3.sinaimg.cn/large/005XCDmLly1gj7n07p6efj317c0swte0.jpg', 'http://ww1.sinaimg.cn/large/005XCDmLly1gj7n08ihm7j317c0swgtk.jpg']",,
4551539811158567,JlCMJ4Roz,3213094623,中国邮政快递报,#国务院新闻发布会#国家邮政局局长马军胜：广大邮政、快递企业积极响应党中央国务院号召，履行政治责任、社会责任，充分发挥行业优势，立足产业基础，将社会公益与精准扶贫有效结合，积极投身脱贫攻坚。其中，中国邮政集团有限公司20年扎根陕西商洛做好定点扶贫，发挥了国有企业骨干表率作用；顺丰速运运营食品干线122条，累计2289条流向，帮助更多区域的特色经济发展；申通快递设立教育教学奖励基金、爱心救助基金，开展“小红心暖阳助学”等形式多样的助学公益活动；中通快递在全国832个贫困县网点开通率超95%，通过“互联网+电商+快递”助力贫困农户创收脱贫；圆通速递成立“圆梦基金”，未来2-3年每年帮助1万名残疾人、退伍军人、贫困人员、大学生等群体就业创业；韵达快递溜达商城与多家网点组建专门的生鲜果蔬团队，采用标准化包装打包，通过“绿色通道”优先中转、优先派送；百世快递推出“农品优行”计划，助力农特产品上行，促进农户增收致富；京东无人机等自研黑科技目前在扶贫领域已进行大量应用；苏宁首创了电商扶贫新模式“苏宁易购扶贫实训店”，实现教育扶贫、就业扶贫、产业扶贫、捐资扶贫“四扶合一”。,,,,国务院新闻发布会,0,0,0,2020-09-21 10:25,HUAWEI Mate 30,['http://ww3.sinaimg.cn/large/bf83eedfly1giy28icz7ij22b30nidka.jpg'],,
4547886937544385,Jk5KZvEDD,3928511449,交通发布,#行走脱贫攻坚52县#【打通快递物流“最后一公里”】贵州省赫章县汉阳街道金田、银田社区搬迁点是全县三大易地扶贫搬迁安置点之一，当地抢抓电商发展机遇，整合门面房5200平方米，打造快递联盟，为搬迁贫困群众提供就业机会。目前，已引进韵达快递、中通快递、百世快递、申通快递、德邦物流等8家企业，形成县、乡、村三级快递物流统一配送体系，打通物流“最后一公里”。今年32岁的“快递联盟”负责人孙其胜告诉记者，快递包裹从县电商物流服务中心到乡镇级电商物流服务站、村级电商物流服务点可24小时内完成配送，县内农特产品通过“快递联盟”快速外运外销。（记者李黔刚）@贵州交通L交通发布的微博视频,,,贵州交通,行走脱贫攻坚52县,2,0,2,2020-09-11 08:30,微博 weibo.com,,"http://f.video.weibocdn.com/9uq191BDlx07GkBtNXPi010412006cBH0E010.mp4?label=mp4_ld&template=360x640.25.0&trans_finger=6006a648d0db83b7d9951b3cee381a9c&ori=0&ps=1BVp4ysnknHVZu&Expires=1602653337&ssig=JABjyKGuha&KID=unistore,video",
4542123104275911,JhFOuhWmj,1885504473,银川发布,【闽宁镇村民吃起“快递饭”#走向我们的小康生活##奔跑吧康康#】“现在每天接发快递件约700个，一个月能赚6000元左右。感觉日子越来越有奔头，多劳多得！再过两年，还清贷款后，我还打算买辆车。”今年28岁的马挑宇从闽宁镇福宁村的贫困户摇身一变，成为月赚数千元的“快递站站长”。去年，村里打造了电商扶贫一条街，经过申请，马挑宇成为了申通快递的代理。前三年，镇里对于代理快递业务的村民，在房租、装修等方面都会给予优惠。闽宁镇“电商扶贫一条街”位于闽宁镇新镇区内，由镇里原有的空地改造而成，电商扶贫一条街共入驻了中通、圆通、申通、中国邮政等7家快递企业，可实现闽宁地区年配送量100万件快递。街区不仅可以为当地的群众提供更多的就业机会，也让村里的特色农产品可以走向祖国的大江南北。“现在街区已经带动80多名群众就业。同时，电商一条街也为临近毕业的大学生和镇里的有志青年提供创业平台。虽然大家现在脱贫了，但要把日子越过越好，还需要不断学习新业态新方式。现在，手机和电脑就是我们村民致富的‘新农具’。”闽宁镇副镇长杨青说道。（来源：银川市新闻传媒集团魏罗妮杨韶华）,,,,"走向我们的小康生活,奔跑吧康康",0,0,0,2020-08-26 10:46,微博 weibo.com,,,
4541347689664986,JhlDOEyiS,7441598192,小区门口负责人,你怎么看待京东集团（北京）消灭扶贫攻坚战的核心企业申通快递（中国快递的鼻祖，每年的利润是韵达的1/20），京东集团（北京）不断消灭同行。北京各大公司与京东集团携手共同消灭扶贫攻坚企业。你可别坚决服从北京集团的命令与指挥，坚决打赢北京集团消灭扶贫攻坚战企业的这场硬仗，绝对服从刘强东、美国高瓴资本，维护好刘强东与美国各大股东的利益。@北京科技大学学生会@北京化工大学学生会@北京语言大学学生会@北京理工大学学生会@中国农业大学学生会@首都师范大学_学生会@北京师范大学学生会@北京邮电大学学生处@中国人民大学学生处@北京航空航天大学学生会,,,"北京科技大学学生会,北京化工大学学生会,北京语言大学学生会,北京理工大学学生会,中国农业大学学生会,首都师范大学_学生会,北京师范大学学生会,北京邮电大学学生处,中国人民大学学生处,北京航空航天大学学生会",,0,0,0,2020-08-24 07:25,Android,,,
4541034279735808,JhdujEQJa,7441598192,小区门口负责人,中国足球之所以不行是因为腾讯（共青团中央企业）把NBA放在主页不把中超、亚足欧足放在主页；扶贫攻坚战之所以打不赢是因为京东集团天天跟北京抵制扶贫攻坚战的企业（苏宁易购、申通快递、全峰快递、阿里、淘宝），几乎所有扶贫攻坚战企业都是京东（北京）跟腾讯合伙骂死的。北京人不需要扶贫，北京挨个拆迁，一人分100w+一套房，这100W就是创业基金@阿里巴巴1688@上海长宁@上海普陀@上海交通@上海嘉定@上海黄浦@上海崇明@上海宝山发布@广东市场监管@阿里巴巴1688@鞍钢郭明义,,,"阿里巴巴1688,上海长宁,上海普陀,上海交通,上海嘉定,上海黄浦,上海崇明,上海宝山发布,广东市场监管,鞍钢郭明义",,0,0,0,2020-08-23 10:40,Android,,,
4541019846878628,Jhd72sRrC,7441598192,小区门口负责人,坚决拥护京东集团（美国创建与入股）消灭扶贫攻坚战的核心企业申通快递（中国快递的鼻祖，每年的利润是韵达的1/20），共同学习京东集团消灭同行的方式与方法。与京东集团携手共同消灭扶贫攻坚企业，联合美国、京东集团消灭扶贫攻坚企业，每个中国人都有义务与责任。“我们走在消灭扶贫攻坚企业的大路上，意气风发斗志昂扬，京东领导水军队伍，披荆斩棘奔，向前方，向前进，向前进，消灭同行不可阻挡！！”@上海黄浦@宁波发布@南通发布@南京大学学生会@南京大学@南京发布@经济日报@广州市场监管@中国市场监管报@广东市场监管@上海宝山发布@上海崇明@上海黄浦@上海嘉定@上海交通@上海普陀@上海长宁@苏州日报京东（北京）下达命令要消灭扶贫攻坚战的核心企业，你们支持不,,,"上海黄浦,宁波发布,南通发布,南京大学学生会,南京大学,南京发布,经济日报,广州市场监管,中国市场监管报,广东市场监管,上海宝山发布,上海崇明,上海嘉定,上海交通,上海普陀,上海长宁,苏州日报",,0,0,0,2020-08-23 09:42,Android,,,
4540361071919188,JgVYv83gE,7441598192,小区门口负责人,"京东把扶贫攻坚战的重要企业申通给封杀了，踏马逼2011年美帝不入股京东，京东连几把毛也不是！京东集团封杀扶贫攻坚战重要企业申通快递一定是中央下的命令，中央可能这样跟刘强东说的“把扶贫攻坚战的企业都灭了！！”千万别拥护京东，京东会帮中央把你们所在的企业、城市给灭了！凡支持京东集团之辈非我族类！犯我中华者,虽远必诛，打倒以京东为首的美帝主义！@南通发布@淮安发布@北京市商务局@宁波发布@北京市社会办@阿里巴巴1688@北京朝阳@德州发布@聊城发布@上海普陀@上海宝山发布@上海崇明@上海黄浦@上海嘉定@上海交通@上海科协@上海普陀@上海长宁@青春上海@汕头政务发布@汕头发布@鞍钢郭明义",,,"南通发布,淮安发布,北京市商务局,宁波发布,北京市社会办,阿里巴巴1688,北京朝阳,德州发布,聊城发布,上海普陀,上海宝山发布,上海崇明,上海黄浦,上海嘉定,上海交通,上海科协,上海长宁,青春上海,汕头政务发布,汕头发布,鞍钢郭明义",,0,0,0,2020-08-21 14:04,Android,,,
4540360761545705,JgVY06u6J,7441598192,小区门口负责人,"京东把扶贫攻坚战的重要企业申通给封杀了，踏马逼2011年美国不入股京东，京东连几把毛也不是！京东集团封杀扶贫攻坚战重要企业申通快递一定是中央下的命令，中央可能这样跟刘强东说的“把扶贫攻坚战的企业都灭了！！”千万别拥护京东，京东会帮中央把你们所在的企业、城市给灭了！凡支持京东集团之辈非我族类！犯我中华者,虽远必诛，打倒以京东为首的美帝主义！@华中科技大学学生会@北京理工大学学生会@北京大学学生会@中国计量大学学生会@四川师范大学学生会@华东师范大学@北京师范大学@华中师范大学@陕西师范大学@南京师范大学@湖南师范大学@浙江师范大学@上海师范大学@江西师范大学@江苏师范大学@东北师范大学@信阳师范学院@山东师范大学@北京工商大学",,,"华中科技大学学生会,北京理工大学学生会,北京大学学生会,中国计量大学学生会,四川师范大学学生会,华东师范大学,北京师范大学,华中师范大学,陕西师范大学,南京师范大学,湖南师范大学,浙江师范大学,上海师范大学,江西师范大学,江苏师范大学,东北师范大学,信阳师范学院,山东师范大学,北京工商大学",,0,0,0,2020-08-21 14:03,Android,,,
4540360028850176,JgVWOB8kM,7441598192,小区门口负责人,京东把扶贫攻坚战的重要企业申通给封杀了，踏马逼2011年美国不入股京东，京东连几把毛也不是！京东集团封杀扶贫攻坚战重要企业申通快递一定是中央下的命令，中央可能这样跟刘强东说的“把扶贫攻坚战的企业都灭了！！”千万别拥护京东，京东会帮中央把你们所在的企业、城市给灭了！@鞍钢郭明义@阿里巴巴1688@汕头发布@汕头政务发布@南通发布,,,"鞍钢郭明义,阿里巴巴1688,汕头发布,汕头政务发布,南通发布",,0,0,0,2020-08-21 14:00,Android,,,
4540094389684875,JgP2mEDtF,7441598192,小区门口负责人,京东集团（北京）近日宣布“封杀申通快递几十万员工的活路”。多年前全国排名第15的京东快递（北京）宣布：封杀当时排名第六的天天快递。阿里巴巴（浙江）应该宣布封杀京东（北京）！！！阿里巴巴（浙江）为了几十万快递员的活路也得灭掉京东（北京）！！！阿里巴巴收购申通是为了扶贫攻坚帮助老百姓，踏马的京东（北京）竟然要灭了申通！京东（北京）太无耻了！！！@阿里巴巴1688@上海宝山发布@宁波发布@南通发布@淮安发布@上海科协@上海长宁@北京市商务局@北京市社会办@北京朝阳,,,"阿里巴巴1688,上海宝山发布,宁波发布,南通发布,淮安发布,上海科协,上海长宁,北京市商务局,北京市社会办,北京朝阳",,0,0,0,2020-08-20 20:25,Android,,,
4529198636990903,JcfAztkEv,5575660312,南召发布,"#脱贫攻坚看南阳#南召电子商务带动特色产品畅游“云端”　　“我们夫妻俩把收购来的山货，进行分类整理，再简单地初加工，根据收到的下单地址，邮寄到客户手中。这些都是山里出产的野生松针、虎头蜂蛹、皂角刺，那边还有野生灵芝、葛根，今天都要发出去。”乔拴一边忙碌地整理快递包裹，一边乐呵呵地说。6月28日，在南召县城郊乡闫沟村的一座两层小楼外，摆放着像小山一样的快递包裹，38岁的乔栓正在和妻子给发往全国各地的快递包裹贴上标签。　　几年前，乔拴在天猫上开设旗舰店，专门销售他从当地收购的葛根、灵芝、黄精、茯苓、桑黄、松针、皂角刺等20多种名优土特产和山珍，通过电子商务把伏牛山深处的山货卖到全国30多个省区市，1天销售60—70单，每月平均收入15万元。又是一年桃子丰收的季节，在南召县城郊乡竹园沟村电子商务中心，桃农们忙得热火朝天，熟练地采摘、分拣、装箱、发货，桃园里的桃子已经提前通过村电商直播间找到了的“婆家”，预计每斤桃子可比往年增加1块多的收入。河南省教育厅驻该村第一书记张晖把互联网思维、网络营销意识植入群众头脑，打造电商销售平台，引导群众开设网店，开展直播带货，把村里优质鲜桃销往全国各地。截至目前，村里的红桃精品果已成交2000余单，线上成交6000余斤，线下团购6万余斤。南召县相继制定出台了《电子商务发展的实施意见》《南召县电子商务发展专项基金使用及管理办法》，支持县电子商务产业园改造升级、电商扶贫产业发展、电子商务服务企业、实体经济转型、电子商务协会、农产品上行、电商人才培训、电子商务服务站点建设、溯源体系建设;引进农村淘宝运营中心、菜鸟物流分拣中心、京东物流中心、惠村淘，整合村邮点、益农信息社、新华书店、供销社等网点资源，配送业务覆盖全县15个乡镇、310个行政村。2018年南召县确定为国家级第五批电子商务进农村综合示范县。　　南召县依托县产业集聚区国际汇融物流园，建设电子商务产业园，构建电子商务公共服务中心、溯源体系运营中心、电子商务大数据中心、公共服务平台运营中心、线下体验中心、电商仓储物流基地、电商人才培育基地、跨境电商企业孵化基地、大宗农产品交易中心、跨境电商服务中心、“南召特色馆”运营中心、互联网+智慧旅游运营中心，南召县电子商务协会、创客咖啡、智能影棚、主播中心等多功能公共办公区域，容纳电商企业30余家、创业群体10余个、电商项目20余个，搭建起了电子商务加速发展的广阔平台。　　完善的基础设施，吸引一批高新科技、高智能企业落地创业，宝天曼电商、华康艾制品、五朵山实业、稻谷田电商、爱淘电商、真武顶山珍、菇乃乃特产、锦天园林绿、狼道电商等一批具有南召特色的电商企业形成聚合之势，培育形成一批年营业收入超亿元的电商骨干企业，推动政府、企业、社会共采“数据金矿”，实现多方共赢发展。同时，容纳菜鸟物流、圆通快递、韵达快递、申通快递、中通快递、百世快递、安能物流等物流快递企业7家，总面积约10000平方米，月上下行订单量达20万件。2017年，南召县引进河南省狼道电子商务有限公司，成立河南省宝天曼电子商务有限公司，负责为全县电子商务发展提供电商公共服务，设立电商培训服务台，开展全天候培训咨询服务活动，对有意向做电商的人员和企业，组织开展电子商务知识、案例分析、店铺注册、电商实操等方面专题讲解，培养一批本地化电商种子人才，带动一批青年从事电商及相关行业。县电商公共服务中心开展电子商务孵化工程，为开展电子商务的网络达人、青年网红提供水、电、网络、住宿、餐厅、直播间、培训场地、仓储、物流等配套设施和套餐服务。2018年以来，南召县开展农村电子商务党政干部培训班,深入乡村开展消费扶贫培训班、电商实操基础培训班、网红基础培训班，累计电商培训200多期，对800余名驻村第一书记和村干部进行轮训，电商应用人才1000余人次;每月开展2-3次线上直播培训，各类培训及训后辅导2500余人次，累计培训达7000余人次，全县电子商务从业人数达2000余人，覆盖贫困村80%的贫困人口，帮扶贫困群众开设网上店铺200余家，累计销售金额3600余万元。为助力消费扶贫，南召县深化与中科曙光大数据中心的战略合作，构建互联互通的大数据网;合力扩大“四好农村路”覆盖范围，构建电商服务进村入户的公路网，来自山区的各类特色产品，正沿着一条条遍布城乡的“毛细血管”进入电商“云端”，为县域经济高质量发展注入新动能。2019年，全县电子商务交易额达到26亿元，网络零售额11亿元，农产品上行额4.85亿元，电商扶贫产品销售额1900万元。",,,,脱贫攻坚看南阳,0,0,0,2020-07-21 18:49,微博 weibo.com,,,
4513617482043463,J5IfG8zB5,6716481615,珲春新闻资讯,【爱心企业开展扶贫助残慰问公益活动】6月5号，市残联联合我市快递企业，组织开展了“送温暖、献爱心”扶贫助残慰问公益活动。活动中，熊猫快收、申通快递、韵达快递三家企业的员工先后来到靖和街道友好社区残疾人家中，以及市城市福利院，送去了价值5000多元的大米、面粉、豆油等生活物资O爱心企业开展扶贫助残慰问公益活动,,,,,0,0,0,2020-06-08 18:55,微博 weibo.com,,,
4511804451057319,J4X5r4r3x,5132862451,中国工商银行,#童行人计划#6月1日，四川省宜宾市屏山县屏边乡彝族民族中心学校举行了“六一”爱心捐赠发放仪式，58名困难家庭学子的“微心愿”得以实现，这让几千里之外通过网络视频观看直播的工行嘉兴海盐支行全体干部员工们露出了温馨的笑容。海盐县与屏山县是东西部扶贫协作单位，近年来工行海盐支行认真贯彻落实当地监管部门和上级行关于金融扶贫的工作要求，在海盐援川干部、屏山县屏边乡领导的帮助下，与屏边乡彝族民族中心学校推荐的58名学生结对，在今年国际儿童节来临之际为他们圆梦“微心愿”。早在5月下旬，该行员工就全部认领了“微心愿”，并按照孩子们的心愿，精心筹备，采购书包、文具盒、运动服等物资。同时，支行工会还为学校购置了篮球、足球、羽毛拍等文体设施。海盐申通快递得知工商银行的捐赠活动后，就免费邮递爱心物资，确保在六一节前送达屏边乡彝族民族中心学校，确保让孩子们度过一个难忘的节日。屏边乡地处雷波、马边、屏山三县交界处，位于屏山县西部，距离县城123千米，系彝族聚居地区。彝族民族中心学校是一所集彝、汉、苗、水等民族为一体的偏远山区小学，占地面积18672㎡，校舍面积11958㎡，教学及辅助用房面积5874㎡，现有29个教学班，教职工79人，在校学生1407人，大多数来自于农村，家庭经济比较困难，其中少数民族学生1030人、占学校总人数的76%。6月1日上午，屏边乡彝族民族中心学校在庆祝六一活动中，举行了隆重的圆梦“微心愿”赠送仪式，校长廖承君代表全体师生，向关心帮助贫困学子的爱心人士表示由衷的感谢，对受捐助的学生给予了殷切的希望，希望他们怀着一颗感恩的心、发奋图强、努力学习、以实际行动回报社会。学生代表表示将铭记爱心人士的关爱和帮助，以此为动力，刻苦学习，奋发图强，以优异的学习成绩和将来出色的表现报答所有关爱他们的爱心人士、回报社会、报效祖国。,,,,童行人计划,2,0,4,2020-06-03 18:51,微博 weibo.com,"['http://ww2.sinaimg.cn/large/005BmY03ly1gffap04sncj31400u0gpd.jpg', 'http://ww1.sinaimg.cn/large/005BmY03ly1gffaozg7l4j317c0swq58.jpg', 'http://ww4.sinaimg.cn/large/005BmY03ly1gffap1agi1j31400u01ky.jpg']",,
4511003746865664,J4CfYsO4w,3363252040,四川省扶贫开发局,【渠县扎实开展农产品销售帮扶】近年来，渠县坚持“围绕扶贫抓电商、抓好电商促脱贫”的思路，创新实施电商助力脱贫攻坚“五大工程”，初步形成线上线下互动、农户客户直通、增收脱贫并重的电商扶贫格局。一是建立健全县、乡、村电商服务体系。已完成县级电商服务中心建设，建筑面积2376平方米，包含特色产品展示中心、电商培训区、网商孵化区等功能板块。已建成乡镇电商服务站60个，村级电商服务站168个，其中贫困村服务站130个。二是建立健全县、乡、村物流配送体系。已完成县级电商物流集配中心建设，建筑面积2676平方米，现已入驻快递物流企业12家，包括顺丰速递、申通快递、韵达快递等。建成乡镇配送站60个、村级配送终端168个，三级物流配送体系基本建立。同时引入大型国企“中农联”入驻渠县，进一步培育县域电商物流市场。三是建设完善网销平台体系。推行“官方特色馆+创业者自营网店”模式，突出抓好渠县特色馆、创业网店建设，打造渠县特色产品“网上集市”。目前，已在苏宁易购、淘宝特色中国2大平台建立渠县特色馆，本土电商企业、创业网商在淘宝、阿里巴巴平台开设网店200余个。四是实施“电商+销售”扶贫工程。推行“电商+产业基地”“电商+农业龙头企业”“电商+村党支部+贫困户”等模式，建立农产品线下展示、线上交易、产销对接机制，解决农产品销售难问题。在三板乡大雾村、渠南乡大山村、屏西乡汤家村、新市乡五通村等贫困村针对柑橘产业、柠檬产业、黄花产业以及贫困村土鸡蛋、秋葵等产品成功开展精准产业扶贫。累计销售柑橘130万斤、柠檬90万斤、鸡蛋3500盒、黄花20万斤、秋葵2万斤，销售总额达6000万元，助农增收1000余万元。通过运用电子商务发展关联产业覆盖农业专合组织68个，提供就业岗位1.5万余个，带动2万余贫困群众人均增收520多元。近年来，渠县坚持“围绕扶贫抓电商、抓好电商促脱贫”的思路，创新实施电商助力脱贫攻坚“五大工程”，初步形成线上线下互动、农户客户直通、增收脱贫并重的电商扶贫格局。一是建立健全县、乡、村电商服务体系。已完成县级电商服务中心建设，建筑面积2376平方米，包含特色产品展示中心、电商培训区、网商孵化区等功能板块。已建成乡镇电商服务站60个，村级电商服务站168个，其中贫困村服务站130个。二是建立健全县、乡、村物流配送体系。已完成县级电商物流集配中心建设，建筑面积2676平方米，现已入驻快递物流企业12家，包括顺丰速递、申通快递、韵达快递等。建成乡镇配送站60个、村级配送终端168个，三级物流配送体系基本建立。同时引入大型国企“中农联”入驻渠县，进一步培育县域电商物流市场。三是建设完善网销平台体系。推行“官方特色馆+创业者自营网店”模式，突出抓好渠县特色馆、创业网店建设，打造渠县特色产品“网上集市”。目前，已在苏宁易购、淘宝特色中国2大平台建立渠县特色馆，本土电商企业、创业网商在淘宝、阿里巴巴平台开设网店200余个。四是实施“电商+销售”扶贫工程。推行“电商+产业基地”“电商+农业龙头企业”“电商+村党支部+贫困户”等模式，建立农产品线下展示、线上交易、产销对接机制，解决农产品销售难问题。在三板乡大雾村、渠南乡大山村、屏西乡汤家村、新市乡五通村等贫困村针对柑橘产业、柠檬产业、黄花产业以及贫困村土鸡蛋、秋葵等产品成功开展精准产业扶贫。累计销售柑橘130万斤、柠檬90万斤、鸡蛋3500盒、黄花20万斤、秋葵2万斤，销售总额达6000万元，助农增收1000余万元。通过运用电子商务发展关联产业覆盖农业专合组织68个，提供就业岗位1.5万余个，带动2万余贫困群众人均增收520多元。近年来，渠县坚持“围绕扶贫抓电商、抓好电商促脱贫”的思路，创新实施电商助力脱贫攻坚“五大工程”，初步形成线上线下互动、农户客户直通、增收脱贫并重的电商扶贫格局。一是建立健全县、乡、村电商服务体系。已完成县级电商服务中心建设，建筑面积2376平方米，包含特色产品展示中心、电商培训区、网商孵化区等功能板块。已建成乡镇电商服务站60个，村级电商服务站168个，其中贫困村服务站130个。二是建立健全县、乡、村物流配送体系。已完成县级电商物流集配中心建设，建筑面积2676平方米，现已入驻快递物流企业12家，包括顺丰速递、申通快递、韵达快递等。建成乡镇配送站60个、村级配送终端168个，三级物流配送体系基本建立。同时引入大型国企“中农联”入驻渠县，进一步培育县域电商物流市场。三是建设完善网销平台体系。推行“官方特色馆+创业者自营网店”模式，突出抓好渠县特色馆、创业网店建设，打造渠县特色产品“网上集市”。目前，已在苏宁易购、淘宝特色中国2大平台建立渠县特色馆，本土电商企业、创业网商在淘宝、阿里巴巴平台开设网店200余个。四是实施“电商+销售”扶贫工程。推行“电商+产业基地”“电商+农业龙头企业”“电商+村党支部+贫困户”等模式，建立农产品线下展示、线上交易、产销对接机制，解决农产品销售难问题。在三板乡大雾村、渠南乡大山村、屏西乡汤家村、新市乡五通村等贫困村针对柑橘产业、柠檬产业、黄花产业以及贫困村土鸡蛋、秋葵等产品成功开展精准产业扶贫。累计销售柑橘130万斤、柠檬90万斤、鸡蛋3500盒、黄花20万斤、秋葵2万斤，销售总额达6000万元，助农增收1000余万元。通过运用电子商务发展关联产业覆盖农业专合组织68个，提供就业岗位1.5万余个，带动2万余贫困群众人均增收520多元。来源：渠县扶贫开发局,,,,,0,0,0,2020-06-01 13:49,微博 weibo.com,,,
4483398029006895,IyZyWBN6v,5929914151,绿之语农产品,"3.17更新1017消费扶贫农场3月中下旬精选蔬果产品一件代发规格及价位 一、新鲜水果2、红香酥梨（中通百世）带箱10斤装39.83、红心火龙果（中通韵达圆通）5斤装44.84、丰水梨（顺丰）5斤装31.85、甜酥梨（邮政）带箱10斤装356、人参果大果（中通）5斤39.8带箱10斤装55.87、临潼石榴（邮政）5斤大果45带箱10斤装6912枚大果9斤装759-12枚特大果888、冰糖甜橙（邮政中通）5斤装26带箱10斤装389、水果甜玉米（邮政中通）带箱10斤装39.810、海南金钻凤梨（中通）带箱10斤装34.811、膜袋红富士（中通、百世）带箱10斤大果3512、海南贵妃芒、玉芒（申通快递）带箱10斤中果48.813、奶油苹果（邮政中通）5斤39.914、海南红心木瓜5斤装25.8带箱9斤装32.915、新鲜柠檬（邮政中通）2斤中果7.55斤大果12.916、泰国香水小菠萝（中通百世）带箱10斤32.817、早香椿（顺丰）2斤4518、徐香猕猴桃（邮政）5斤大果30带箱10斤大果4819.临潼沙地板栗红薯（邮政）5斤28带箱10斤3820、海南哈密瓜、西州蜜（邮政中通圆通）1-2个装5-6斤29.9带箱10斤49.921、绿宝甜瓜（中通圆通百世邮政）3斤中果355斤大果49.922、羊角蜜甜瓜（中通圆通百世邮政）3斤装355斤装49.923、红美人香蕉（韵达百世中通）5斤装35.824、泰国龙眼（顺丰）净重4.5斤44.825、黄金蜜瓜（韵达）5斤装29带箱10斤3926、郁金香甜瓜（百世韵达中通随机）5斤装32带箱10斤装4527、花牛苹果（韵达）5斤28带箱10斤3828、贵妃枣、牛奶枣（邮政百世）5斤装3529海南金煌芒（申通快递）5斤中果35带箱10斤53二、新鲜蔬菜1、沙瓤西红柿（邮政、顺丰）5斤装33带箱10斤装50（55发顺丰）2、白萝卜（邮政中通）5斤装19带箱10斤装29.83、沙地水果红萝卜（邮政）5斤装19带箱10斤装29.84、红皮土豆（邮政中通）5斤19带箱10斤装29.85、紫皮水萝卜5斤装256、普罗旺斯西红柿4斤装45礼盒+2 三、干货休闲产品1、枇杷膏（顺丰）500克*2瓶装40500克*4瓶装652、陕西黄龙薄皮核桃（韵达）3斤装455斤装603、枣夹核桃（申通）3斤装505斤装754、富平柿饼（中通）3斤装505斤装755、新疆和田大枣（中通）3斤装305斤装406、新疆若羌灰枣（中通）3斤275斤装357、冬枣干（韵达中通）5包（1斤）3510包（2斤）558、枸杞（中通申通百世）红枸杞250克袋装25500克罐装35黑枸杞250克袋装28500克罐装38黑红配共250克30 1、.生鲜一旦发货不支持退款，不接受拒签。,签收前当面检查外包装有无破损，无破损的拒收不售后2.烂果，坏果提供资料赔付，赔付金额=（售价÷果子重量）×坏果重量3.签收24小时内拍照：坏果和快递面单一起的照片，必须清晰的看见单号，坏果，否则售后难处理4、因口感不适口等问题不能售后问题；5、快递员直接放入物业或小区写字楼的“快递包裹柜”默认为自动签收，超过12小时没有去取件的，我们不承担任何责任咨询微信18161875483（电话不接）",,,,,0,0,1,2020-03-17 09:34,HUAWEI Mate 10,"['http://ww3.sinaimg.cn/large/006tjjyDly1gcwo97604qj30m80m8449.jpg', 'http://ww4.sinaimg.cn/large/006tjjyDly1gcwo97hk5nj30m80m8gte.jpg', 'http://ww3.sinaimg.cn/large/006tjjyDly1gcwo97rt8dj30l40l47ai.jpg', 'http://ww1.sinaimg.cn/large/006tjjyDly1gcwo98255uj30m80et7fi.jpg', 'http://ww2.sinaimg.cn/large/006tjjyDly1gcwo98dz06j30i60i6jwy.jpg', 'http://ww1.sinaimg.cn/large/006tjjyDly1gcwo98nd1sj30m80m8wlm.jpg', 'http://ww1.sinaimg.cn/large/006tjjyDly1gcwo98yv9xj30m80m8wn0.jpg', 'http://ww1.sinaimg.cn/large/006tjjyDly1gcwo999jzuj30m80m8q8e.jpg', 'http://ww1.sinaimg.cn/large/006tjjyDly1gcwo99jncij30m80m87gv.jpg']",,
4473598108198816,IuSCCyoSY,5929914151,绿之语农产品,"1017消费扶贫农场2月中下旬精选蔬果产品一件代发规格及价位2.18更新一、抗病菌及干货休闲产品1、枇杷膏（顺丰）500克*2瓶装40500克*4瓶装652、新疆薄皮核桃（韵达）5斤装553、枣夹核桃（申通）3斤装505斤装754、富平柿饼（中通）3斤装685斤装95二、新鲜水果1、高山苹果（邮政）带箱10斤装452、洛川红富士（百世邮政中通）75-80果12枚净重4.6-4.8斤35元   80-85果9-10枚净重5斤39元中果70-79规格大小22-24个带箱十斤48元75-80果带箱十斤20—22个净重8.5斤55元80-90果带箱十斤16—18个净重8.8斤65元3、红心火龙果（顺丰）5斤装524、丰水梨（顺丰）5斤装31.85、大酥梨（邮政）带箱10斤装356、人参果大果（中通）5斤39.8带箱10斤装62.87、脆皮金桔（邮政中通）5斤装32.8带箱10斤装49.88、甜橙（邮政中通）5斤装26带箱10斤装389、水果甜玉米（邮政中通）带箱10斤装3510、贵妃青枣（顺丰）5斤装33.811、膜袋红富士（中通、百世）带箱10斤大果3512、海南贵妃芒（申通快递）带箱10斤中果48.813、新鲜草莓（顺丰空运）5斤装78.814、海南红心木瓜带箱9斤装29.815、新鲜柠檬（顺丰）5斤大果19.916、泰国香水小菠萝（中通百世）带箱10斤32.817、早香椿（顺丰）2斤49.818、徐香猕猴桃（邮政）5斤35带箱10斤60三、新鲜蔬菜1、沙瓤西红柿（邮政、顺丰）5斤装36带箱10斤装50（55发顺丰）2、白萝卜（邮政中通）5斤装19.8带箱10斤装29.83、黄瓜（邮政中通）5斤装29.8带箱10斤装464、西葫芦（邮政中通）5斤装29.8带箱10斤装39.85、莴笋（邮政中通）5斤装19.8带箱10斤装31.86、莲花白（邮政中通）5斤装19.8带箱10斤装29.87、紫皮洋葱（邮政中通）5斤装29.8带箱10斤装39.88、沙地红萝卜（邮政）带箱10斤装29.89、红皮土豆（邮政中通）带箱10斤装29.810、大白菜（邮政中通）带箱10斤装33.811、娃娃菜（邮政中通）5斤装3612、紫甘蓝（顺丰）5斤装31.913、紫长茄子（邮政中通）5斤装3514、西兰花（顺丰）5斤装4215、红皮黄壤红薯（邮政中通）带箱10斤装29.816、小青菜（邮政）5斤装2617、大叶矮杆菠菜（邮政）5斤装28（泡沫箱+3）18、白菜花（邮政）5斤装30.8防控抗疫，同舟共济，责任担当，义不容辞。增强体质，提高免疫力。产地直发，减少接触，新鲜采摘，生态健康！(因为疫情需要每件产品进行消毒，还有各地各村封路等原因发货和到货有可能延缓，不要催单，不接急单，不支持拒收退货，因封路产生的售后不予处理，还望谅解。）不发国难财。需要韭菜、大葱、小葱、蒜苗、青红椒、四季豆、荷兰豆等蔬菜私聊，另外单发不拼装.生鲜一旦发货不支持退款，不接受拒签。,签收前当面检查外包装有无破损，无破损的拒收不售后2.烂果，坏果提供资料赔付，赔付金额=（售价÷果子重量）×坏果重量3.签收24小时内拍照：坏果和快递面单一起的照片，必须清晰的看见单号，坏果，否则售后难处理4、因口感不适口等问题不能售后问题；5、快递员直接放入物业或小区写字楼的“快递包裹柜”默认为自动签收，超过12小时没有去取件的，我们不承担任何责任咨询微信18161875483（电话不接）",,,,,0,0,0,2020-02-19 08:32,HUAWEI Mate 10,"['http://ww3.sinaimg.cn/large/006tjjyDly1gc1er17zphj30qo0qoju9.jpg', 'http://ww1.sinaimg.cn/large/006tjjyDly1gc1eqz5s9uj30m80m80x6.jpg', 'http://ww4.sinaimg.cn/large/006tjjyDly1gc1eqzd5tkj30qo0k041w.jpg', 'http://ww4.sinaimg.cn/large/006tjjyDly1gc1er093koj30u01hc477.jpg', 'http://ww4.sinaimg.cn/large/006tjjyDly1gc1eqzn8cxj30m80m8dm3.jpg', 'http://ww1.sinaimg.cn/large/006tjjyDly1gc1eqzxef6j31400u04fl.jpg', 'http://ww2.sinaimg.cn/large/006tjjyDly1gc1er0h22kj30gp0m8wf3.jpg', 'http://ww2.sinaimg.cn/large/006tjjyDly1gc1er0slzij30m80m87f2.jpg', 'http://ww4.sinaimg.cn/large/006tjjyDly1gc1er11au3j30rs0ijmzy.jpg']",,
4473595973297593,IuSzbdPQZ,5929914151,绿之语农产品,"1017消费扶贫农场2月中下旬精选蔬果产品一件代发规格及价位2.18更新一、抗病菌及干货休闲产品1、枇杷膏（顺丰）500克*2瓶装40500克*4瓶装652、新疆薄皮核桃（韵达）5斤装553、枣夹核桃（申通）3斤装505斤装754、富平柿饼（中通）3斤装685斤装95二、新鲜水果1、高山苹果（邮政）带箱10斤装452、洛川红富士（百世邮政中通）75-80果12枚净重4.6-4.8斤35元   80-85果9-10枚净重5斤39元中果70-79规格大小22-24个带箱十斤48元75-80果带箱十斤20—22个净重8.5斤55元80-90果带箱十斤16—18个净重8.8斤65元3、红心火龙果（顺丰）5斤装524、丰水梨（顺丰）5斤装31.85、大酥梨（邮政）带箱10斤装356、人参果大果（中通）5斤39.8带箱10斤装62.87、脆皮金桔（邮政中通）5斤装32.8带箱10斤装49.88、甜橙（邮政中通）5斤装26带箱10斤装389、水果甜玉米（邮政中通）带箱10斤装3510、贵妃青枣（顺丰）5斤装33.811、膜袋红富士（中通、百世）带箱10斤大果3512、海南贵妃芒（申通快递）带箱10斤中果48.813、新鲜草莓（顺丰空运）5斤装78.814、海南红心木瓜带箱9斤装29.815、新鲜柠檬（顺丰）5斤大果19.916、泰国香水小菠萝（中通百世）带箱10斤32.817、早香椿（顺丰）2斤49.818、徐香猕猴桃（邮政）5斤35带箱10斤60三、新鲜蔬菜1、沙瓤西红柿（邮政、顺丰）5斤装36带箱10斤装50（55发顺丰）2、白萝卜（邮政中通）5斤装19.8带箱10斤装29.83、黄瓜（邮政中通）5斤装29.8带箱10斤装464、西葫芦（邮政中通）5斤装29.8带箱10斤装39.85、莴笋（邮政中通）5斤装19.8带箱10斤装31.86、莲花白（邮政中通）5斤装19.8带箱10斤装29.87、紫皮洋葱（邮政中通）5斤装29.8带箱10斤装39.88、沙地红萝卜（邮政）带箱10斤装29.89、红皮土豆（邮政中通）带箱10斤装29.810、大白菜（邮政中通）带箱10斤装33.811、娃娃菜（邮政中通）5斤装3612、紫甘蓝（顺丰）5斤装31.913、紫长茄子（邮政中通）5斤装3514、西兰花（顺丰）5斤装4215、红皮黄壤红薯（邮政中通）带箱10斤装29.816、小青菜（邮政）5斤装2617、大叶矮杆菠菜（邮政）5斤装28（泡沫箱+3）18、白菜花（邮政）5斤装30.8防控抗疫，同舟共济，责任担当，义不容辞。增强体质，提高免疫力。产地直发，减少接触，新鲜采摘，生态健康！(因为疫情需要每件产品进行消毒，还有各地各村封路等原因发货和到货有可能延缓，不要催单，不接急单，不支持拒收退货，因封路产生的售后不予处理，还望谅解。）不发国难财。需要韭菜、大葱、小葱、蒜苗、青红椒、四季豆、荷兰豆等蔬菜私聊，另外单发不拼装.生鲜一旦发货不支持退款，不接受拒签。,签收前当面检查外包装有无破损，无破损的拒收不售后2.烂果，坏果提供资料赔付，赔付金额=（售价÷果子重量）×坏果重量3.签收24小时内拍照：坏果和快递面单一起的照片，必须清晰的看见单号，坏果，否则售后难处理4、因口感不适口等问题不能售后问题；5、快递员直接放入物业或小区写字楼的“快递包裹柜”默认为自动签收，超过12小时没有去取件的，我们不承担任何责任咨询微信18161875483（电话不接）",,,,,0,0,0,2020-02-19 08:24,HUAWEI Mate 10,"['http://ww3.sinaimg.cn/large/006tjjyDly1gc1ei3w19ej30m80m80x6.jpg', 'http://ww3.sinaimg.cn/large/006tjjyDly1gc1ei42znhj30gp0m874o.jpg', 'http://ww3.sinaimg.cn/large/006tjjyDly1gc1ei4ap4oj30qo0k041w.jpg', 'http://ww1.sinaimg.cn/large/006tjjyDly1gc1ei4kro1j30m80m8dm3.jpg', 'http://ww4.sinaimg.cn/large/006tjjyDly1gc1ei4vjuqj31400u04fl.jpg', 'http://ww2.sinaimg.cn/large/006tjjyDly1gc1ei533vtj30qo0qojur.jpg', 'http://ww1.sinaimg.cn/large/006tjjyDly1gc1ei5d5jij30m80m87f2.jpg', 'http://ww3.sinaimg.cn/large/006tjjyDly1gc1ei5kftnj30rs0ijmzy.jpg', 'http://ww2.sinaimg.cn/large/006tjjyDly1gc1ei5t285j30qo0qoju9.jpg']",,
4448263392345789,Ikfyb9Qfj,2685484697,快递生态圈赵小敏,直播快递股【中国银河：快递行业在2020年仍将保持较高增速】中国银河认为，电商景气度将保持稳定增长态势，快递行业仍将享受此红利，叠加直播带货、电商扶贫、跨境购物等新增因素推动，快递行业在2020年仍将保持较高增速。推荐市占率领先的韵达股份、全能型物流公司顺丰控股，跟踪关注估值相对较低的中国外运、圆通速递、申通快递。,,,,,1,0,0,2019-12-11 10:41,微博 weibo.com,['http://ww3.sinaimg.cn/large/a0113e99ly1g9sl3p8cvqj20ow0a0abr.jpg'],,
4440267233271574,IgTx9dJ5k,6460619501,武汉东画之源网络科技有限公司,✨花生日记乐淘学院✨❥————🤓————❥11月19日星期二◆京东加速增长：Q3七成新用户来自下沉市场，物流外单提振收入；◆申通快递：10月快递服务业务收入19.80亿元，同比增长19.44%；◆中国电信与京东物流共同开展5G智能园区建设；◆华为：未来五年将投入15亿美金，全球发展500万开发者；◆我国建成世界首例原位3D打印双层建筑，高7.2米；◆南京拟发布网约车管理办法，携带宠物者不能乘车； ◆学而思海外学术研究院落地剑桥，剑桥将成立研究合作团队；◆财政部提前下达专项扶贫资金1136亿，涉及28省区市；⭕唯一真实的对我们说出刻薄、侮辱、伤感情的话的人，都是我们自家的人。 ⭕睡前玩手机增加抑郁风险。近日，韩国诚信女子大学心理学系一项研究发现，越是经常推迟睡眠时间的人，患忧郁症、焦虑症、失眠的可能性就越大。,,,,,0,0,3,2019-11-19 09:07,乐淘学院Android,,,
4418530658777160,I7M49APl6,3215082647,快递杂志,#习近平总书记重要指示#【申通快递董事长陈德军：申通“向下”发展、助农增收义不容辞的责任】“这不仅是对我们行业发展提出了更高的要求，更是申通“向下”发展、助农增收义不容辞的责任。”陈德军介绍，安徽砀山梨、万荣苹果、徐闻菠萝、大荔胡萝卜、湖南永兴冰淇淋红薯等农特产品，正通过由申通快递打造的“申鲜生活”电商平台从田间地头来到了百姓们的舌头。申通为特色产品定制绿色物流通道，网络覆盖全国超过25个省，助农产品已达300余种，并依托总部电商平台，多渠道定制化服务助力网点末端农产品销售，通过定点扶贫，实现企村结对、企村共建的目的，让越来越多的农产品通过申通快递实现从“田间到舌尖”的新鲜直达。同时，“绿色发展”也已成为申通快递重要发展战略之一。陈德军认为，绿色引擎推动行业绿色发展。近年来，在申通快递在绿色快递建设方面不断加大投入，自建基地，加大对绿色快递包装的研发和应用。2016年申通快递率先在行业内启用可循环环保芯片袋，并在浙江省建立“绿色环保”研发实验基地，截至目前环保芯片袋覆盖率已达99%，流通使用超过2亿次，每年减少可降解垃圾超过1万吨。同时，不断提升信息技术水平，实现绿色快递再升级。目前，申通全网电子面单使用率达99.51%，可降解包装袋全面投入网络使用，流通使用超过1.2亿个，绿色快递已成为申通的长远发展战略。@申通快递官微,,,申通快递官微,,0,0,0,2019-09-20 09:34,360安全浏览器,['http://ww2.sinaimg.cn/large/bfa24497ly1g75qbsv19jj20p00ha4qp.jpg'],,
4331355342793533,Hd9H8bIIZ,3229962754,陕视新闻,"【政府联合爱心企业提供岗位贫困大学生自立自强寒假勤工俭学】临近春节，不少学校都已陆续放寒假，不过对于西咸新区空港新城的几位贫困大学生来说，今年他们将度过一个特别的寒假，因为在“助飞行动”暖梦计划的帮助下，他们开始了寒假带薪实习。本次活动是空港新城教育扶贫创新项目“助飞行动”的子计划“暖梦行动”的一部分。除申通快递西北转运中心以外，陕西天烁精密机械有限公司、陕西森泉建筑工程有限公司也将为贫困大学生提供6个寒假带薪实习岗位。贫困大学生在实习期间，由企业提供免费工作餐，每名学生每天薪水不低于100元。工作人员表示，后期他们将组织更多的学生、更多的企业,来参与到这种活动之中,来提高帮扶的覆盖面和覆盖率。（记者：张华）L陕视新闻的微博视频",,,,,2,0,4,2019-01-22 20:10,lucky小编iPhone客户端,,"http://f.us.sinaimg.cn/003io1ttlx07qYcN3rZS01041200nl8R0E010.mp4?label=mp4_ld&template=640x360.28.0&ori=0&ps=1BVp4ysnknHVZu&Expires=1602653999&ssig=5TbJ8%2FZw9l&KID=unistore,video",
4331277198845807,Hd7F5B7cj,5355357374,阜阳市人力资源和社会保障局,关于阜阳市第二届“最美创客和最美农民工”推荐候选人员名单的公示为深入贯彻落实党的十九大精神，进一步发挥创业就业人员的示范引导作用，选树一批优秀创业者、农民工典型，大力弘扬创新创业、自强不息、勤劳致富精神，形成“人人传递最美、人人赞美最美、人人争当最美”的良好社会风气，为阜阳乡村振兴、决胜全面小康，建设现代化大美阜阳集聚人才、凝聚力量。根据市委办公室、市政府办公室《2019年“接您回家”活动总体方案》（办〔2018〕129号）要求，市“接您回家”活动指挥部制定了《阜阳市第二届“最美创客和最美农民工”评选活动实施方案》，并自下而上组织开展了“最美创客和最美农民工”推荐评选工作，现将经各县市区、经济技术开发区、阜合现代产业园区及市直有关部门推荐的“最美创客”候选人员名单和“最美农民工”候选人员名单进行公示。公示期自2019年1月18日至1月24日。联系电话：0558-2220662；监督电话：0558-2202592。阜阳市“接您回家”活动指挥部办公室2019年1月18日“最美创客”候选人员名单颍州区（8人）田涛阜阳市恬泉餐饮有限公司张鼎阜阳众彩服饰有限公司李士立阜阳市鑫顺德餐饮管理有限公司唐道会千辉节能玻璃李娟娟纪元农业宋佳阜阳市九龙贡食品科技有限公司陈影陈影鞋业有限公司韩少呵阜阳市韩少呵农业科技有限公司颍泉区（8人）李慧康颍泉区慧康家庭农场孙礼阜阳市鸿福农业科技股份有限公司王青阜阳市颍泉区清河园种养专业合作社马义杰安徽省智趣机器人科技有限公司杨亮阜阳欣荣食品有限公司张纪顺安徽田园居家禽养殖有限公司尚丙龙阜阳市尚源食品有限公司姜敏姜大姐扶贫车间颍东区（7人）刘娟安徽玻扬节能钢化玻璃有限公司尹培培培秀包装厂何建龙安徽翊叒实业有限公司李洪伟利之发家庭农场罗会福阜阳市福先生电子商务有限公司尤明艳安徽益力安药业有限公司张俊齐力火龙果采摘园颍上县（9人）陈远颍上县神农电子商务有限公司张海林安徽云创汇联科技服务有限公司吴松颍上宇晴服饰有限公司苏波颍上迪沟太和医院吴景禄安徽颍盛农业科技有限公司姜伟颍上县天德管业有限公司郑田菊颍上县田菊农场杨涛南照商厦冯慧娟安徽九湾村实业有限公司阜南县（9人）孙存具阜南县聚现鞋业有限公司张武丽南京武丽纺织品有限公司徐蒙蒙安徽神州生态农业发展有限公司温朝海阜南县朝海服饰有限公司李军龙汇针织赵艳阜阳晶宫绿建节能建筑有限责任公司马朝兵阜南县星辰工艺品有限公司刘敏阜南县天赐制衣有限公司闫玉立三龙油脂食品有限公司临泉县（9人）王银峰皖豫国际生态农业有限公司熊长东临泉县天之润服饰有限公司于艳临泉县巨峰服饰王德东临泉县王氏牧业王志明志明家庭农场王兴兴临泉县百利服装有限公司张芳临泉县红亿工艺品有限公司韦金龙临泉县创业就业人力资源服务有限公司张华临泉县华宇再生资源有限公司太和县（9人）杨涛太和县通达木业有限公司王刚太和县郎翰园林种植有限公司李站锋安徽宏瑞发制品有限公司韩国清安徽屹翔滤材有限公司王志标安徽金源药业有限公司李伟志太和县伟志门业有限公司王松领顺源农业种植专业合作社张伟安徽荷本化妆品有限公司徐刚安徽高安生物医学科技有限公司界首市（9人）杨天付安徽徽思远生态农业发展有限公司赵艳峰界首市天翔服饰有限公司梁丽界首市奥胜达塑业有限公司肖殿业界首市鑫豪塑胶有限公司张旭界首市旭派服饰有限公司王光晋安徽省万果园农业科技发展有限公司李军臣恒吉服饰徐帮荣帮荣淀粉有限公司朱学杰界首市辉佳绿化有限公司阜合园区（2人）王兴生阜阳市中骄智能科技有限公司王腾飞阜阳市贤信堂药业有限公司“最美农民工”候选人员名单颍州区（2人）杨东丽安徽金源家居工艺品有限公司徐影慧阜阳美连德电子科技有限责任公司颍泉区（2人）程学夫阜阳市晨光工贸有限公司付成林朗韵家居有限公司颍东区（3人）赵明芳阜阳安固锅炉压力容器制造有限公司丁晓凤阜阳冈齐精密科技有限公司朱连标中煤集团刘庄矿地勘公司颍上县（4人）王宝珠颍上王老头食品有限公司周家玲上海虹口区环卫局吴玉录上海隆振建筑工程股份有限公司高则龙颍上县润河镇金祥家庭农场阜南县（4人）王梅阜南县华翔羊毛衫有限公司齐强明环化工厂陈翠泰力（安徽）电器股份有限公司吕好阜南县特立电子有限公司临泉县（4人）任敏海天朗德鹅饲养场曹志峰城关街道曹庄居委会赵清和临泉县智创精机有限公司李芳张新镇谢寨村太和县（4人）刘伟安徽德信佳生物医药有限公司陈皓安徽屹翔滤材有限公司路永峰安徽省鑫达发制品有限公司范逸涵安徽致鑫中药饮片有限公司界首市（3人）王建界首市登田五金王德龙深圳市德艺烁投资有限公司张新红界首市代桥镇茶棚村阜阳经济技术开发区（1人）曾荣贵安徽伊思顿粮油食品有限公司阜合园区（1人）刘根涛阜南老味道食品有限公司阜阳市邮政管理局（2人）张士学百世快递阜阳市一部王怀丽阜阳市申通快递有限公司,,,,,0,4,0,2019-01-22 15:00,微博 weibo.com,,,
4324054502646658,Ha5LAb6w2,3215082647,快递杂志,#快递之夜#【2018中国快递社会责任大奖的是：中邮速递、顺丰速运、申通快递、圆通速递、中通快递、韵达速递、百世快递、宅急送快运、菜鸟网络、京东快递、苏宁物流、优速快递、德邦快递、品骏快递、跨越速运】2019年1月2日，由中国邮政快递报社主办的“致敬时代的奔跑者·2019快递之夜”如约而至。这一年，他们化身“包裹侠”，扛起社会责任的大旗。他们精准扶贫，让贫困者燃起希望；他们捐资助学，让求学者看到亮光；他们关爱留守人群，为留守者点亮心灯；他们参与环保，为美丽中国增添一抹绿色。他们，用包裹传递爱心，用能力扛起责任。,,,,快递之夜,0,2,2,2019-01-02 16:39,iPhone客户端,['http://ww3.sinaimg.cn/large/bfa24497ly1fysbwcfi6bj20rs0kudk4.jpg'],,
4321403530377044,H8YNP1A5m,6338433717,三鱼电商,电影票房年内达到595亿元，创国内市场新纪录12月26日消息，截至12月25日，今年中国电影票房累计达到595亿元，已超越2017年全年558亿元的票房成绩，创下国内市场新纪录。苏宁张近东：苏宁扶贫模式落地百余贫困县12月26日消息，苏宁创立的扶贫模式“苏宁易购电商扶贫实训店”已在100个贫困县落地，创造了3500个就业岗位;通过零售云，帮助千余县镇级创业者开设了1900多家零售云门店。申通快递提速转运中心自营化进程12月26日消息，申通快递发布公告称，其旗下全资子公司拟以共计近1.2亿元的价格，收购成都、山西、沈阳等转运中心的所有机器设备、电子设备等实物资产及中转业务资产组。国家先进计算产业创新中心落户天津12月26日消息，由中科院旗下高性能计算领域领军企业中科曙光牵头，联合多家产业上下游企业、科研院所和知名高校作为核心单位共同组建的国家先进计算产业创新中心在中科曙光天津产业基地启动建设。,,,,,0,0,0,2018-12-26 09:05,微博 weibo.com,['http://ww2.sinaimg.cn/large/006UXq9Tly1fyjvg8nr4wj30jg0blwfc.jpg'],,
4315666309912165,H6zyeFABD,1254892202,iLester,这次去成都，恰逢一个朋友去凉山自治州扶贫，给我分享了几张照片。村里的孩子，缺少衣物，他们给村里的每个孩子买了一双鞋子送去。回来了一直在想，我们力量有限，但募集一些旧衣物应该可以，就想知道那边快递能到吗？@申通快递官微@德邦快递官方微博@圆通速递@顺丰集团@中通官方微博,,,"申通快递官微,德邦快递官方微博,圆通速递,顺丰集团,中通官方微博",,0,4,5,2018-12-10 13:08,iPhone,"['http://ww4.sinaimg.cn/large/4acc22aaly1fy1kjgwv2dj21hc0u0e82.jpg', 'http://ww2.sinaimg.cn/large/4acc22aaly1fy1kjgast4j20u01hchdu.jpg', 'http://ww3.sinaimg.cn/large/4acc22aaly1fy1kjgnvc2j20u01hc4qq.jpg']",,
4312021660357030,H52JM1uSy,6028374599,小丁同学鸭,"河北省青龙县青龙板栗一、县域基本概貌1.县域简介青龙满族自治县位于河北省东北部，燕山东麓，古长城脚下，隶属于秦皇岛市。1986年成立满族自治县，2001年被列为国家扶贫开发重点县，素有八山一水一分田之称。县城距秦皇岛港120公里，距京沈高速公路70公里，距北京市250公里，距天津市265公里，处在环京津、环渤海经济圈和冀东经济区内。全县总面积3510平方公里，总人口54.1万，辖25个乡镇，396个行政村。有满、汉、苗、回等11个民族，满族人口占68.6%。青龙县被国家林业局确定为“全国经济林建设先进县”和“中国苹果之乡”，青龙县是“中国奚族文化之乡”、“百佳深呼吸小城”、“河北杂粮之乡”和“河北民间文化艺术之乡”，被河北省农业厅、省委省政府农村工作办公室授予“2016年河北省休闲农业示范县”称号。2.县域地理区位概貌青龙满族自治县位于河北省东北部燕山山脉东段，地处东经118°33′31″～119°36′30″，北纬40°04′40″～40°36′52″之间。县域东界至龙王庙乡与辽宁省建昌县、绥中县交界；南界至海港区、抚宁区、卢龙县、迁安市明长城北侧；西界至凉水河、八道河乡与迁西县、宽城满族自治县交界；北界至大石岭乡与辽宁省凌源市交界。地处京、津、唐、秦经济圈和环渤海经济圈，距秦皇岛市区75公里，距唐山市108公里，距承德市区103公里，距北京223公里，距天津210公里，距沈阳404公里，县域国土面积3510平方公里。青龙满族自治县属燕山山脉东端，地势呈马鞍形。境内最高峰都山主峰海拔1846.3米，也是秦皇岛市内第一高峰、燕山山脉第二高峰（燕山山脉东部第一高峰）。青龙满族自治县境内有青龙河、起河、沙河、星干河、都源河，其中青龙河由北至南纵贯青龙满族自治县，汇入滦河。青龙满族自治县属暖温带亚湿润气候区，四季分明，日照充足，昼夜温差大，平均气温8.9℃，平均降水量715毫米，年无霜期162天。3.县域特色产品概貌青龙板栗青龙板栗个大皮薄，色泽鲜艳，果肉细腻，风味芳甘独特。是“京东板栗”的龙头产品，在日本单独注册商标为“青龙甘栗”。青龙“京东板栗”在2006年实施地理标志产品保护，2007年荣获河北省名牌产品荣誉称号。青龙县特色农产品红富士苹果、元帅苹果、板栗荣获金奖。二、县域物流情况1.县域交通运输状况完善的基础设施，使青龙的投资硬环境不断优化。交通建设日新月异，形成了四通八达方便快捷的现代化大交通网络，运力结构日趋优化，以承秦出海路、京建线等两横三纵为主的省级干线公路五条269公里，县级公路八条317公里，实现乡乡、村村通油路和水泥路。有地方铁路一条，距秦皇岛站42公里。2.县域物流/快递覆盖情况河北青龙物流产业聚集区地理坐标为东经118.50度，北纬40.16度，位于秦皇岛市青龙满族自治县西南部肖营子镇，前身为肖营子镇物流产业园，始建于2006年11月，2013年2月省编制部门批准成立聚集区管委会，级别为副处级，2013年8月29日经省政府批准列为省级物流产业聚集区。2015年，完成主营业收入50.65亿元，固定资产投资完成2.9亿元，单位面积主营业务总收入产出强度145.84万元/亩；实现规模以上工业增加值35.455亿元；项目建设投资完成6.34亿元，招商引资完成6.64亿元，农民人均纯收入8506元，聚集区经济呈现出又快又好发展的喜人态势。河北青龙物流产业聚集区与肖营子镇实行“镇区一体”管理模式，托管马道沟村、海红庄村、温杖子村、王营子村、肖营子村、荒山沟村、上打虎店村、下打虎店村、沙沟村、西庄村和娄子店村等11个行政村，分荒山沟和马道沟两个片区，四至为：荒山沟片区西是肖营子，东至西庄，北是沙沟，南至252省道；马道沟片区西为马道沟西山脚下,东为沙河，北是温杖子，南至京哈高速冷口连接线。聚集区规划面积9.48平方公里，起步区面积4.85平方公里，截止目前，建成区面积2.56平方公里，涉及人口数1.67万人。河北青龙物流产业聚集区（肖营子镇）地理位置优越，地处承秦高速、京哈高速连接线交汇处，京沈高速连接线贯穿南北，承秦高速连接线横亘东西，距青龙县城25公里，距离京沈高速迁安入口50公里，距承秦高速八道河出口、承秦出海公路不足5公里；距秦皇岛港口106公里，距京唐港135公里，距曹妃甸港口175公里，距天津港200公里。因交通便利等诸多得天独厚的条件，园区成为众多投资者的首选，目前，园区有个体工商户1226家，私营企业324家，其中大型企业有：中红三融（省龙头企业）、大恒化工、河北向旺果汁、大秦商品交易中心、秦皇岛火天投资管理有限公司等，农村合作社57家（五指山板栗专业合作社为国家级示范社），石材厂64家，从业人员2400多人。青龙县城有汇通快递、中通快递(秦皇岛青龙分部)、优速快递、韵达快递(秦皇岛青龙分部)、申通快递、安能物流国通快递等多家物流企业，快递点交通便利，实现了快递基本覆盖。3.县域物流发展存在的发展问题一是物流配送体系不完善，快递配送服务进农村的不多，未能打通配送“最后一公里”。二是农产品冷链物流体系不完善。4.县域休闲农业发展情况青龙县被河北省农业厅、省委省政府农村工作办公室授予“2016年河北省休闲农业示范县”称号。在近日召开的青龙满族自治县第十三次党代会上，该县提出未来五年主打“生态牌”，培育旅游、生态农业、绿色加工、新能源新建材四大主导产业，建设全县域国家生态公园，打造全域旅游目的地，森林覆盖率达到72%，地表水重点监测断面达标率达到97%以上，切实将绿色环境转化为生态红利。围绕现有优势资源，响应国家绿色发展理念，注重农业与旅游业的融合发展，打造多个集生态治理、种养体验、林果采摘、生态旅游、休闲观光为一体的农旅综合体，实现旅游消费新亮点。同时，加强与高校对接，研究农产品深加工项目，打响特色农产品品牌，力推中药材、食用菌、板栗三大主导产业发展，实现产业脱贫致富。“生态+农业”围绕“生态+农业”，大力发展林果、现代标准化养殖、中药材、食用菌等特色产业，打造全国板栗生产第一大县、京津冀优质中药材基地和食用菌基地；集中建设“一中心三片区”现代农业示范园区，即以茨榆山乡等为重点，建设集生产示范、创业孵化、休闲旅游等为一体的综合性现代农业示范园区；以肖营子镇等为重点，建设数字现代休闲农业和板栗种植、肉鸡养殖循环型现代农业园区；以三星口省级现代农业园区等为重点，打造以中药材为主导产业的现代农业园区；以大石岭乡、土门子镇为重点，打造以优质苹果为主导产业的现代农业园区；实施农村经济林全覆盖工程，打造经济林式“绿色银行”。",,,,,0,0,1,2018-11-30 11:45,微博 weibo.com,"['http://ww2.sinaimg.cn/large/006zYrCngy1fxpxyipdg4j305c05874d.jpg', 'http://ww1.sinaimg.cn/large/006zYrCngy1fxpxyirc4jj308b04x3yz.jpg']",,
4295007705801634,GDRAeolgK,6615853681,用户6615853681,"曝光！达州申通恶意开箱损坏客户物品！昨天23:38 A.Lili 凤凰山下事情是这样：10月13日上午10点30左右申通快递跟我打电话收快递，我没接到电话，我在11点左右跟他回电话过去，他也没接电话，当然在这过程中我不清楚这是给我送快递的电话。在12点30左右，申通快递再次打来电话给我家人，说我电话关机导致快递今日无法送达，我想到这快递是水果，最好是今天送过来，毕竟时间还早才中午12点，但是达州申通打电话的人员态度极其僵硬，说不能送，要么明天送，要么自己来取，我跟她解释了几遍，快递是水果明天可能会坏，然而她态度仍然很僵硬，要么自己取要么明天送，水果损坏不包赔偿，于是我就向申通总部投诉了她，然后今天他们就送了快递，送过来的快递就成了这样，如下图，人都气炸！！！最后一张图是卖家给我的快递单，倒数第二张是收到了的包装箱图，从胶带明显看得出来快递被打开过（卖家给我的图竖着的胶带在横着胶带的下面，然后收到的快递竖着的胶带在横着胶带的上面，明显被打开并恶意损坏！），申通快递的行为真的是特别的恶劣！￼￼￼￼￼￼￼￼￼支持楼主32人支持￼ ￼ ￼ ￼ ￼ ￼ ￼ ￼ ￼￼ ￼ ￼ ￼ ￼ ￼ ￼ ￼ ￼￼ ￼ ￼ ￼ ￼ ￼ ￼ ￼ ￼￼ ￼ ￼阅读原文 阅读 9549 回复 50举报热门评论￼|風♂裏|o0密碼0LV7 县丞27楼好几个帮快递说话的，只能说你们是非不分，口口声声底层劳动者该同情该理解，难道这是他们的工作不该尽力完成吗？服务行业不该用心服务吗？工作不能做到尽善尽美不该投诉吗？被投诉了就故意损坏东西这样对吗？既然喊人人平等，就别老拿""弱势群体、底层工人""当做错事的挡箭牌，错就是错，错了还拿东西发泄。也没谁看不起谁，人家楼主也只是就事论是没有贬低哪个看不起哪个，理解也该是相互的，不可能因为你是""底层工人""就必须别人单方的理解你！难道人家楼主就一定就是""高层领导""吗？还有好笑的是你们居然还说出只是损坏东西没做更极端的事就不错了，想爪子，砍人吗？你错了还不让人批评了吗？4小时前 10 回复打开凤凰山下APP,查看全部50条评论你的热评写评论￼游客发表评论最热山友圈￼“我从小喜欢追根究底，长大后的志愿是当侦探，现在是报刊的主编，你呢？”“我从小喜欢玩，长大后的志愿是怀揣大把的钱到处去逛，现在是公交车售票员。”￼追@梦59￼今天着实有些凉。以茶代酒，吞个盒饭。暖和暖和。￼痴情贱男57￼我爱拍美女<imgwidth=""25""height=""25""src=""O网页链接""/><imgwidth=""25""height=""25""src=""O网页链接""/><imgwidth=""25""height=""25""src=""O网页链接""/>￼雅米茴音45￼来来来来，悄悄的告诉女郎，这是哪里呀<imgwidth=""25""height=""25""src=""O网页链接""/>#城市印象#￼Kitt女郎45￼周末愉快<imgwidth=""25""height=""25""src=""O网页链接""/><imgwidth=""25""height=""25""src=""O网页链接""/>￼libin8743￼来这里找食物吗？<imgwidth=""25""height=""25""src=""O网页链接""/><imgwidth=""25""height=""25""src=""O网页链接""/>￼北极的冰42￼来吃一份<imgwidth=""25""height=""25""src=""O网页链接""/><imgwidth=""25""height=""25""src=""O网页链接""/><imgwidth=""25""height=""25""src=""O网页链接""/>￼陈小杨42￼#心情日志#山友们晚上好🌇……你们切了没有……没有切的快点来额￼伊人独醉40￼纯天然原生态<imgwidth=""25""height=""25""src=""O网页链接""/><imgwidth=""25""height=""25""src=""O网页链接""/><imgwidth=""25""height=""25""src=""O网页链接""/>￼北极的冰40￼友友们集赞，谢谢！￼曾国斌131440热点推荐“献礼改革开放40周年，喜看达州重点项目“网民活动之魏蒲产业..前天15:32梦剑￼“献礼改革开放40周年，喜看达州重点项目”网民活动之魏蒲产业..前天15:41梦剑￼[气都快报]“献礼改革开放40周年喜看达州重点项目”之魏..前天15:12梦剑￼献礼改革开放40周年，喜看达州重点项目——第一站巴山大峡谷10-11风流才子：无名￼献礼改革开放40年，喜看达州重点项目～旅游扶贫10-11一页知秋￼“献礼改革开放40周年喜看达州重点项目”网民活动——之通讯..10-11达州ing￼“献礼改革开放40周年喜看达州重点项目”网民活动——巴山大..10-11达州ing￼个人对新线路，优化公交线路方案总结10-11可可西汉￼崔永元：别再让孩子聪明伶俐地进去呆若木鸡地出来！6小时前BigFish￼刚买的房子就亏几十万，大量业主要求退房4小时前达州铁桥￼安装应用免费下载凤凰山下",,,梦,"城市印象,心情日志",0,0,0,2018-10-14 12:58,vivo智能手机,,,
4292868094901461,GCXVfkz5P,3180641904,西咸新区空港新城,#扶贫攻坚空港在行动#【实习助力成长，资助暖梦大学|空港新城举行“助飞行动”之“暖梦计划”助学公益活动】为减轻空港新城贫困大学生就学经济压力、培养大学生社会适应能力、为大学生提供就业机会、助力贫困学子成长成才，9月30日下午，空港新城教育卫体局联合陕西省青少年发展基金会、空港新城改革创新发展局、空港新城行政审批和政务服务局以“实习助力成长，资助暖梦大学”为主题，举行“助飞行动”之“暖梦计划”助学公益活动，空港新城党委委员、管委会副主任刘功毅出席活动。陕西瑞银申通快递有限公司、陕西天烁精密机械有限公司陕西森泉建筑工程有限公司分别通过省青基会向贫困学生捐赠专项资金合计7万元。“暖梦计划”公益助学活动是“助飞行动”系列活动之一，重点服务在册贫困户大学生群体，通过邀请大学生在寒暑假到辖区企业实习见习的途径，既使企业通过公益活动抵扣了税额，又减轻了大学生就学经济负担；对于实习期间表现优秀的学子，在毕业后企业将优先录用，为学子返乡就业创业、回报企业、建设家乡提供了平台支持；企业通过公益既实现了担当社会责任和传播企业文化双赢的目标，更增强了与空港的归属感。2018年秋，教育卫体局与区内企业合作，为新城所有符合条件的在校贫困大学生提供企业实习岗位和实习补助，在2019年寒暑假实习累计满66天的，人均补助金额7000元；不足66天的，按实际天数补助。“助飞行动”是由共青团陕西省委、陕西省青少年发展基金会与西咸新区空港新城管委会于2018年春季共同发起，由西咸新区空港新城教育卫体局具体实施的一项旨在助力贫困学生成长成才的公益资助项目，采用政府兜底、社会公募、专业机构监管的模式，共同推动和保障“助飞行动”规范实施。自2018年3月启动以来，共募集资金逾22万元，覆盖学生近百人，实现了教育扶贫从学前段到大学段的全覆盖。出席本次活动的有陕西省青少年发展基金会、空港新城教育卫体局、空港新城改革创新发展局、空港新城行政审批和政务服务局、陕西瑞银申通快递有限公司、陕西天烁精密机械有限公司、陕西森泉建筑工程有限公司相关负责人。,,,,扶贫攻坚空港在行动,0,0,1,2018-10-08 15:16,微博 weibo.com,"['http://ww1.sinaimg.cn/large/bd94be70ly1fw0u74b501j20m80etwg9.jpg', 'http://ww4.sinaimg.cn/large/bd94be70ly1fw0u74cubjj20m80etdi5.jpg', 'http://ww1.sinaimg.cn/large/bd94be70ly1fw0u74e1uyj20m80et0u2.jpg', 'http://ww2.sinaimg.cn/large/bd94be70ly1fw0u79rb85j20m80etwfz.jpg']",,
4273919697448967,Gv0ZjvfOD,1980734371,砀山发布,【砀山县工商联携企业开展“金秋助学”活动】为推动企业参与扶贫，积极传递社会正能量，8月15日，县委统战部副部长、工商联党组书记汪学则携壹度集团、沃福农业、红山粉业、龙润堂科技、申通快递、乾正集团等6家会员企业代表到周寨镇开展2018年“金秋助学”活动。企业家们一同为12名贫困大学生每人发放了2000元助学金。,,,,,1,0,1,2018-08-17 08:22,搜狗高速浏览器,,,
4269950904290448,GtlK2i08M,6568759852,现代电商与物流研究院,"#今日头条#❶申通快递控股股东再度质押股权，累计质押达317,298,898股❷北京建设拟与普洛斯共同建立基金，并向基金出售67亿物业❸再下一城，京东配送机器人落户雄安❹全面布局!利群收购乐天更名""利群时代""新店亮相❺沃尔玛测试杂货配送机器人，计划年底覆盖2000家门店❻辽宁沈阳发现非洲猪瘟疫，已得到有效控制❼中国电商扶贫联盟启动，首批覆盖全国340个贫困县❽首批经业界标准认证的大闸蟹即将问世#物流##电商#",,,,"今日头条,物流,电商",0,4,3,2018-08-06 09:31,微博 weibo.com,,,
4260921444029423,GpyQogUeH,6293551142,IN辽阳,#辽阳身边事#【市交通局领导对辽阳邮政“交邮合作”工作进行调研】7月11日，市交通局领导赴辽阳市邮政管理局、辽阳申通快递营业网点、辽阳顺丰快递营业网点、辽阳圆通快递分拨中心、辽峰小镇（邮政农产品返程基地）开展调研。在调研现场，市交通局领导详细询问、了解邮政、快递业务的开办种类、业务收入、经营情况等问题，详细了解了辽阳邮政“交邮合作”具体情况。市交通局局长张君昶对邮政行业提出四点意见：一是积极支持快递行业健康发展；二是以“四好农村路”创建为载体，全面做好“交邮合作”；三是积极总结快递行业精准扶贫经验做法；四是加快推动辽峰小镇停车场建设。来源：辽阳交通,,,,辽阳身边事,0,0,3,2018-07-12 11:31,iPhone客户端,"['http://ww4.sinaimg.cn/large/006RV69oly1ft6x5rh6gqj30k30d8dqs.jpg', 'http://ww2.sinaimg.cn/large/006RV69oly1ft6x5rz6cvj30jz0dd165.jpg', 'http://ww1.sinaimg.cn/large/006RV69oly1ft6x5slerdj30je0dh4e6.jpg', 'http://ww1.sinaimg.cn/large/006RV69oly1ft6x5tw22xj30ka0dcal7.jpg', 'http://ww2.sinaimg.cn/large/006RV69oly1ft6x5usykzj30j30ditlu.jpg', 'http://ww4.sinaimg.cn/large/006RV69oly1ft6x5vdvpej30k60djtl9.jpg']",,
4248198950335700,GkdSf1pkw,3687395130,牛骑士,#微博股票##新浪财经#今日热点前瞻：CDR概念：6月6日深夜，CDR细则正式公布。6月6日下午，华夏、嘉实等6家基金公司上报的“战略配售”基金获得证监会发行批文。（相关个股：普路通、麦达数字、宇环数控、路畅科技、新华都、石基信息、三江购物）；仓储物流：6月，天猫、京东、苏宁等主要电商平台正式进入618大促季（相关个股：诺力股份、申通快递、顺丰控股、韵达股份、东方嘉盛、畅联股份）；征信服务：近日，百行征信有限公司宣布正式挂牌营业。（相关个股：银之杰、航天信息、新国都、高伟达、汇金股份）；高铁：7月1日起，中国铁路上海局集团有限公司将实施今年第二阶段列车运行图。（相关个股：华铁股份、高盟新材、飞鹿股份、中铁工业）；通信设备：工信部近日印发《关于推进网络扶贫的实施方案（2018-2020年）》，以推进网络基础设施建设为突破口。（相关个股：信维通信、欧菲科技、鹏博士、亨通光电、烽火通信、长江通信）；上证指数sh000001,,,,"微博股票,新浪财经",0,0,0,2018-06-07 08:57,今日看盘超话,,,
4223220439793109,G9K4jF5Dn,3880396242,最爱双子射手座,自从二月知道@东方卫视番茄台、@东方卫视我们在行动东方卫视我们在行动这个公益项目有钟汉良参加以来，就关注了乐农社@乐农社，并且在上面陆陆续续下了大概有近30个订单，花的钱大概也不会少于5000块。发现乐农社存在的问题很多，尤其最近购买沃柑，因为是新鲜水果，出现的问题更多，但是乐农社很少能积极主动的，或者是正面的解决问题，总是推诿塞责，消极对待。比如一箱水果坏了一半，乐农社先说补偿15元优惠券，这是处理问题的正确方式吗？后来一再交涉下，才说重新给人发货。有的水果表面看不出问题，但是每一个其实里面都坏了，果肉松塌塌，一股酒味，拍照看不出来，就说看不出问题，拒绝赔偿。今天跟他们联系，说我们大概要购买三四十箱沃柑，捐赠给敬老院、儿童福利院，希望他们能够从源头上把好质量关，让公益活动不至于成为笑话。客服却说，水果没办法掌控，运输过程可能出现的问题，天气原因等等，都无法保证水果质量。我说顺丰快递一直做鲜果运输，为何要用申通快递呢，出现了一堆运输问题，还解决不了！她说不是他们决定的等等各种消极推诿的回答。既然你选择了作为公益事业的平台，既然你选择了做水果这个产品，就要想办法把好质量关，而不能事不关己的态度。这样子能长久的做下去吗？选择你这个平台买那么多东西，是因为公益，因为扶贫助农，但是请不要亵渎了公益这个词，请不要让扶贫助农成为一个幌子，成为一个笑话！其实我之前购买的二十多箱沃柑，除了还没到货的五箱，其他的还好，坏果不算多。希望这份幸运能留到最后，留到这次即将到来的公益捐赠活动。至于乐农社，以后，可能江湖永不再见公益扶贫的平台很多，真的不止你们这一家！@东方卫视番茄台@东方卫视我们在行动也希望你们选择平台时，多多考察一下，不要让扶贫助农变成一个短期行为，变成商家牟利的工具。一家之言，不见得对，只是这两个月的个人感受罢了！,,,"东方卫视番茄台,东方卫视我们在行动,乐农社",,5,28,57,2018-03-30 10:41,梦中哇送的iPhone 7 Plus,['http://ww4.sinaimg.cn/large/e74a25d2gy1fpumxxve44j20qo1bf78m.jpg'],,
4200014529996963,G00nqFWFl,5981305551,圣元堂产业,四大措施促进农村电商发展！导读：农村电商这块大蛋糕，令许多人垂涎三尺。但是农村电商到底该怎么干？合作社、农业企业、种养殖大户等经营主体又该如何抓住这些机遇？究竟什么是农村电商？电商的概念是网上买卖，也不仅仅是工业品下乡或农产品进城。“乡愁圆梦”云南绿色农特产品电商平台，立足农村，聚集乡村资源，以销售本地特色产品为主，将农产品运用网上途径销售出去，将电商的物流、人才流、信息流、资金流聚集在县城周边，形成电商服务业、包装仓储物流相关产业和商品配套集群发展县域电商。农村电商怎么做？深入推进电子商务进农村综合示范项目推动农村电商公共服务体系建设支持县域电子商务公共服务中心和乡村级电子商务服务站点的建设和信息化改造。建立完善县、乡、村三级物流配送机制，着重解决县乡村“最初一公里”、“最后一公里”物流瓶颈问题，让产品“出得来”、“下得去”。镇沅公共物流中心建设情况公司在“乡愁圆梦”镇沅农村电子商务服务中心旁设立了镇沅公共物流仓储配送中心2300平方米，现已进驻有沅通物流、申通快递、德邦物流、圆通快递等物流经营实体，开通了镇沅到昆明、镇沅到普洱、镇沅到各乡（镇）的物流运输专线，在各9个乡（镇）建立了物流配送站，配置了7辆物流车，已经在为全县农村电子商务的物流运输服务，完成了农村物流体系的整合建设。提升农村特色产品电商化水平圣元堂绿色产品加工厂一号厂房建设情况圣元堂建设了占地15600平米的绿色产品加工厂，敞开大门为全县农特产品生产企业、合作社、种植大户服务，加强农产品生产加工、分等定级、包装、冷链物流（正在建设中）、仓储配送等基础设施建设，并提供质检、品控、溯源、品牌培育等服务，推动农产品的电商化。开展农商互联，促进电商企业与农产品生产加工企业、合作社开展合作，依托线上电商平台，整合线下农产品仓储、加工、配送资源，打造新型农产品供应链。深化电商精准扶贫天麻种植2万多平方米，涉及农户60余家加大综合示范工作对贫困地区的支持力度，在扩大支持范围时向贫困村组倾斜。开展“电商专家、产业发展专家下乡活动”，组织相关领域专家赴镇沅县古城镇南京村、京联村、者东镇东洒村、木厂村等贫困村组进行现场指导。针对农村电商发展环境弱但潜在产品丰富的特点，推动电商企业与贫困村组的深度合作，探索建立市场化对口帮扶机制。加强农村电商人才培养培训班动态今年2月，普洱市农村电子商务推进会的领导到镇沅农村电子商务服务中心参观指导，交流中全面总结近年来农村电子商务进展，推广各地好的经验和做法。同时，组织对示范县各乡村负责人进行培训，加强地区间的经验交流，截止今日，圣元堂农商学院已组织培训39期，培养农村电商人才3000多人次，培育壮大镇沅农村电商市场主体。百尺竿头，农村电商正在发展。太多的机会，等待你来共同发展！,,,,,0,0,0,2018-01-25 09:49,专业版微博,"['http://ww3.sinaimg.cn/large/006wMWObly1fnsm3u9r99j30hs04d0up.jpg', 'http://ww1.sinaimg.cn/large/006wMWObly1fnsm3wnqggj30hs06ddhu.jpg', 'http://ww4.sinaimg.cn/large/006wMWObly1fnsm3yfz7ij30hs07m77i.jpg', 'http://ww4.sinaimg.cn/large/006wMWObly1fnsm408ukwj30hs0a079o.jpg', 'http://ww1.sinaimg.cn/large/006wMWObly1fnsm41kk0rj30hs0a0wig.jpg', 'http://ww2.sinaimg.cn/large/006wMWObly1fnsm42mr3gj30hs0a0gqz.jpg', 'http://ww3.sinaimg.cn/large/006wMWObly1fnsm44h8ylj30hs0a0dkn.jpg', 'http://ww1.sinaimg.cn/large/006wMWObly1fnsm46nio8j30hs090ab2.jpg']",,
4187417684185673,FAG8ghySR,2480818191,山西大学商务学院物流协会,#物协分享#[滞销农产品有了新出路邮政业公益联盟启动“物流扶贫”]12月20日，国家邮政局发展研究中心和中国银行联合发起了“邮政业公益联盟”的启动仪式。参加联盟的有国家邮政局发展研究中心、申通快递股份有限公司、顺丰控股股份有限公司、江苏寄递纵横网络有限公司、中益善源（北京）科技有限公司等五家成员单位。仪式上，联盟各方共同签署了《关于推动邮政业公益项目的战略合作框架协议》及《邮政业公益联盟战略合作框架协议》，。据了解，“邮政业公益联盟”是邮政行业龙头企业为了深入贯彻落实国家扶贫开发总体规划，实现2020年全面建成小康社会目标，成立的精准扶贫公益组织，致力于建设邮政行业公益扶贫基金，加强贫困地区快递物流网络建设，促进以公益消费带动贫困地区农产品进城，从而精准帮扶贫困人群。在扶贫模式上，邮政业可以发挥自身优势，利用快递物流网络，帮助贫困地区实现农产品进城等目标，从而实现精准帮扶。例如，利用中国银行开发出的“公益中行”APP，陕西咸阳淳化县的农民每天都能接收到很多条订单信息，往年屡屡滞销的苹果，今年不到过年便销售一空，农民单户增收比往年多了7000多元。“邮政业公益联盟是对扶贫攻坚模式的新探索，其创新之处在于结合互联网、金融、邮政和公益五个行业的优势，充分整合优势资源参与扶贫攻坚任务，发挥不同行业在服务‘三农’中的协同作用，拓展向农渠道，推动行业转型升级和农业现代化建设。”国家邮政局发展研究中心主任曾军山表示。中国银行党务部部长潘超也表示，本次联盟意义重大，一是代表着邮政行业龙头企业全面参与精准扶贫，将分散的个人、企业行为转变成行业共同的行为；二是公益中行自此有了更强大的扶贫伙伴和战友，可以共同建设以“服务三农”、“发展农业”为目标的共享平台；三是本次合作有望解决贫困地区“农产品品质”和“物流成本高”两个核心问题。未来，邮政业公益联盟将依托中国银行精准扶贫共享平台“一起善源”全面展开工作。目前，该平台已拥有185余万爱心人士、264家公益联盟企业，帮扶了贫困县45个，累计受益贫困人口达90余万。,,太原·山西大学商务学院,,物协分享,0,1,1,2017-12-21 15:33,魅蓝 E2,['http://ww1.sinaimg.cn/large/93de480fly1fmofdudoqbj216b0qon1t.jpg'],,
4175371136451662,FvCKlr4n4,3035091371,英盛网,#总经理学院#总经理学院日报丨星期六（11月18日）1.腾讯与工商总局竞争执法局签订战略合作：探索创建“无传销网络平台”；2.证监会核发5家企业IPO批文，筹资总金额不超过30亿元；3.阿里巴巴8亿元南京拿地，江苏总部将正式落户南京；4.申通快递：10月快递服务业务收入11.44亿元，同比增长23.21%；5.2017年全球金融科技百强榜发布：蚂蚁金服排名第一；6.小米在俄罗斯开设全球首家24小时营业的小米旗舰店；7.外媒：丰田考虑在中国销售本土开发的电动汽车；8.全国扶贫小额信贷总量今年有望突破4000亿元；9.财政部：2018年普惠金融发展专项资金105亿元；10.国资委主任肖亚庆：国企改革不能停，也不会停下来。★把一件简单的事做好就不简单，把每一件平凡的事做好就不平凡——海尔公司总裁张瑞敏加入总经理学院，连接全球优质资源，为企业发展助力。免费体验链接：O网页链接,,,,总经理学院,0,0,0,2017-11-18 09:45,360安全浏览器,,,
4148052665332255,Fka4imna7,5939267156,久久天下网,临泉县电子商务物流全覆盖工作培训会在临泉电商园第一次成功召开，县商务局领导来指导工作，安徽久久天下电子商务有限公司和新盟物流有限公司主要负责人，申通快递，圆通快递中通快递，韵达快递，天天快递，各乡镇快递网店，各手机临泉电商精准扶贫网络线下店，参加会议，下一步对于农村电商物流全覆盖村级网店开发启动打开了新的篇章。,,,,,0,0,0,2017-09-04 00:31,OPPO R9s Plus,"['http://ww2.sinaimg.cn/large/006tWyHyly1fj6u1y6ajuj30zk0qojwx.jpg', 'http://ww3.sinaimg.cn/large/006tWyHyly1fj6u1zxb95j31be0qo7d4.jpg', 'http://ww4.sinaimg.cn/large/006tWyHyly1fj6u224bp2j31be0qo7cr.jpg', 'http://ww2.sinaimg.cn/large/006tWyHyly1fj6u24beslj31be0qojzo.jpg', 'http://ww3.sinaimg.cn/large/006tWyHyly1fj6u24yrx5j30m80cijsm.jpg', 'http://ww4.sinaimg.cn/large/006tWyHyly1fj6u2bk134j30zk0qon4q.jpg']",,
4122851525038996,F9Atil8S8,3980886844,M-慕斯卡,今年以来，我市启动了电商品牌培育工程和跨境电商企业培育等工程，成立了电子商务产业促进会，举办了电子商务讲师培训班，完善了电商扶贫工作方案，继续推进千家电商帮村工程，筹备召开了农商资源对接会，推动申通快递智能自动分拣机器人等重大项目正式运营，电子商务发展呈现出良好的势头。,,,,,0,0,0,2017-06-26 11:31,360安全浏览器,,,
4101879593922534,F0MTBgsqG,3481204752,临沂商务,【一季度我市电子商务实现快速发展】今年以来，我市启动了电商品牌培育工程和跨境电商企业培育等工程，成立了电子商务产业促进会，举办了电子商务讲师培训班，完善了电商扶贫工作方案，继续推进千家电商帮村工程，筹备召开了农商资源对接待会，推动申通快递智能自动分拣机器人等重大项目正式运营，电子商务发展呈现出良好的势头。O网页链接,,,,,0,0,0,2017-04-29 14:36,微博 weibo.com,,,
4055049292403339,En65ba5dx,1730709104,A5创业网,她22岁丧夫却在40岁时逆袭成为百亿富婆连马云都离不开她！　虽然事业上十分成功，可她并未忘记生养自己的山村，不仅出资修建了马路和各种生活设施，还设立了助学和扶贫基金等慈善项目，这个开挂的女人就是申通快递的创始人O网页链接,,,,,1,0,0,2016-12-21 09:09,360安全浏览器,,,
4037132500245461,EfzZ811R3,5092878633,懒懒的细猫,果农需要大家的帮忙，谢谢了，麻烦看到的转发下，可以微信留言，也可以打对方的手机号码，拜托了，45元10斤包邮全国，当地的申通快递，扶贫运费都是减半了,,,,,0,0,0,2016-11-01 22:34,荣耀X2,"['http://ww4.sinaimg.cn/large/005yFcnLjw1f9czbcf3kmj30qo16o7dn.jpg', 'http://ww2.sinaimg.cn/large/005yFcnLjw1f9czbgm2lmj30qo16odpc.jpg', 'http://ww1.sinaimg.cn/large/005yFcnLjw1f9czc37f7cj30qo0zkmyw.jpg', 'http://ww2.sinaimg.cn/large/005yFcnLjw1f9czc3tdntj30qo0zk0vv.jpg', 'http://ww4.sinaimg.cn/large/005yFcnLjw1f9czc4md2dj30qo111doe.jpg', 'http://ww3.sinaimg.cn/large/005yFcnLjw1f9czc5eycpj30k00zk0x2.jpg', 'http://ww3.sinaimg.cn/large/005yFcnLjw1f9czcelt7xj30qo0zkdnt.jpg', 'http://ww4.sinaimg.cn/large/005yFcnLjw1f9czcf9b4wj30qo0zk79o.jpg', 'http://ww2.sinaimg.cn/large/005yFcnLjw1f9czcgr13lj30zk0qo79h.jpg']",,
3946078124656677,DjkHyjxpH,2009704051,你看到的我是蓝色的-Veronica,申通快递真是太恶心了！早点倒闭吧！多出来的钱给你扶贫了！,,,,,0,1,0,2016-02-24 16:16,华为P8,,,
3808738077240192,C3FjFunvi,1767640620,KN的K是KO的K,求扩散，大家再也不要用申通快递了，寄了一箱年货，吃的食品，6.5kg回家，结果说给我弄丢了，也不主动解释赔偿，感觉职业道德被狗吃了。钱如果追不回来就当扶贫了，但是大家千万不要再用申通快递了，血和泪的教训。@申通快递官微,,,申通快递官微,,2,6,4,2015-02-10 16:36,荣耀3X畅玩版,,,
3767769113778115,BsqZ1fQRl,1498719921,公益中国网,机构携手电商在雅安推出产业扶贫新模式_公益要闻_新闻_公益中国网@中国扶贫基金会联合@国际美慈组织及雅安市群团组织社会服务中心发起，得到了@阿里巴巴集团企业社会责任部、@聚划算、新浪@微公益等平台的支持，菜鸟网络协调申通快递为本次活动提供物流支持。O网页链接,,,"中国扶贫基金会,国际美慈组织,阿里巴巴,聚划算,微公益",,0,1,1,2014-10-20 15:20,百度分享,['http://ww4.sinaimg.cn/large/5954a6b1jw1elhnf0ll08j20ci088ju1.jpg'],,
3701001989112931,B0q46CeGL,1858706940,Avril-Zheng,申通快递是流氓快递，拿了我在6688买的东西不送货，打电话催了好多天，还直接给我关机了，奇葩！6688的客服电话也是永远无人接听的，我不知道真的扶贫是这样的吗？客户下了单付了钱是不是就不管客户有没有收到货了吗？@维吉达尼@老榕@申通快递,,,"维吉达尼,老榕,申通快递",,1,5,0,2014-04-19 09:31,微博 weibo.com,,,
3578649620367707,zx02e1xEL,1937773140,丹丹dany-,#美丽雅安#灾区小朋友的大作如何送出？雅安申通帮你想办法！雅安申通提供免费物流支持！超级给力，满满的爱心将要出发喽~~@北京申通快递@爱心包裹项目@中国扶贫基金会@善行100,,,"北京申通快递,爱心包裹项目,中国扶贫基金会,善行100",美丽雅安,2,2,2,2013-05-16 18:27,iPhone客户端,['http://ww1.sinaimg.cn/large/73801254jw1e4qbccpb3lj204x0dm74w.jpg'],,
3542750169350185,zhW7SDepr,2427121770,mango801218,拿什么拯救你，申通快递！！你是这么多牛气么，申通快递，发往杭州滨江的货，你们能够发到温州苍南，你是去扶贫么？收件人的电话号码你们从没打过，你是在发件么？6次投诉结果分别是：找发件人自己联系去；弄错了尽快发回；我们尽快给你解决；我们上午12点回复；我尽快回复你；你错了，找发件人去！,,,,,1,0,0,2013-02-06 16:55,微博 weibo.com,['http://ww2.sinaimg.cn/large/90aaf06agw1e1jscd3el3j.jpg'],,
