﻿id,bid,user_id,用户昵称,微博正文,头条文章url,发布位置,艾特用户,话题,转发数,评论数,点赞数,发布时间,发布工具,微博图片url,微博视频url,retweet_id
4488151525767583,IAZdSocpx,3004938340,陕西省教育厅,#陕教扶贫在行动#【西医党委书记范兵赴柞水镇安调研“双百工程”工作】日前，@西安医学院党委书记范兵先后赴柞水县、镇安县，对接和调研该院“双百工程”扶贫工作。范兵与盘龙药业企业负责人进行了深入座谈交流，围绕深入推进省级产学研一体化示范基地建设，根据盘龙药业发展需求，在继续派驻专家、开展技术培训、学生实习见习、药物药品采购、制剂合作开发、创新创业和成果转化等方面进一步达成了共识。范兵在镇安县政府出席了2020年西安医学院帮扶镇安县座谈会，该院副院长姚文柱介绍了该院来年帮扶工作思路，并与刘云霄签订了《西安医学院对口帮扶镇安县助力脱贫攻坚项目协议书》。该院将充分发挥学科优势，衔接好党建、医疗、教育等帮扶项目，统筹好该院人力、物力和财力安排，持续发力、精准用力，切实把各项帮扶措施落地做实做细。,,,西安医学院,陕教扶贫在行动,2,331,442,2020-03-30 12:22,搜狗高速浏览器,"['http://ww4.sinaimg.cn/large/b31bb864ly1gdbu63gyi1j20go0ciwle.jpg', 'http://ww1.sinaimg.cn/large/b31bb864ly1gdbu63h47kj20go0chjx2.jpg']",,
4479404526545023,IxjFOrsET,1606612822,沸点观察,【除了瑞德西韦还有它！这两款中药节后涨幅瞠目结舌，背后它们最受益】#财经资讯#据生意社3月5日报道称，受影响出现不少热点品种，金银花，板蓝根等中药材节后明显上涨。2020年春节过后，金银花一直热度不减，位居热点品种搜索排行榜榜首长达20多天。近日市场来货量仍不大，持货者要价坚挺，山东产统货售价240元左右，春节前价格180元，优质货280元，涨价前200元。而连续多日荣登热点搜索第二位的是板蓝根，虽然大货交易量不及前期，但持货者要价仍不低，统货多售价24.5元，可加工饮片的统货要价26元。#上市公司#方面，关注浙江震元：公司已在全国建立60个药材基地，种植的药材包括浙贝母、延胡索、半夏、浙麦冬、薏苡仁等在内的浙八味，还有三七、甘草、金银花等药材。昆药集团：公司昆中药扶贫计划中的金平县阿得博乡南板蓝根产地种植及加工基地的实施：2018年已经与金平县众鑫中草药产销专业合作社签订了5000亩南板蓝根标准化种植及定点加工基地，2019年产出量达到1000吨。盘龙药业：公司分别于柞水县和华池县62个村71家专业合作社签订了以五味子、白术、黄芪、板蓝根、参、黄芩等品种的中药材种植订单，种植药材5万余亩。,,,,"财经资讯,上市公司",4,0,12,2020-03-06 09:05,微博 weibo.com,['http://ww1.sinaimg.cn/large/5fc2f756gy1gcjxm53i30j20dw07fqbc.jpg'],,
4478076932720451,IwL8xbpIf,3869738603,商洛税务,战“疫”一线的税务担当艰难困苦之时显忠诚、看担当。面对新冠肺炎疫情肆虐的严峻形势，商洛市税务局党委发出集结号，党员干部踊跃迎战、冲锋在前，让党旗在疫情防控一线高高飘扬。社区战“疫”的排头兵居民社区是疫情防控的重要阵地。“社区吹哨、党员报到”，在所在的小区，商洛市税务局的党员干部都积极投入到联防联控之中。在商州区江南小区，陈海峰、陈思宇父子二人齐上阵，成为广为人知的战“疫”父子兵。陈海峰是市税务局税收经济分析科科长，排班参加了小区第五组的北门值守工作。在他的带动下，儿子陈思宇作为“大学生志愿者”，毅然投入了小区的值守巡逻。在商中路社区，税务干部李军强当起了“疫情防控宣传员”，当他看到社区疫情防控检测站的人员日夜执勤、冒着严寒加班加点后，主动捐款1000元支持社区疫情防控人员购买口罩等防护物品。商中路社区主任牛军说：“这种勇于承担、无私奉献的志愿者精神值得每个人学习！”在这场没有硝烟的战争中，市税务局机关党委在商洛的240名党员，分别在第一时间到13个居民小区临时党支部报到，协助开展疫情排查、门禁值守、巡逻劝诫、宣传服务，共同构筑了群防群治的“铜墙铁壁”，市税务局也收到了社区送来的“表扬信”。扶贫抗“疫”的领头羊包扶村疫情防控责任重、难度大。在各个包扶村，税务局的驻村第一书记和同事们义不容辞，自觉担起了抗击疫情的重担。在丹凤县商镇两岭村，丹凤县税务局干部、驻村第一书记周彤一直坚守前线。疫情防控阻击战打响后，他第一时间赶赴包扶村，牵头压实疫情防控责任，建立检测值勤机制，迅速完成1116户3243人排查工作。特别是毗邻的商镇桃园村出现确诊病例后，他更是不分昼夜、严防死守，甚至“元宵节”都不离岗位，以辛勤的付出，确保了包扶村安全稳定、无一例确诊或疑似案例发生。在柞水县下梁镇四新村，柞水县税务局干部、驻村第一书记王力始终坚守一线。他牵头建立联防联控机制，成立宣传劝导小组，逐户开展排查检测，定期开展病毒消杀，带领工作队员筑起了疫情防控的坚固堡垒。在丹凤县庾岭镇塔尔坪村，商洛市税务局驻村干部郝丹宏在抓紧抓实疫情防控工作的同时，带领包扶干部制定了一季度包村扶贫具体措施，辅导大家注册了“建档立卡”APP，做到疫情防控和精准扶贫工作“两手抓、两手硬”。疫情无情人有情，在这场异常艰难的阻击战中，全市税务系统时刻把贫困群众的安危摆在前面、放在心头，驻村干部迎难而上，逆向前行，为贫困群众坚守了一片美丽的新家园。企业复工的“服务员”在疫情防控的攻坚时期，统筹推进疫情防控和经济社会发展成为当务之急。全市税务系统给力优惠政策落实，添力‘非接触式’办税，千方百计助力全市企业复工复产。党员干部全力当好五星级“店小二”，及时为企业送来了税费优惠的“红包”，开辟了咨询服务绿色通道。陕西盘龙药业集团股份有限公司复工的第一天，财务管理人员就收到柞水县税务局第二税务分局负责人刘炜送来的延期申报提醒和税收优惠政策，给企业吃下了“定心丸”。得知陕西香菊制药集团防护物资生产线快速投产后，商州区税务局党委书记、局长李丹书迅速安排业务骨干组成包联服务团，辅导企业进行税收优惠申报。在陕西天士力植物药业公司，法人朱永宏收到税收优惠政策解读后说：“这让我们可以迅速定位优惠，极速享受政策，真的很贴心！”据了解，商洛市税务局与疫情防控重点保障物资生产企业全面建立对接联系机制，对企业全面开展“一对一”宣传辅导，为企业提供网上即时办、热线指导办和自助机办理等“非接触式”办税方式，推行错峰办理、容缺办理、延期申报等服务举措，设身处地帮助企业排忧解难，把税费优惠政策迅速送到了企业的手中，让春风吹到了企业的心坎里。（作者：李毅）,,,,,0,0,0,2020-03-02 17:10,专业版微博,,,
4471792922003724,Iu7F28pg8,5953758071,百家云股,【今日题材】1、欧盟将投巨资建设充电桩未来市场规模万亿级A股公司中，【炬华科技】全资子公司杭州正华电子科技有限公司交流充电桩通过欧洲客户验收并实现发货。【和顺电气】有完整的电动汽车充电站解决方案，充电桩部件（网外设备、EPC）有较高知名度，充电桩产品在国网和南网招标中均有中标。2、我国在量子中继与网络技术上实现新突破，相关公司受关注A股公司中，【神州信息】参与了量子骨干线路“京沪干线”和济南城域网等项目的建设，携手国盾量子推出首个量子通信产品“神码国盾”。【凯乐科技】较早布局了量子保密通信技术在专网产品和应急通信系统产品的产业化应用，拥有量子保密通信技术产业化产品。【浙江东方】持股科大国盾与神州量子。3、消杀产品包装材料供给不足　相关公司受关注Ａ股上市公司中，【鸿达兴业】全资子公司江苏金材科技有限公司是国内规模最大的PVC包装材料生产基地之一，产品广泛应用于医疗领域及医药包装行业。【山东华鹏】子公司安庆华鹏拥有药品包装用材料和容器注册证，具有生产药用包装材料的资质。【海顺新材】公司专业从事直接接触药品的高阻隔包装材料研发、生产和销售。【今日要闻】扶贫开发领导小组：坚持如期全面完成脱贫攻坚任务不动摇，工作总体安排部署不能变，决不能有缓一缓、等一等的思想。中汽协：新冠肺炎疫情对汽车行业短期影响较大，行业产销量将会出现较大幅度的下降。央视：华中科技大学同济医院院长王伟表示，从目前疫情状况来看，我们必须做好中长期作战的准备。广东省政府：印发《广东省加快半导体及集成电路产业发展的若干意见》。【利好公告】本钢板材：控股股东本溪钢铁公司拟增持5000万元-1亿元股份中国天楹：中标1.5亿欧元固废处理项目中国电建：子公司签署逾125亿元海上风电项目合同吴通控股：中标建设银行短信发送项目【利空公告】江淮汽车：1月份汽车销量同比下降30.19%广汽集团：1月份汽车销量同比减少16%盘龙药业：苏州永乐九鼎等多名股东拟继续减持不超6%股份英科医疗：股东深创投及关联方淄博创新拟减持不超4%股份安达维尔：股东拟减持不超2.57%股份奥飞娱乐：控股股东及其一致行动人拟合计减持不超2%股份上海沪工：股东及董监高拟大宗交易减持股份不超过2%新时达：股东拟减持不超1.26%股份,,,,,0,0,0,2020-02-14 08:59,微博 weibo.com,,,
4453431290532877,ImpZv2eCN,2311077472,证券日报之声,【金银花成“扶贫花”盘龙药业带动农民致富】12月份的秦岭山里，已经开始降雪，柞水县西川村周围的山上，也是白雪覆盖。但在白雪下面，却寄托了西川村不少村民的希望。“今年三月份开春的时候，盘龙药业免费提供金银花苗让我们种，不但承诺到时候收购，而且在种植的时候每天还给我们工钱。”西川村的一位村民告诉《证券日报》记者。“为了帮助当地贫困户脱贫，前三年金银花的种植、除草、采摘，我们按照每天120元的标准，付给村民工钱，并且苗圃的费用、肥料等都是由公司负责。”盘龙药业党支部书记张水平对《证券日报》记者表示，为了解决农民的后顾之忧，所有的金银花将由公司按照市场价收购。而这是盘龙药业“公司+基地+贫困户”产业扶贫模式的又一次实践。详情→O网页链接,,,,,0,0,7,2019-12-25 16:57,搜狗高速浏览器,['http://ww3.sinaimg.cn/large/89c03e60ly1ga92mmjaqcj20k00b9t9e.jpg'],,
4453330086161063,ImnmgpQLZ,6906214710,投资者张,金银花成“扶贫花”盘龙药业带动农民致富-股票频道-金融界O金银花成“扶贫花”盘龙药业带动农民致富,,,,,0,0,0,2019-12-25 10:14,百度分享,,,
4453318769819436,Imn40Fcu0,6221776332,股商学堂,金银花成“扶贫花”盘龙药业带动农民致富　　“公司+基地+贫困户”是盘龙药业打造盘龙中药材基地，吸收基地周边贫困人员入基地就业务工，带动贫困户脱贫致富的一种扶贫模式。,,,,,0,0,0,2019-12-25 09:29,微博 weibo.com,,,
4452610583471736,Im4DMez9K,3866889735,柞水发布,【柞水三大产业促脱贫】近年来，柞水县始终将产业发展作为贫困群众稳定脱贫的主攻方向，坚持“一主两优”产业发展思路，走出一条产业振兴、脱贫致富之路。　　流域化发展壮大木耳产业，大力实施木耳“1153”计划，建成5条木耳菌包生产线，创新推行“借袋还耳”“借棚还耳”木耳产业发展模式，由村集体经济组织与企业签订借袋合同，农户与村集体经济组织签订“借袋还耳”协议，实行木耳保护价收购，贫困户无需资金就能参与木耳产业、实现致富增收，被列入全国十大产业扶贫案例。全域化发展壮大旅游产业创新推行全域联动、产业联接、景区联带、入股联营旅游“四联”模式，建成休闲农业示范点12个、农家乐集群8个，解决2100多户贫困户农副产品销售问题，实现2万人就地就近就业，得到国务院扶贫办的高度认可，并作为陕西省“十三五”旅游扶贫样板在全国推广。立体化发展壮大医药产业，将发展林下经济作为贫困群众增收致富的重要途径，建成千亩规范化示范种植基地和万亩中药材规模化种植基地4个，建设连翘、丹参等中药材标准化种植基地15.85万亩，带动全县群众大力发展中药材种植，中药材加工企业柞水盘龙药业有限公司被全国工商联、国务院扶贫办评为“全国万企帮万村”精准扶贫行动先进民营企业。,,,,,0,0,0,2019-12-23 10:35,专业版微博,,,
4450972980041409,Ilo2u0aLT,5480181149,云朵16566,12月17日，我县天源中草药开发有限公司与陕西盘龙药业集团有限公司成功签约秦药药源种植基地项目。县长叶盛强参加签约仪式并讲话，县领导齐永宏、王贵生、陈昌煦、薛玉霞参加活动。签约仪式上，陕西盘龙集团公司副董事长张水平介绍了项目基本情况，我县天源中草药开发有限公司总经理曹公义介绍了中草药种植情况，双方进行了项目签约。县长叶盛强与双方负责人共同为秦药药源种植基地项目揭牌。陕西“秦药”药源种植基地项目总投资1.1亿元，该项目通过我县营头镇秦岭外山适宜的秦药种植环境及气候等优势开展林下种植，可带动周边农户发展林下经济，脱贫致富，实现生态与扶贫双赢。叶盛强代表县四大班子对陕西盘龙药业集团有限公司来眉投资表示欢迎，对项目成功签约表示祝贺。下一步，希望企业能够加快推进基地建设，争取早日建成，源源不断的提供中草药供应；各相关部门要为项目保驾护航，全方位提供好保姆式服务，推进项目尽快建成。叶盛强还向企业领导介绍了我县的产业布局和资源优势，希望以此项目签约为契机，欢迎企业来眉洽谈合作、投资兴业，共协发展、实现共赢。,,,,,0,0,0,2019-12-18 22:08,荣耀畅玩7 全面屏手机,,,
4446440061274407,Iju7k5lwX,3013699443,西安医学院,#榜样有你#[科技扶贫，这位西医药专家够“土味”！]今天我们向大家介绍的是李伟泽老师。坚守一个初心奔着一个目标发展一个产业盘活一个基地造福一方百姓”科技创新的新气象，无疑给当下脱贫攻坚带来了新机遇。我校李伟泽教授带领他的团队深刻把握科技扶贫的内涵，不断将学校蕴含的医学资源优势和学科优势转化为扶贫的资源优势和科技优势，借助“高校+企业+基地+农户”四位一体扶贫模式，实现扶志和扶智相统一，“富口袋”与“富脑袋”相结合，“输血、储血、造血”相协调的扶贫奔小康路子。李伟泽教授出生于山西芮城，是我校药学院药剂学学科带头人，主要从事中药新剂型、新制剂与制剂新技术方面的研究，特别是在新型透皮给药系统领域进行了深入的基础研究和产业化开发。发表相关科研论文30余篇，被SCI收录8篇；获得新药新制剂授权发明专利15项（已转让开发5项）；主持科技成果鉴定2项；主持完成国家自然科学基金、国家发改委、陕西省科技厅等科研项目8项。“科技+扶贫”组合拳能否打好，派驻企业科技扶贫岗能否站好，科技在扶贫工作中的“四两拨千斤”作用能否发挥，李伟泽决心让自己这个书院专家成为贫困户和盘龙药业真正需要的“药专家”。“想点子”“找路子”。如何让自己这些年来的学术研究转化为实际产能，服务地方经济发展，带着问题找答案是作为科研工作者的自觉，李伟泽教授常奔赴于药材种植的田间地垄、药物生产流水线、质检分析中心与研究院调研掌握一手材料。语言是摆在扶贫路上的一堵墙，于是他就频繁穿梭在生产基地、药物生产流水线，听方言、学说方言，偶尔的山西调夹杂着川味的方言逗乐了大家。经过一段时间的功课，李伟泽有了些“土味”，他详细地调研了解了盘龙药业的发展存在的优劣势、面临的机遇与挑战、市场反馈等问题，通过深化“高校+企业+基地+农户”四位一体的互动，按照“以药为主、适度多元、错位发展、特色鲜明”的思路，拟定帮扶工作计划，并积极配合企业付诸于实际运用。“育苗子”“补口子”。针对队伍“战斗力”不强的问题，李伟泽及其团队以学校为后盾，应盘龙药业要求，为企业技术人员开展了系列专题培训，通过“理论+实践+强训”的模式为企业“育苗子”，提升技术人员的业务操作技能和解决突发问题的能力，保障检验检测分析结果的科学性和准确性，减少批次间的差异性；针对药材质量不高的问题，他走进药材种植基地，走到田间地垄与贫困户、技术员同劳动，及时将药材种植技术和注意事项讲解给种植户，向他们讲解从药材源头保障药剂质量的重要性。面对人才流失的“口子”，李伟泽团队协助盘龙集团公司制定了薪资待遇挂钩的企业职称晋升制度，技术人员通过业务技能的提升与考核即可获得相应的职称认定和薪资报酬，并协助组织了第一次企业职称晋升评审，为企业上市后的快速发展奠定了坚实的人才基础。“增长点”“闪亮点”。产品研发是一场与时间赛跑的游戏，产品定位则是企业发展的核心命门。透皮给药系统具有口服、注射等不可比拟的优势特点，在全球以每年17.8%的增长率高居各种新剂型之首，市场前景广阔、研发价值巨大。李伟泽研究团队注意到盘龙药业生产的“盘龙七片”的治疗适应症恰好适合于透皮给药制剂的开发。经过与盘龙药业研究院反复讨论论证后，设计了基于“盘龙七片”开发系列新型透皮给药新产品的计划与具体落实。2019年8月21日，在学校结对帮扶协助下，盘龙药业的拳头产品“盘龙七片”顺利入选2019年版《国家基本医疗保险、工伤保险和生育保险药品目录》甲类范围，并被中华中医药学会《类风湿关节炎病症结合诊疗指南》收录，成为该指南的推荐用药；此外，盘龙七片系列透皮给药制剂也即将问世。实现产业扶贫“造血”，激发脱贫内生动力是学校与李伟泽教授科技扶贫的旨归。2017年，学校联合著名民营企业陕西盘龙药业、柞水县人民政府，合作共建“西安医学院柞水县陕西盘龙药业产学研一体化示范基地”，按照校企合作协议约定，企业部分收益和校企合作研发全部收益用于柞水县扶贫事业。2018年，盘龙药业在陕西省慈善协会设立慈善基金1000万元用于扶贫帮困、助医助学、改善交通等；2019年8月，校企联合资助柞水中学2019年高考建档立卡贫困户大学生40人，每人获3000元助学金奖励。双方共建的产业扶贫“金银花规范化栽培示范基地”项目，在西川村建成优质金银花基地2000亩。2019年，西川村通过基地项目建设增加收入200多万元，加之受益于当地的木耳种植示范基地等项目，全体村民人均年收入已达8100余元，“靠老天爷吃饭”也在慢慢走进老黄历。科技扶贫大有可为、也必将大有作为，在这场“不获全胜、决不收兵”脱贫攻坚战中，在学校强有力的支持下“药专家”李伟泽教授“知技善用”将研究成果无私转化到科技扶贫工作中，真正实现了坚守一个初心、奔着一个目标、发展一个产业、盘活一个基地、造福一方百姓。(来源:西安医学院官方公众号),,,,榜样有你,5,5,32,2019-12-06 09:56,OPPO R9s,"['http://ww4.sinaimg.cn/large/b3a16773ly1g9mrp27q4wj20g90c70ww.jpg', 'http://ww4.sinaimg.cn/large/b3a16773ly1g9mrp2v1drj20le0g1n4a.jpg', 'http://ww2.sinaimg.cn/large/b3a16773ly1g9mrp42t0cj20u00kdn7v.jpg']",,
4438532489306769,IgapaD37b,3013699443,西安医学院,#西医资讯#【西安医学院校企合作助力地方经济发展】#陕教扶贫在行动#在高校“双百工程”中，我校充分发挥高校人才科技优势，联合陕西盘龙药业集团股份有限公司、柞水县人民政府合作共建的“西安医学院柞水县陕西盘龙药业产学研一体化示范基地”运行良好。为确保“高校+企业+基地+农户”模式发挥最大的作用，从2017年成立基地开始，西安医学院持续派博士、教授参与企业的技术研发，依托学校在中药透皮给药领域的技术优势，联合南京乐药投资公司，对盘龙药业的产品研发布局、市场开拓、品种门类与投资并购等进行了深入的调研分析。2019年8月，盘龙药业的拳头产品“盘龙七片”正式入选《国家基本医疗保险、工伤保险和生育保险药品目录（2019年版）》甲类范围。校企合作协议约定，企业部分收益和校企合作研发全部收益用于柞水县扶贫事业。2018年，盘龙药业在陕西省慈善协会设立慈善基金1000万元用于扶贫帮困、助医助学、改善交通等。双方共建的2000亩优质金银花基地，也为当地村民带来实实在在的收益。2019年，基地所在的西川村现已通过基地项目建设增加收入200多万元。（via@陕西省教育厅）,,,陕西省教育厅,"西医资讯,陕教扶贫在行动",5,4,20,2019-11-14 14:14,荣耀10 AI变色更潮美,"['http://ww4.sinaimg.cn/large/b3a16773ly1g8xjhy8ki3j20go0bigok.jpg', 'http://ww1.sinaimg.cn/large/b3a16773ly1g8xjhym609j20f70bet9i.jpg', 'http://ww1.sinaimg.cn/large/b3a16773ly1g8xjhyu26kj20go0ci0u8.jpg', 'http://ww3.sinaimg.cn/large/b3a16773ly1g8xjhz4094j20go0ci3ze.jpg']",,
4438530845082034,Igamwlk4i,3004938340,陕西省教育厅,#陕教扶贫在行动#【西安医学院校企合作助力地方经济发展】在高校“双百工程”中，@西安医学院充分发挥高校人才科技优势，联合陕西盘龙药业集团股份有限公司、柞水县人民政府合作共建的“西安医学院柞水县陕西盘龙药业产学研一体化示范基地”运行良好。为确保“高校+企业+基地+农户”模式发挥最大的作用，从2017年成立基地开始，西安医学院持续派博士、教授参与企业的技术研发，依托学校在中药透皮给药领域的技术优势，联合南京乐药投资公司，对盘龙药业的产品研发布局、市场开拓、品种门类与投资并购等进行了深入的调研分析。2019年8月，盘龙药业的拳头产品“盘龙七片”正式入选《国家基本医疗保险、工伤保险和生育保险药品目录（2019年版）》甲类范围。校企合作协议约定，企业部分收益和校企合作研发全部收益用于柞水县扶贫事业。2018年，盘龙药业在陕西省慈善协会设立慈善基金1000万元用于扶贫帮困、助医助学、改善交通等。双方共建的2000亩优质金银花基地，也为当地村民带来实实在在的收益。2019年，基地所在的西川村现已通过基地项目建设增加收入200多万元。,,,西安医学院,陕教扶贫在行动,1,1,2,2019-11-14 14:07,微博 weibo.com,"['http://ww3.sinaimg.cn/large/b31bb864ly1g8xjc485r2j20go0biqlp.jpg', 'http://ww2.sinaimg.cn/large/b31bb864ly1g8xjc3an3dj20f70be0tj.jpg', 'http://ww3.sinaimg.cn/large/b31bb864ly1g8xjc3d9v5j20go0ci0vd.jpg', 'http://ww3.sinaimg.cn/large/b31bb864ly1g8xjc3ct58j20go0ci0ue.jpg']",,
4438454614293264,Ig8nzi0Sc,5307977303,陕西青年网,#雏梦童行#《@西安医学院校企合作助力地方经济发展》校企合作协议约定，企业部分收益和校企合作研发全部收益用于柞水县扶贫事业。2018年，盘龙药业在陕西省慈善协会设立慈善基金1000万元用于扶贫帮困、助医助学、改善交通等。双方共建的2000亩优质金银花基地，也为当地村民带来实实在在的收益。2019年，基地所在的西川村现已通过基地项目建设增加收入200多万元。O西安医学院校企合作助力地方经济发展,,,西安医学院,雏梦童行,1,0,1,2019-11-14 09:05,微博 weibo.com,,,
4388505113064919,HB8qbcRkb,3013699443,西安医学院,#西医资讯#【我校领导赴柞水等地开展扶贫调研工作】为贯彻落实省委、省政府2019年脱贫攻坚工作有关要求和部署，近期我校领导分别前往柞水等地开展扶贫工作调研。在柞水县下梁镇西川村，校领导实地查看了学校与盘龙药业共同建设的产业扶贫项目“金银花规范化栽培示范基地”和五味子种植基地，并与相关负责同志就金银花种苗栽培及项目宣传、药物研发等方面进行了深入交流；在盘龙制药集团有限公司柞水生产基地，校领导还看望了我校驻企帮扶干部李伟泽博士，范兵书记听取了李伟泽博士和企业负责同志的工作汇报，希望双方能够密切合作，在企业团队建设、产品研发方面持续投入，取得实效。随后，范兵书记一行前往我校驻村联户帮扶点丹凤县花瓶子镇油坊坪村实地调研。座谈会上，丹凤县副县长张争京、花瓶子镇党委书记彭巍对当地地理环境、产业发展、脱贫工作成效和下一步扶贫工作思路等进行了汇报，范兵书记指出，学校党委高度重视精准扶贫工作，近年来在扶贫工作中也取得了宝贵的经验和积极的成效。丹凤作为革命老区，学校投入到当地扶贫工作中去也是光荣的责任和义务；希望学校扶贫工作的经验能在当地落地生根，产生实效。谈及帮扶工作的具体安排，范书记指出：“扶贫先扶志扶智”，学校将进一步发挥教育、医疗资源优势，在助学助教、健康医疗、技能培训等方面为当地提供一定支持。如远程医疗建设、为当地贫困户开辟绿色通道、为当地建档立卡贫困居民等方面实行健康管理，切实解决老百姓的健康问题；在基层党建、精神文明建设、消费扶贫等方面，学校也会加大工作力度，通过建设书屋、学生暑期调研、政策宣讲等形式，不断提升当地的精神文化水平，改变当地精神文明面貌。学校将与县、镇共同努力，推进油坊坪村2019年度脱贫出列。当天，我校第二附属医院13位专家在医院党委书记吴胜军的带领下，来到油坊坪村进行义诊和体检，为当地百姓实地解决卫生健康问题。6月24日，我校副院长黄保强、李雪萍带队前往柞水、镇安开展精准扶贫调研工作。调研组一行在陕西盘龙企业集团党支部书记张水平的陪同下，实地走访调研了盘龙企业展厅、质量控制中心、生产车间等地，深入考察了解我校与盘龙企业产学研一体化示范基地建设情况。随后，在盘龙企业会议室举行了座谈。座谈会上，党政办公室调研员段新虎就2019年上半年我校与盘龙企业在专业技术人员培训、短期实用技术项目培训、“四主体一联合”、“省级创新平台”、两千亩金银花种植基地等方面的推进情况进行了详细通报。在听取工作汇报后，李雪萍副院长在讲话中指出，一要转变办学理念，开展继续教育，对高职高专人员进行继续培养，进而解决盘龙企业的人才紧缺问题；二要加强我校学生培养工作，发挥好我校药学专业的优势，培养更加优秀的本科生，服务基层、服务陕西；三要打造专业的双师队伍，要求我校教师在做好教学的同时，利用好与盘龙企业合作的优势资源，扎根本土做好研发工作，在产学研合作中实现共赢。黄保强副院长在总结讲话中代表学校感谢盘龙企业在双方合作中所提供的各项支持，表示通过本次调研深入了解了校企合作所取得的成绩以及目前所面临的问题，强调在今后合作中将进一步发挥我校在学科、智力、人才等方面的优势，推进校企合作的深度融合，落实好产学研一体化工作。下午，调研组一行在镇安县政府二楼会议室与县政府办、科教局、市监局、商务办、陕西瑞琪药业有限公司负责人举行了座谈。镇安县各参会部门负责人介绍了校县帮扶合作中取得的成绩，并希望我校能够从镇安县名优农特产品质量检验培训、农特产品销售、药业公司人员技术培训等方面给予更有力的支持和帮助。会上，段新虎通报了2019年上半年我校与镇安县开展结对帮扶项目的推进情况，并就下半年我校将搭建农特产品销售平台等事宜作了具体介绍，希望县政府相关部门高度重视并积极配合，落实好扶贫政策，确保更多贫困户受益。黄保强在讲话中指出，学校党委对扶贫工作十分重视，每个校领导都有明确的工作落实任务。以前各阶段学校与镇安扶贫工作的合作进展项目内容丰富，推进扎实有效，下一步要在新确立的项目上抓好对接。座谈中，李雪萍副院长就我校与镇安县开展的月嫂培训帮扶项目的后期效果进行了了解。原文链接👉O网页链接,,,,西医资讯,0,0,16,2019-06-29 13:03,阿医专属的Android,"['http://ww2.sinaimg.cn/large/b3a16773ly1g4hc9ifdqdj20go0b2tmx.jpg', 'http://ww2.sinaimg.cn/large/b3a16773ly1g4hc9imbcxj20go09ajwd.jpg', 'http://ww1.sinaimg.cn/large/b3a16773ly1g4hc9iuo19j20go0ajwnu.jpg', 'http://ww4.sinaimg.cn/large/b3a16773ly1g4hc9jhhvxj20go0cigpc.jpg', 'http://ww1.sinaimg.cn/large/b3a16773ly1g4hc9jok5ej20go0cigop.jpg', 'http://ww2.sinaimg.cn/large/b3a16773ly1g4hxymxkelj20go0cin0z.jpg']",,
4363881923129281,HqNRmd84h,3867682734,商南发布,西安市商洛商会和商南商会企业家走进商南考察交流O网页链接4月20日上午，县委书记许水兆，县委常委、常务副县长李军先后陪同西安市商洛商会和商南商会各位企业家实地考察了万达智造、神州科技、泰科泵阀、秦东金丝茶业、试马现代农业园区等部分重点企业和相关产业发展情况。下午，在天鹿酒店召开了西安市商洛商会和商南商会企业家走进商南考察交流会。西安市商洛商会会长、陕西盘龙药业集团股份有限公司董事长谢晓林，西安市商南商会会长、陕西广源建筑有限责任公司总经理任长中，以及陕西祥福盛实业、宏彦工贸、美阳家具装饰、永恒钒业等西安商洛商会、西安商南商会各位企业家，县委书记许水兆、县人大主任白桦、县政协主席李桂芳，县委常委、副县长代吉上以及县委办、政府办、工商联、发改局、财政局、经贸局等部门主要负责同志和县内重点企业家代表参加了会议。县委副书记、县长崔华锋主持会议。交流会上，代吉上重点推介了当前县上主推的几个有发展基础、市场前景好的招商项目，谢晓林、任长中分别代表西安商洛商会和商南商会向商南县捐赠了价值30万元的健康扶贫药品和20万元扶贫爱心资金。陕西盘龙药业集团与县卫生健康局签订扶贫战略合作协议；陕西广源建筑公司与县科教体局签订商南县文体城建设项目合作框架协议；陕西祥福盛实业与商洛神州实业签订年产20万套智能家居一键通电子模块生产项目合作框架协议；陕西宏彦工贸与商南沁园春茶业公司签订沁园春茶产业休闲度假区项目合作框架协议。谢晓林、任长中结合企业发展实际分别作了发言，表达了支持家乡建设、实现合作共赢的美好心愿，也对商南的发展提出了非常中恳的意见建议。许水兆作了热情洋溢的讲话，崔华锋就双方合作发展谈了几点意见。许水兆指出，多年来，西安市商洛商会、商南商会不断加强自身建设，切实搞好团结互助，认真做好服务、联络、引导、交流等工作，不断提升商会的凝聚力、号召力、影响力，源源不断地将新理念、新技术、新项目、新信息，以及更多的人才、资本带回商南，吸引带动了大量企业落户商南、投资商南。各位商南籍企业家在外大显身手、建功立业、当好商南的“形象大使”，在家乡倾情投资、扶危济困、做好商南的“先锋卫士”，为商南县的经济社会发展做出了极大贡献。许水兆强调，近年来，商南县始终坚持“生态立县、产业富县、城乡统筹、赶超发展”战略，稳步推进“一心三带五协同”规划布局，实施大项目、发展大产业、做强大旅游，特别是把发展民营经济作为全县经济发展的重中之重，为民营经济发展创造条件、提供支持和保障。希望广大企业家朋友，以战略的眼光和发展的视角，抢抓机遇、兴业商南，把项目带到商南、把资金投向商南，在商南追赶超越大潮中与商南人民携手向前、共享成功。许水兆强调，要强化措施、精细服务，确保项目早日落实落地、早日达产达效。在政策上优先支持，在服务上优化提升，在推进上齐心协力，县委县政府将采取“一个项目、一名领导、一套班子、一抓到底”的“四个一”机制，夯实责任，全程跟踪推进，加大督查力度，及时解决项目建设中存在的问题，力争协议签订一个、落地一个、建成一个。就双方合作发展，崔华锋用“五个好”进行了概括。一是时间好。人常说人间最美四月天，现在商南县到处都是桃花夭夭，绿水盈盈，青山绿水，看到此情此景，增加了各位企业家对家乡热爱的情感和奋发勇为、干事创业的激情。二是机遇好。当前，正值脱贫攻坚的关键时期和国家实施乡村振兴战略，以及省委提出发展三个经济和市上提出的“一体两翼”中心城市建设重大发展机遇期，各位企业家选择这个节点来走进基层、走进家乡，开展考察交流活动，机遇非常好。在这个关键时期，各位企业家一定能够找到商机，一定能够找到机遇。三是感情好。各位企业家，相互都比较熟悉，商洛商会是商洛人自己的商会，商洛商会的企业家是自己的企业家，是商南最可信赖、最贴心的企业家。四是建议好。各位企业家都提了非常多的真知灼见，提出了非常诚恳的建议。五是合作好。本次会议签订了四个框架协议，这只是双方合作的起点，要以此为机遇，开启双方互利共赢的新征程，希望各位企业家多来商南走一走看一看。,,,,,1,1,1,2019-04-22 14:19,微博 weibo.com,['http://ww2.sinaimg.cn/large/e68827aely1g2be0zfd43j20u00k0k2n.jpg'],,
4356648606279793,HnLGIqlEZ,3004938340,陕西省教育厅,#陕教扶贫在行动#【西医团队赴柞水县盘龙药业种植基地开展科技扶贫】近日，@西安医学院科技扶贫团队前往柞水县盘龙药业金银花中药材种植基地开展“科技+”扶贫工作。根据该院与柞水县人民政府、盘龙药业签署的战略合作协议，该院与盘龙药业共同建设院企平台，依托当地药用植物资源，实现科技扶贫。该院与企业为基地中药材的提取、加工提供技术研发团队支撑，联合申报科研项目，开发产品，实现科研成果探索与共享，引导科技资源向贫困地区倾斜，为扶贫战场注入科技力量。盘龙药业种植基地依托企业和市场需求，契合陕南商洛实际药用资源，吸收基地周边贫困人员入基地就业务工。该院已经达成与盘龙药业医药领域产学研合作，打出“科技+扶贫”组合拳，服务陕西建设和地方脱贫攻坚，实现经济效益、社会效益双赢目标。,,,西安医学院,陕教扶贫在行动,1,0,6,2019-04-02 15:17,搜狗高速浏览器,"['http://ww2.sinaimg.cn/large/b31bb864ly1g1oax3o9buj20f80huwfi.jpg', 'http://ww4.sinaimg.cn/large/b31bb864ly1g1oax3q40ij20f80bfwfd.jpg', 'http://ww2.sinaimg.cn/large/b31bb864ly1g1oax3ofhbj20f80buabb.jpg', 'http://ww1.sinaimg.cn/large/b31bb864ly1g1oax3ok7gj20f80c4q3y.jpg', 'http://ww3.sinaimg.cn/large/b31bb864ly1g1oax3ope2j20f80bk75e.jpg', 'http://ww4.sinaimg.cn/large/b31bb864ly1g1oax3q76xj20f80bht9r.jpg']",,
4352213016670645,HlUixrZl3,2802615534,养生经济,养生经济#养生经济#阳春三月，万象更新。3月18日这天早上，陕西省柞水县西川村的很多村民早早地就来到了村子旁边的山地旁边。他们村的一千亩山间地块，将成为盘龙药业的金银花种植基地。而这是盘龙药业“公司+基地+贫困户”产业扶贫模式的又一次实践。O金银花带来“幸福花”盘龙药业以金银花种植推动产业扶贫,,,,养生经济,0,0,0,2019-03-21 09:31,养生经济超话,,,
4351535598809666,HlCFVAXNo,1959437653,西部热点网,#头条新闻#【金银花带来“幸福花”陕西盘龙药业以金银花种植推动产业扶贫】阳春三月，万象更新。3月18日这天早上，陕西省柞水县西川村的很多村民早早地就来到了村子旁边的山地旁边。他们村的一千亩山间地块，将成为盘龙药业的金银花种植基地。而这是盘龙药业“公司+基地+贫困户”产业扶贫模式的又一次实践。据了解，“公司+基地+贫困户”是盘龙药业打造盘龙中药材基地，吸收基地周边贫困人员入基地就业务工，带动贫困户脱贫致富的一种扶贫模式。3月18日早上8点钟，30万株由盘龙药业研究院委托陕西师范大学、西北农林科技大学合作推出的金银花苗，准时运到了西川村的山间地头。陕西师范大学生命科学院副教授崔浪军告诉记者，经过优化的金银花不同于之前的藤蔓金银花，为树冠状金银花，“这种金银花便于采摘，花期集中，能够最大限度地降低对金银花的管理、采摘等成本，增加收益。”据他介绍，这种金银花的周期约为三十年，“其中盛产期为15-20年，盛产期每亩可采摘100公斤左右，按照目前的市场收购价格，每公斤在150-200元，保守预计，每亩的收益在15000元。”崔浪军告诉记者，该品种的金银花第四年将进入盛产期，“今年就可以开花，但数量较少，明年就会有一些收益。”“为了帮助当地贫困户脱贫，前三年金银花的种植、除草、采摘，我们按照每天120元的标准，付给村民工钱，并且苗圃的费用、肥料等都是由公司负责。”盘龙药业党支部书记张水平对记者表示，为了解决农民的后顾之忧，所有的金银花将由公司按照市场价收购。张水平告诉记者，西川村共有183贫困户，贫困人口529人。根据目前的规模，在盛产期，按照目前的收购价，1000亩地将为该村每年带来1500万的毛收益。“而且，金银花最后还可以制作成盆景，这对当地村民来讲，又是一笔收益。”崔浪军告诉记者。遍山的金银花，对于当地村民来讲，就是未来的幸福花。而这，仅是盘龙药业产品扶贫的冰山一角。据记者了解，这种“公司+基地+贫困户”的模式，除了西川的金银花种植基地外，还有陕西柞水营盘五味子种植基地、甘肃华池县标准化示范种植基地等种植基地，目前规模已达3万余亩，共与柞水县768户1160人、华池县88户200人签订了基地用工协议在种植基地务工，极大地帮助了贫困群众增加收入。“企业是社会的组成部分，只有服务公众，奉献社会，企业才能基业长青，永续发展。”盘龙药业董事长谢晓林对记者表示，除了“公司+基地+贫困户”的模式外，公司的还通过“公司+合作社+贫困户”，“公司+盘龙慈善扶贫基金+贫困户”的模式助力脱贫攻坚。据记者了解，盘龙药业通过“公司+合作社+贫困户”的模式，整合企业药源市场，与陕西商洛柞水县和甘肃庆阳华池县中药材种植合作社签订中药材供应订单，按照企业需要什么就种什么品种的灵活订单发展思路，以高于市场价收购贫困户的中药材，既保证了药材质量与供应需求，又带动了农民致富增收。公司分别于柞水县和华池县62个村71家专业合作社签订了以五味子、白术、黄芪、板蓝根、党参、黄芩等品种的中药材种植订单，种植药材5万余亩，带动贫困人群7520余人。同时，公司设立盘龙慈善扶贫基金，用基金救助贫困村孤寡老人，资助失学儿童和贫困大学生完成学业；建立柞水县贫困户中药材种植技能培训机制，参与“万企帮万村”助力脱贫攻坚；公司帮助柞水西川等贫困村新建或改造通村通组道路10余公里；在柞水和华池举行农民中药材种植技能培训80余场次。（秦选红）,,,,头条新闻,0,1,1,2019-03-19 12:39,,,,
4297872708721349,GF47cAAOV,6577966050,长安号官微,【我省8家民营企业被授予全国精准扶贫行动先进民企称号】10月16日，全国工商联、国务院扶贫办等在北京举办全国“万企帮万村”精准扶贫行动先进民营企业表彰大会暨扶贫日论坛，表彰100家全国“万企帮万村”精准扶贫行动先进民营企业。会上，陕西盘龙药业集团股份有限公司、陕西秦晋矿业集团有限公司、西安市宏府投资控股集团有限公司、武功县海鋈皇嘉农业种植专业合作社、陕西恒源投资集团有限公司、世纪荣华投资控股集团有限公司、陕西华琨实业有限公司、白河县兴达农业综合开发有限公司等8家来自我省的民营企业被授予全国“万企帮万村”精准扶贫行动先进民营企业称号。,,,,,0,0,0,2018-10-22 10:42,iPhone客户端,['http://ww3.sinaimg.cn/large/007batsCly1fwgsz3duanj30go0cit98.jpg'],,
4296952163901970,GEGasgn50,3624248184,陕西网,【我省8家民营企业被授予全国精准扶贫行动先进民企称号】10月16日，全国工商联、国务院扶贫办等在北京举办全国“万企帮万村”精准扶贫行动先进民营企业表彰大会暨扶贫日论坛，表彰100家全国“万企帮万村”精准扶贫行动先进民营企业。会上，陕西盘龙药业集团股份有限公司、陕西秦晋矿业集团有限公司、西安市宏府投资控股集团有限公司、武功县海鋈皇嘉农业种植专业合作社、陕西恒源投资集团有限公司、世纪荣华投资控股集团有限公司、陕西华琨实业有限公司、白河县兴达农业综合开发有限公司等8家来自我省的民营企业被授予全国“万企帮万村”精准扶贫行动先进民营企业称号。,,,,,0,0,0,2018-10-19 21:44,荣耀9 美得有声有色,['http://ww3.sinaimg.cn/large/d805a378ly1fwdv91hp1wj20go0ci74g.jpg'],,
4296792054812729,GEC0dkc0F,3511731577,陕西党建网,【我省8家民营企业被授予全国精准扶贫行动先进民企称号】10月16日，全国工商联、国务院扶贫办等在北京举办全国“万企帮万村”精准扶贫行动先进民营企业表彰大会暨扶贫日论坛，表彰100家全国“万企帮万村”精准扶贫行动先进民营企业。会上，陕西盘龙药业集团股份有限公司、陕西秦晋矿业集团有限公司、西安市宏府投资控股集团有限公司、武功县海鋈皇嘉农业种植专业合作社、陕西恒源投资集团有限公司、世纪荣华投资控股集团有限公司、陕西华琨实业有限公司、白河县兴达农业综合开发有限公司等8家来自我省的民营企业被授予全国“万企帮万村”精准扶贫行动先进民营企业称号。,,,,,0,0,0,2018-10-19 11:08,360安全浏览器,['http://ww4.sinaimg.cn/large/d150c579ly1fwdcv1jruij20go0ci74g.jpg'],,
4296770815253988,GEBrXm2NK,3097688767,陕西发布,【我省8家民营企业被授予全国精准扶贫行动先进民企称号】10月16日，全国工商联、国务院扶贫办等在北京举办全国“万企帮万村”精准扶贫行动先进民营企业表彰大会暨扶贫日论坛，表彰100家全国“万企帮万村”精准扶贫行动先进民营企业。会上，陕西盘龙药业集团股份有限公司、陕西秦晋矿业集团有限公司、西安市宏府投资控股集团有限公司、武功县海鋈皇嘉农业种植专业合作社、陕西恒源投资集团有限公司、世纪荣华投资控股集团有限公司、陕西华琨实业有限公司、白河县兴达农业综合开发有限公司等8家来自我省的民营企业被授予全国“万企帮万村”精准扶贫行动先进民营企业称号。,,,,,2,0,3,2018-10-19 09:44,iPhone客户端,['http://ww2.sinaimg.cn/large/b8a2fabfly1fwd8pvd08oj20go0ciq3b.jpg'],,
4295511734953723,GE4HbkMGL,6002234180,正义法制网,科技部在陕召开定点扶贫工作座谈会王志刚出席会议并在柞水县调研脱贫攻坚_中国正义法制网10月14日下午，科技部在柞水县举行定点扶贫工作座谈会。科技部部长、党组书记王志刚出席会议并讲话。科技部副部长徐南平主持会议。在座谈会前，与会领导和代表在柞水县调研了脱贫攻坚工作。副省长魏增军参加调研和座谈并致辞。王志刚一行先后调研了中博木耳菌包生产线、西川木耳技术研发中心、西川村集体经济吊袋大棚、柞水县科技资源统筹中心、盘龙药业技术研发中心。座谈会听取了陕西、江西、四川省科技厅，柞水县、佳县、井冈山市、永新县、屏山县等科技部5个定点扶贫县（市）负责同志以及商洛市负责同志和基层科技人员有关脱贫攻坚和科技扶贫工作汇报。O网页链接,,,,,6,0,0,2018-10-15 22:21,百度分享,,,
4270310645768212,Gtv6goczG,3168603322,印象庆阳网,【华池县元城镇召开政、企、社产业扶贫对接洽谈会暨签约仪式】8月5日、8月6日，元城镇相继邀请中天羊业股份有限公司、甘肃盘龙药业有限公司召开湖羊养殖、中药材种植对接洽谈暨培训会，中天、盘龙企业负责人就湖羊养殖模式、中药材种植管理技术进行了培训指导，中天羊业有...O网页链接,,,,,0,0,0,2018-08-07 09:20,微博 weibo.com,,,
4269985331149394,GtmDz4P0C,6617760501,浙大经纬计划赴陕西柞水实践团,@浙江大学@浙江大学社会实践@浙江团省委@共青团中央@共青团中央学校部@商洛团市委#2018浙大人的社会实践#【三产融合，三变改革，集体经济促增长】下梁镇位于柞水县城城南5公里，是浓缩了乾佑河流域典型风光特色的经济重镇。在扶贫攻坚的工作中，下梁镇贯彻了“一村一品”的原则，全镇形成了许多具有专项特色产业的村庄。在调研之前，实践团通过相关资料，了解到下梁镇具有深厚的文化底蕴以及丰富的自然资源，为该镇因地制宜地发展产业，助力脱贫工作奠定了得天独厚的条件。1.立足红豆杉产业特色坚持三产融合助扶贫8月3日上午，下梁镇武装部部长冯开君带领实践团一行人，来到了柞水县下梁镇新合村的红豆杉基地——红豆杉生态公园。红豆杉基地——红豆杉生态公园项目总规划面积500亩，项目2017年3月1日一期开始启动，已完成投资7000余万元。2017年11月柞水县人社局、财政局授牌为“县级就业扶贫基地”。为了走“三产融合，精准扶贫”的道路，红豆杉基地主要包括红豆杉种植、红豆杉加工以及红豆杉观光这三条发展方向，为全村村民特别是贫困户人口增加了收入，如土地租金、入股分红、提供采摘和管理等就业岗位，这加快了该村500多户贫困户的脱贫进程，充分发挥了红豆杉产业对贫困户脱贫增收的带动作用，做到了真扶贫、扶真贫。2.整合三资推进三变改革实现集体村民互利共赢柞水县木耳小镇位于下梁镇西川流域，含西川村、金盆村、新合村三个贫困村，属于该县集中连片深度贫困区域之一。社会实践组采取“解剖麻雀”的方式，重点对西川村进行了蹲点调研。西川村总人口570户共1860人，其中贫困户182户共529人，属于深度贫困村。2017年以来，西川村紧抓省市农村“三变”改革试点村的机遇，由村委会注资100万元注册了柞水县丰年农业有限公司。扎实开展土地、林地、房产、基础设施等“三资”，用于发展食用菌培育、中药材种植、旅游等9个项目，初步实现了资源变资产、资金变股金、农民变股东的“三变”改革。一是与脱贫产业相结合。紧扣柞水县“一主两优”脱贫产业（一主，柞水木耳；两优，乡村旅游，林下经济），大力发展集研发、生产、加工、销售、储运于一体的木耳全产业链，实现了将贫困群众镶嵌到产业链上。据了解，柞水木耳作为陕西特色农产品入选央视“国家品牌计划——广告精准扶贫”项目，已在央视8个频道向全球滚动推介。二是与旅游三产相结合。将木耳小镇打造成农村一、二、三产融合的田园综合体项目。3.中药扶贫兴产业精准扶贫强基础3日下午，在周晓砾副主任的带领下，实践团一行人来到了陕西盘龙药业集团有限公司，盘龙药业管委会戴雅科长介绍了公司的基本概况。作为陕西省资本市场助力脱贫攻坚上市的第一家企业，公司按照”一提三靠”的思路，积极响应国家号召，坚持企业发展向脱贫攻坚靠，向深度贫困村靠，向贫困户靠的“三靠”发展方向。以林下经济为抓手，搭建“三大脱贫载体”：公司+合作社+贫困户，公司+基地+贫困户、公司+盘龙慈善扶贫基金；建立“五金”带动模式:挣薪金带就业、赚现金签订单、变租金转土地、缴税金兴企业、设基金行善业；共解决就业1460余人，与38家合作社建立合作关系，签订订单1200余份，种植五味子、金银花、连翘、七类药等药材45000余亩，共带动全县34个村2600余户7500余人，走在脱贫致富奔小康的康庄大道上。经过一天的实地调研，经纬计划社会实践的成员们详细了解了下梁镇精准扶贫工作的开展情况，从得到的资料以及数据中，我们总结出：下梁镇以三产融合为基础，以三变改革为动力，以集体经济为主体的经济增长模式，发挥企业的引导与吸纳作用，促进了当地的特色产业发展以及扶贫扶智目标的实现。,,商洛·石瓮镇,"浙江大学,浙江大学社会实践,浙江团省委,共青团中央,共青团中央学校部,商洛团市委",2018浙大人的社会实践,6,0,4,2018-08-06 11:48,OPPO R9s,"['http://ww2.sinaimg.cn/large/007dRrOBly1ftztyozrr3j318w0u01i2.jpg', 'http://ww2.sinaimg.cn/large/007dRrOBly1ftzu5aruszj318w0u04ha.jpg', 'http://ww2.sinaimg.cn/large/007dRrOBly1ftzu535ub0j318w0u0nep.jpg', 'http://ww1.sinaimg.cn/large/007dRrOBly1ftzty0d0t9j318w0u0dzi.jpg', 'http://ww3.sinaimg.cn/large/007dRrOBly1ftzu588cv3j318w0u07tf.jpg', 'http://ww2.sinaimg.cn/large/007dRrOBly1ftzty13japj31400u0q7y.jpg', 'http://ww3.sinaimg.cn/large/007dRrOBly1ftzty2hm9cj31400u0105.jpg', 'http://ww1.sinaimg.cn/large/007dRrOBly1ftztyrg7zxj318w0u0h0g.jpg', 'http://ww1.sinaimg.cn/large/007dRrOBly1ftzu092dcwj31400u0gvf.jpg']",,
4227180172889748,Gbp4Zc7KQ,3808512826,五谷丰登官博,4月10日早报市场分析：昨日上证指数早盘先抑后扬，午后维持震荡，分时图中黄白二线出现剪刀差，说明午后市场赚钱效应有所回升。沪指仍处于3100-3200大的箱体震荡区间中，震荡反复，结构性机会明显。创业板收复10日均线，涨幅居前，重新领涨市场。两市还是轻指数，重个股的时代。 市场热点：北斗导航板块表现靓丽。华测导航、中海达、华力创通、移为通信、北斗星通涨停，合众思壮、晨曦航空、海格通信、中国卫星等大涨。北斗地图APP预计5月1日上线。届时可用手机下载，定位有望精确到厘米。北斗地图APP是一款基于北斗卫星精准导航服务的基础位置服务工具，可为广大用户提供移动、实时的定位和导航以及基于位置的衣、食、住、行和商家信息服务。光伏板块盘中快速拉升，龙头拓日新能冲击涨停，亿晶光电、协鑫集成、向日葵等纷纷跟涨，消息面上，国家能源局、国务院扶贫办印发《光伏扶贫电站管理办法》。次新股持续活跃，九典制药、盘龙药业、香飘飘、朗博科技和顶点软件等多股午后涨停。粤港澳大湾区板块午后急速拉升，龙头恒基达鑫强势封板，珠海港冲击涨停，广州港、盐田港大幅拉升，消息面上，广东省省长马兴瑞在博鳌论坛表示，粤港澳大湾区规划很快就要出台。 个股推荐：双成药业(002693)拟2.6亿元转让澳亚生物46%股权医药、海南概念 览海投资(600896)与上海东方医院达成战略合作，控股股东拟增持0.3亿元-1.2亿元公司间接控股股东览海集团拟投资约272亿元在玉溪市澄江县投资建设南亚东南亚医学中心及生态健康城项目。医药、海南概念      ,,昆山·乐和城,,,0,0,2,2018-04-10 08:55,OPPO R9s,"['http://ww2.sinaimg.cn/large/e3014b3agy1fq7a1q1gpgj20qo0w3ads.jpg', 'http://ww4.sinaimg.cn/large/e3014b3agy1fq7a1r0bl9j20qo0wgdk5.jpg']",,
4227024752570906,Gbl2jaMOe,2796811514,查菲特,龙行天下(给超短线爱好者):1  军工龙头  300722  新余国科  加速3连板+次新+国资+军工（一字板谨慎关注）2  海南龙头  002865  钧达股份  换手3连板+海南+汽车+博鳌论坛概念3  燃气龙头  603080  新疆火炬  换手3连板+次新+供气+贸易战页岩气受益股4  化工龙头  603080  润禾材料  换手3连板+次新+化工+有机硅+贸易战受益股5  贸易战龙头  603336  宏辉果蔬  2波4板+次新+水果+贸易战受益股 （特停）6  送转龙头  603067  振华股份  换手5连板+超跌+小盘+10转4+化工+军工概念7  独角兽龙头  300598  诚迈科技  加速7连板+次新+独角兽+IDG(一字板谨慎关注)8 002864  盘龙药业  3+7板+次新+独角兽药明康德+贸易战受益+扶贫概念（特停）9  万兴大帝  300624  万兴科技  9+4板+次新+独角兽+工业互联网+IDG+西藏股10  龙头反包  603918  金桥信息  反包板+小盘+软件+数字中国概念,,,,,0,3,18,2018-04-09 22:38,,,,
4226656979441827,Gbbt7DCfx,5726677457,股润东方,盘龙药业（002864(行情)）：拟投资2000万元建设药源基地时间:2018.04.0820:11　　4月8日晚，盘龙药业（002864）发布公告，全资子公司植物药业与华池县人民政府签署了《华池县药源基地建设项目合作协议书》，拟投资2000万元新建药材种植示范园2000亩、万吨级中药材储存库6000平方米、药材初加工车间2000平方米、药材深加工及科研中心1000平方米、药材晾晒场5000平方米。盘龙药业表示，该项目建成后将形成了新的产业链，有利于进一步完善公司完整产业链布局，增加企业新的经济增长点，增强了企业抗风险能力，有利于拓展公司经营领域，优化经营结构，实现收益多元化，提高公司市场竞争力。其次，项目可促进华池县产业扶贫工作的进一步发展，带动贫困户早日脱贫致富，社会效益显著。,,,,,0,0,1,2018-04-08 22:16,微博 weibo.com,,,
4222666720351087,G9vFe1tkH,6244969480,股神欧阳,大盘分析周三，沪深两市并未延续本周初的反弹行情，早盘受隔夜美股回落的影响两市全面低开。沪指开盘跌1.14%，之后快速展开反弹，但是并未成功翻红，盘中最高触及3165.15点，创业板指相比而言强度更胜一筹，早盘快速拉升翻红后围绕颈线展开横盘震荡整理，盘中仅在1835-1855之间20个点的范围内波动。至收盘，沪指跌1.40%，深成指跌1.35%，创业板指跌0.52%。从技术分析的角度来看，可以认为当日上证指数明显受到较大的上行压力，当日早盘反弹至5日线附近就戛然而止，表明短期指数仍处在空头格局之中。对于创业板而言，30分钟级别来看指数钝化明显，MACD指标红柱长度濒临零轴，黄白两线有高位死叉迹象，一般此信号发出后预示指数或继续下跌。盘面来看，当日蓝筹股再度成为指数下杀主要动力。这一点从上证50指数的走势来看更加明显，当日直接跌破年线支撑，这是自16年10月以来首次运行至年线下方，而且创出今年开年来新低，近两个交易日尽管创业板指大幅反弹，但是以上证50成份股为首的蓝筹板块开启破位下跌走势，对于市场整体形成较大的压力。之所以蓝筹股近几个交易日连续回落，有部分原因是随着年报相继披露，多家公司业绩普遍超预期，而投资者认为18年很难再有如此高速增长，因此对蓝筹股后市走势不再看好；另外也有部分原因在于蓝筹股经历持续上涨后目前估值处在高位，因此存在估值回归的需求。但是总的来说，如果蓝筹股不能尽快止跌企稳，投资者信心将很难恢复。在创业板连续两个交易日大幅反弹后，当日迎来横盘整理，众多前期热门股开始退潮。而前日晚间监管层对多家爆涨标的特停处理，一定程度上影响到资金炒作情绪。比如当日尾盘七一二在连续三板后展开大幅跳水，换手率高达53.27%。此现象表明资金有加速离场的迹象。股票板块分析市场也不乏存在较大赚钱效应的板块，5G概念股就是其中之一。板块内四家标的涨停，另外一个新晋的概念板块“数字中国”开始冒头，盘中太极股份涨停，数字政通大幅拉升，市场预计此概念可以媲美之前的工业互联网概念，究竟能否形成有效接力仍然需要观察。手上没有多少仓位的普通投资者，考虑继续观望，等待创业板箱体结构更加明确，从而让出流动性。高位题材沦陷，白马股同样不好受。贵州茅台等白马悉数崩了，比亚迪业绩踩雷，一季报净利润大幅下滑，大失所望下直接跌停开盘。市场开始讲独角兽的故事，白白马股出现严重的审美疲劳，加上戴维斯双杀担忧，比亚迪跌停牵一发动全身，中国平安、贵州茅台、格力电器等中阴破位，不少股甚至已进入熊市通道。另外投机情绪降温，资金自发高低切换，有利好预期的低位题材受到青睐。盘中阿里全面进军物联网消息传来，新天科技、初灵信息、美格智能、移为通信、广和通分时直线拉板。雄安一周年在即，资金再次博弈详细规划近期出炉，板块一度打出涨停潮，尽管多只后排跟风开板回落，最终仍有渤海股份、津膜科技、建科院、创业环保4股涨停。博鳌论坛4月中上旬开幕，海南本地股上午走强，叠加摘帽的大东海A涨停，罗顿发展盘中冲板。创新药+医改+药明康德上市，医药替代逻辑继续发酵，泛健康板块持续活跃。盘龙药业7天6板打开空间，医疗器械（迦南科技、创新医疗）、基因测序（达安基因）、细胞免疫治疗（姚记扑克）等多个分支表现抢眼。次新板块内部分化，叠加热门概念者最受关注，赛隆药业（医药）低位两连板，智能自控（高送转）午后被资金点火打板，泰永长征（扶贫）巨震涨停再创新高，科创信息（大数据）烂板进逼前高。投资决策分析打算建仓的价值投资者，可以看到今早50已出现主动买盘，虽然被埋，但可以考虑接下来再尝试一次（反正是价值投资了）。创业板头寸考虑继续减仓，已经在上证50里的，再蹲两天看看风向再决定吧，毕竟今天发生了一些好的转变。概念方面，短炒留意数字中国，中期除了50外，我们继续观察火电和风电。根据公开市场资料总结，相关标的包括：中信证券、中国中车；金风科技、华能国际、浙能电力、福能股份；阳谷华泰；美亚柏科、南威软件。,,,,,0,0,0,2018-03-28 22:01,微博 weibo.com,,,
4217069966291492,G7a4cqoHG,1627180091,似水木华年,陕西板块近端次新盘龙药业独一无二扶贫、医药概念股速度整起，游资们！,,,,,1,3,0,2018-03-13 11:21,HUAWEI Mate 9 Pro,,,
4217069320699706,G7a3a2W1A,1627180091,似水木华年,游资们，快炸板吧炸完别玩高位次新了别玩独角兽了别玩贵州板块了！速度来陕西板块，扶贫懂不懂，扶贫的话中药是最好的因地制宜的懂不懂！盘龙药业等著你们！,,,,,0,0,1,2018-03-13 11:18,HUAWEI Mate 9 Pro,,,
4194290952937030,FDyWbck3s,2009901031,钢筋铁骨0923,昨日四大板块区块链+智能汽车+房地产+次新股四分天下，今日“次新+药”胜出。扶贫板块继续红包派发！贵州—贵州燃气；重庆—华森股份；陕西—盘龙药业；实盘操作：卖出延长化建，加仓合盛硅业盘龙药业。,,,,,0,2,8,2018-01-09 14:45,微博 weibo.com,"['http://ww2.sinaimg.cn/large/77cca7e7gy1fnack4ej8xj20c603ywet.jpg', 'http://ww3.sinaimg.cn/large/77cca7e7gy1fnacoq6yryj20e400yglf.jpg', 'http://ww2.sinaimg.cn/large/77cca7e7gy1fnacq0okpnj20t40ng1ff.jpg']",,
4191773948029179,FCvsuxGKT,2036467180,心路投资,今日两市上涨2516家，下跌650家；自然涨停24家，跌停4家。涨停：（1）	今年1-11月，水泥行业实现利润780亿元，同比增长102.55%。中央农村工作会议研究实施乡村振兴战略，强调建设农村公共基础设施建设，推动水泥行业需求。环保加码，错峰生产致供给端紧张，价格上涨趋势难破。（福建水泥，同力水泥，止峰水泥，华新水泥，万年青）（2）	IPO审核趋严致新上市的优质次新迎机遇。煤改气和天然气供需失衡致燃气价格大涨。龙头贵州燃气7连板对次新板块和天然气板块都有很强的带动。今日次新多股涨停。（贵州燃气7连板，金奥博5天4板，盘龙药业5天3板，中欣氟材，乐歌股份，华森制药）（3）	中国石化创新高，显示化工石化板块强势，加上尿素、化纤等化工产品连续涨价，市场对其年报业绩的高期望，板块个股近期处于中期上涨通道。（华鲁恒升，桐昆股份，恒逸石化，鲁北化工）（4）	乡村振兴战略推动下，农村公路、农村光纤光缆、群众性治安防控雪亮工程、光伏扶贫等相关产业建设有望进一步加快，基建行业的水泥、玻璃、钢铁等行业需求向好。环保致供给收缩，行业龙头企业业绩有望大爆发。（中国巨石，方大特钢，伟星新材）（5）	年报将在1月份预披露，根据往年情况看，一般预先披露的公司年报业绩大都超预期向好。（东音股份，农尚环境，创业软件）（6）	360重大资产重组获通过（江南嘉捷）（7）	超跌反弹（旭光股份）（8）	低气温零度线南压，东南沿海取暖用煤进入高峰期对煤价形成支撑，环保致供给端不确实性一直很强致市场对短期煤价看涨（兖州煤业）跌停：（1）	重组失败（新宏泰2连板，通达动力）（2）	次新股涨幅过大，资金出逃（凯普生物）（3）	子公司采矿许可证遭注销停产，致2017年业绩为负，2018年公司股票有被实施退市风险警示的风险（金岭矿业）,,,,,0,0,0,2018-01-02 16:04,微博 weibo.com,,,
4191746302307249,FCuJU9GdH,3886284129,股海奇侠,盘龙药业（002864）触及涨停：次新股，公司办公地址在国家级贫困县陕西省商洛市柞水县，受益证监会扶贫政策无需排队上市，近期表现较为活跃。盘龙药业sz002864,,,,,0,0,0,2018-01-02 14:14,360安全浏览器,,,
4189530347253593,FBz5MuqZr,1453904734,猎豹出击,盘龙药业（002864）两连板：次新股，这是一家来自国家级贫困县商洛市柞水县的上市公司，是证监会扶贫支持贫困县的公司插队上市的杰出成果。海天精工（601882）两连板：超跌次新股，曾经创下A股最低发行价而被市场热炒。,,,,,0,0,0,2017-12-27 11:28,360安全浏览器,,,
4189530233741843,FBz5BfHqj,3886284129,股海奇侠,盘龙药业（002864）两连板：次新股，这是一家来自国家级贫困县商洛市柞水县的上市公司，是证监会扶贫支持贫困县的公司插队上市的杰出成果。盘龙药业sz002864,,,,,0,0,0,2017-12-27 11:28,360安全浏览器,,,
4183789473440251,Fz9KjeqXV,1878561790,金融投资报,【证监会扶贫办视察商洛市首家上市公司盘龙药业】11月19日，中国证监会办公厅扶贫办副主任杨志海在陕西省扶贫办副主任丁纪民和柞水县县委书记陈璇等领导的陪同下，到陕西盘龙药业集团股份有限公司开展工作指导，对公司在发展中遇到的实际问题，提出了指导性建议。杨志海主任表示，盘龙药业是深度贫困地区的上市企业，在产业带动群众脱贫致富工作中做出了一定成绩。希望盘龙药业在今后份发展中，坚持大扶贫格局，加大精准扶贫力度，发挥“龙头”带动作用，产业引领，项目带动，资金配套，扶志与扶智结合，协同村组坚决打赢脱贫攻坚战，使帮扶的贫困村、户同步够格步入小康社会。O网页链接,,,,,0,0,2,2017-12-11 15:16,微博 weibo.com,,,
4151819645179487,FlK44lJq7,6083934172,凯象平台,#医合头条#1.上海449家定点医院开通了跨省异地就医住院费用直接结算2.健康扶贫“走村入户”我国4年已累计义诊近6000万患者和群众3.牛！30家药企进入500强4.全国首个出口中药材产品技贸措施研究评议基地在亳州揭牌5.原料药生产带来严重的环境污染6.恒瑞医药苯磺顺阿曲库铵新药获美国FDA批准7.儿科连锁机构唯儿诺完成B轮3000万美元融资8.美国医疗技术创业公司RaniTherapeutics获3.9亿美元融资9.盘龙药业拟在深交所上市计划募资2167万元10.苏州贝康医疗完成1亿人民币B轮融资详情点击O网页链接,,,,医合头条,0,0,0,2017-09-14 10:00,微博 weibo.com,,,
4139132999478683,Fgq1JDLPZ,3866889735,柞水发布,【柞水县内外联建畅通贫困劳动力就业渠道】促进贫困人口尽快实现脱贫，增加贫困劳动力家庭收入，转移就业是最直接、最有效的途径。柞水县立足县情，把建立稳定的劳务输出关系，作为就业扶贫的长久之策，不断深化各方协作，全力拓宽贫苦劳动力就业渠道。深化与对口劳务协作地的合作关系。今年3月，柞水县同南京市高淳区签订劳务扶贫协作协议，在两县区分别建立劳动力培训供应基地和就业援助基地，重点帮扶一批贫困劳动力到高淳就业，并享受当地就业创业优惠扶持政策。同时主动与新疆阿拉尔市、江苏省盱眙县等对口单位联系，共同商讨双方劳务协作中的就业岗位开发、社会保障等问题，制定实施细则，完善双方劳务协作机制。截至7月底，已向各对口支援地输送贫困劳动力185人。发挥人力资源服务机构就业平台作用。柞水县以加强县、镇、村劳务输出工作组织体系和服务网络建设为重点，充分利用县人力资源市场及各镇办基层劳动保障平台及劳务输出机构等人力资源服务机构在劳务输出工作中的主渠道、主阵地作用，通过“走出去，请进来”的方式，有组织、多渠道、成批量地输出劳动力到企业，对已建立合作关系的企业，建立一个，稳定一个，巩固一个，发展一个。目前已同欧珂药业、盘龙制药等30余家县内企业和成都嘉利工程技术有限公司、西安库伯熔断器有限公司等51家县外企业建立了长期合作关系，安置贫困劳动力301人。稳定互动双赢的劳务合作长效机制。柞水县在巩固现有劳务合作模式的基础上，充分利用对口协作区和县内外企业的人脉关系，建立以西安、南京为核心，珠三角、长三角为补充的劳务输出基地，与陕汽等大型国有企业建立“订单式校企合作培养”模式，进一步拓宽劳动力转移渠道。为了及时快捷的发布各类用工需求信息，开通了柞水县就业创业、柞水人社、E信通微信平台和柞水县就业创业QQ群等互联网平台，并用传统模式在9个镇办和81个村（社区）设立了务工信息发布栏，推动招聘下乡、送岗入户活动，实现了获取招聘信息不出村、人岗对接不出镇的招聘方式。同时，以“柞水扶贫日”“春风行动”“民营企业招聘周”等活动为契机，组织县内外企业、用工单位参加，现已累计开展贫困劳动力专场招聘活动10场次，组织进场企业33家，提供岗位数量2305个，达成各类就业意向347人。,,,,,0,0,0,2017-08-10 09:47,专业版微博,,,
4123557950392253,F9SQH1E2F,3866889735,柞水发布,【科技部生物中心主任黄晶深入柞水调研】6月25日，中国科技部生物中心主任黄晶、中国科技部生物中心中医药处处长程翔林、中国科技部生物中心公共卫生处副处长陈书安等一行4人深入柞水调研科技扶贫工作，先后到柞水县人民医院、盘龙公司、陕西省科技资源统筹中心柞水分中心、欧珂药业进行实地调研。市政府办纪检组长郭安贵，市科技局局长张银强，县长崔孝栓，县委常委、副县长敖翼，县政府党组成员牛斌陪同调研。　　调研组详细了解了柞水县的科技扶贫工作开展情况，对柞水县的科技扶贫工作给予了充分肯定，我县将以科技部领导来柞调研指导为契机，再接再厉，再鼓干劲，确保全县按期实现脱贫。,,,,,1,0,1,2017-06-28 10:18,专业版微博,"['http://ww1.sinaimg.cn/large/e67c0e07ly1fh0p73vwg3j21kw11xajs.jpg', 'http://ww2.sinaimg.cn/large/e67c0e07ly1fh0p75iskvj21kw11x127.jpg', 'http://ww3.sinaimg.cn/large/e67c0e07ly1fh0p7708tbj21kw11xn7y.jpg']",,
