﻿id,bid,user_id,用户昵称,微博正文,头条文章url,发布位置,艾特用户,话题,转发数,评论数,点赞数,发布时间,发布工具,微博图片url,微博视频url,retweet_id
4486887777294500,IAslzuBDe,5890690907,民族时报,【#元江#：“五模式”助力#脱贫攻坚#】本报讯（杨红艳谭慧琳民族时报全媒体记者孙贵升）自实施精准扶贫攻坚以来，元江哈尼族彝族傣族自治县来吉桃李种植专业合作社以“五种模式”助力建档立卡贫困户脱贫致富。“合作社包销+建档立卡贫困户种植”模式。主要针对有发展能力、缺技术的建档立卡贫困户，由合作社无偿向建档立卡贫困户提供免费的技术培训和服务，建档立卡贫困户负责种植，合作社按市场价进行收购销售，解决了产品无销路、无市场的问题，实现了建档立卡贫困户与合作社结对联业、共同发展。合作社构建多元营销网络，采取线上线下销售农产品。“合作社用工+建档立卡贫困户就业”模式。针对有就业能力和就业意愿的建档立卡贫困户，合作社雇用其帮助收购水果和进行市场管理，帮助增收。“合作社经营+建档立卡贫困户入股分红”模式。合作社在当地政府的引导下，吸收建档立卡贫困户497户2018人部分扶持资金入股合作社，入股金额为100.15万元，以6.8%利率分红，年底建档立卡户收益可达6.8万元，由合作社自主经营，使建档立卡贫困户收入细水长流。“合作社贷款+建档立卡贫困户种植”模式。以合作社的名义与元江县邮政储蓄银行协调实行“三联保”贷款1280万元，为160户贫困户每户担保贷款8万元用于发展林果产业。通过扩大种植面积，引进优质品种，采取科学的管理技术，系统地对种植户进行培训，不断提高农户种植技术，努力打造一个具有市场竞争力的优质产品。“公司+合作社+基地+建档立卡贫困户种植水稻+”综合种养模式。合作社找准资源禀赋优势，稳步扩大生产经营规模，建立梯田产业示范基地，由公司向农户无偿提供谷种、鸭苗、鱼苗等，实施水下养殖泥鳅、黄鳝，水中养殖螺蛳、谷茬鱼，水上种植水稻、养殖稻田鸭的“水稻+”综合种养模式，贫困户按协议做好种植养殖及日常管理，合作社做好产前良种提供、产中技术指导、产后协议销售等服务，双方互利共赢，确保贫困户稳定增收。实施“水稻+”哈尼梯田生态种养模式，实现梯田平均亩产值6000元以上，在保护哈尼梯田的同时，合作社积极开展绿色食品认证，并获得了桃李和桃子两个绿色食品A级认证、梯田稻谷获得有机转换认证证书，提升了产品市场竞争力，促进了水果产业提质增效、贫困户持续增收，推动消费扶贫。转载请注明来源《民族时报》,,,,"元江,脱贫攻坚",0,0,3,2020-03-27 00:41,专业版微博,,,
4485605465542989,IzUZknfZ3,5890690907,民族时报,【#元江#：专业合作社“五模式”助力#脱贫攻坚#】本报讯（杨红艳谭慧琳民族时报全媒体记者孙贵升）自实施精准扶贫攻坚以来，元江哈尼族彝族傣族自治县来吉桃李种植专业合作社以“五种模式”助力建档立卡贫困户脱贫致富。“合作社包销+建档立卡贫困户种植”模式。主要针对有发展能力、缺技术的建档立卡贫困户，由合作社无偿向建档立卡贫困户提供免费的技术培训和服务，建档立卡贫困户负责种植，合作社按市场价进行收购销售，解决了产品无销路、无市场的问题，实现了建档立卡贫困户与合作社结对联业、共同发展。合作社构建多元营销网络，采取线上线下销售农产品。“合作社用工+建档立卡贫困户就业”模式。针对有就业能力和就业意愿的建档立卡贫困户，合作社雇用其帮助收购水果和市场管理，2018年1月至2019年5月底，累计临时用本地工人37000人次，其中贫困户工人2280人次，长期用工20人，其中贫困户8人，累计务工收入达370万元，其中建档立卡贫困户收入达70万元。“合作社经营+建档立卡贫困户入股分红”模式。合作社在当地政府的引导下，吸收建档立卡贫困户497户2018人部分扶持资金入股合作社，入股金额为100.15万元，以6.8%利率分红，年底建档立卡户收益可达6.8万元，由合作社自主经营，使建档立卡贫困户收入细水长流。“合作社贷款+建档立卡贫困户种植”模式。以合作社的名义与元江县邮政储蓄银行协调实行“三联保”贷款1280万元，为160户贫困户每户担保贷款8万元用于发展林果产业。通过扩大种植面积，引进优质的品种，采取科学的管理技术，系统地对种植户进行培训，不断提高农户种植技术，努力打造一个具有市场竞争力的优质产品。“公司+合作社+基地+建档立卡贫困户种植水稻+”综合种养模式。合作社找准资源禀赋优势，稳步扩大生产经营规模，建立梯田产业示范基地，由公司向农户无偿提供谷种、鸭苗、鱼苗等，实施水下养殖泥鳅、黄鳝，水中养殖螺蛳、谷茬鱼，水上种植水稻、养殖稻田鸭的“水稻+”综合种养模式，贫困户按协议做好种植养殖及日常管理，合作社做好产前良种提供、产中技术指导、产后协议销售等服务，双方互利共赢，确保贫困户稳定增收。实施“水稻+”哈尼梯田生态种养模式，实现梯田平均亩产值6000元以上，在保护哈尼梯田的同时，合作社积极开展绿色食品认证，并获得了桃李和桃子两个绿色食品A级认证、梯田稻谷获得有机转换认证证书，提升了产品市场竞争力，促进了水果产业提质增效、贫困户持续增收，推动消费扶贫。转载请注明来源《民族时报》,,,,"元江,脱贫攻坚",1,0,0,2020-03-23 11:45,微博 weibo.com,,,
4463932196449202,IqParr3Jo,1863328861,农业知识产权中心,2020年1月23日【今日农情食事】纵观三农洞察食情今日农事：【综合时讯】国产转基因玉米大豆时隔十年终获安全证书。【环境资源】中科院地理科学与资源研究所农业部门排放威胁我国污染水域修复。O网页链接【扶贫致富】重庆市在60余万亩油菜地推广油蔬两用技术。【综合时讯】文山市：打通农业农村供水“最后一公里”。【综合时讯】哈尼梯田旅游扶贫模式入选国际旅游减贫案例。【综合时讯】青海省10县开展牦牛藏羊原产地可追溯工程试点建设。【权威发布】农业农村部发布自然资源部关于规范农村宅基地审批管理的通知。【权威发布】农业农村部修订发布《农业行政处罚程序规定》【食品安全】美研究称大豆油会影响小鼠神经系统。【科技动态】科技助力减氮增效网红“玫瑰白菜”品质升级。数说乡村：【最新指数】1月23日:蔬菜均价比昨天上涨1.5%。【最新发布】湖北：红莲型水稻新品种在鄂推广种植【最新动态】《人民日报》发表宁吉喆署名文章：中国经济再写新篇章（经济形势理性看）。专家支招：【今日提示】冬季谨防猪肺疫：1、冬季在给猪舍保温的同时，一定注意通风换气，保证合适的温湿度。2、断奶仔猪，及时注射猪三联（猪瘟猪丹毒猪肺疫）疫苗。3、加强饲养管理，减少各种应激。【百科知识】番木瓜贮藏：低温贮藏是把经热水浸果、熏蒸或辐射处理后的番木瓜，立即转移到大约13℃温度的贮藏库或运输车箱内，在这个温度下，番木瓜一般能够贮藏2-3周时间，在以后移置室温下后熟时能够正常后熟，保持果实品质。大众食事：【保健百科】莲藕的碳水化合物含量高。尤其是淀粉含量，通常在10%～20%之间，维生素C（以下简称VC）丰富。100克莲藕中，大约含有44毫克左右的VC，这在白色蔬菜中算比较丰富了。在蔬菜较少的寒冷冬季，吃莲藕能够帮助人们获得丰富的VC，是很不错的秋冬食材。莲藕还有比较丰富的钙。100克莲藕的钙含量大约在40毫克左右，虽然比不过牛奶，但在蔬菜中也算比较丰富的。【康养食谱】三豆沙葛排骨汤：健脾益肾、益气养血、滋阴生津。食材：白眉豆50克，白扁豆50克，赤小豆50克，沙葛500克，无花果4只，猪排骨300克。做法：先将猪排骨洗净，斩小段；沙葛剥皮，洗净，滚刀切厚块。然后，连同洗净的其他食材一齐置于砂锅内，加入清水2500毫升、白酒少许，用武火煮沸后改用文火熬1.5小时，用精盐调味，即可。【一日一品】宝应荷藕：红色顶芽，藕皮米白色，藕肉亮白色，藕香浓郁，清甜爽脆。宝应藕粉素有“鹅毛雪片”的美誉，在明未清初，成为进贡朝廷的“贡粉”，蜜饯捶藕明代为朝廷贡品，现代入选《中华名菜谱》，并列为国家宴会“国菜”之列。,,,,,1,1,0,2020-01-23 16:23,专业版微博,,,
4313468141831532,H5EmO7GsQ,6595744199,悦心国际书画村,"哈哈哈...年终福利来了....！让我们一起欣赏国粹的绽放吧着上油彩脸谱就是一个江湖寓褒贬，别善恶望穿秋水一段苦音腔诉尽爱恨情仇这就是戏曲的魅力也是中华文化的根如果你是秦腔戏迷一定不能错过如果你是专业票友那么还等什么？为庆祝改革开放40周年，发挥文艺助推精准扶贫的社会效益，活跃定西市干部群众的精神文化生活，由定西市委宣传部、定西市文广局、定西市旅发委、定西市机关事务管理局、通渭县委、通渭县人民政府主办，通渭县委宣传部、通渭县文广局、通渭县旅游中心、通渭县体育运动中心、甘肃千秋翰墨影视文化传媒有限公司、陕甘宁（电视）秦腔大赛组委会承办，定西市广播电视台、悦心大酒店、定西市大众秦剧团协办的首届陕甘宁电视秦腔大赛甘肃赛区复赛将于2018年12月6日在通渭县体育馆举办。据介绍，首届陕甘宁电视秦腔大赛分为三个阶段。第一阶段是室外选拔赛（定西市地域内海选），第二阶段是复赛（甘肃省地域内），第三阶段为决赛（陕甘宁三省区），甘肃赛区复赛和决赛将在通渭体育馆举办。一、活动时间、地点复赛时间：2018年12月6日-8日举办地点：通渭县体育馆二、主协办单位主办单位：定西市委宣传部 定西市文广局  定西市旅发委 定西市机关事务管理局通渭县委、通渭县人民政府承办单位：通渭县委宣传部  通渭县文广局通渭县旅游中心  通渭县体育运动中心甘肃千秋翰墨影视文化传媒有限公司 陕甘宁（电视）秦腔大赛组委会协办单位：定西市广播电视台悦心大酒店定西市大众秦剧团三、领票方式1.关注“通渭悦心国际书画村”官方微信公众号。2.转发本条推文到朋友圈，集赞66个以上者即可免费领取门票一张。3.实名领票，每个微信ID只限领取一张门票，门票领取后在工作人员监督下当场删除集赞信息，杜绝重复领票。四、领取时间2018年12月5日-O7日 
上午9点-12点 下午15点-18点五、领取地点通渭悦心国际书画村书画长廊一楼西大厅领票处（数量有限，先到先得）备注：1.单张门票为早场、午场、晚场三联式门票，当日有效，次日票可通过再次集赞领取。2.活动最终解释权归甘肃千秋翰墨影视文化传媒有限公司所有。国粹小知识秦腔（QinqiangOpera），中国西北最古老的戏剧之一，起于西周，源于西府（核心地区是陕西省宝鸡市的岐山（西岐）与凤翔（雍城））。成熟于秦。秦腔又称乱弹，流行于中国西北的陕西、甘肃、青海、宁夏、新疆等地，其中以宝鸡的西府秦腔口音最为古老，保留了较多古老发音。又因其以枣木梆子为击节乐器，所以又叫“梆子腔”，俗称“桄桄子”（因为梆击节时发出“恍恍”声）。2006年5月20日，经国务院批准列入第一批国家级非物质文化遗产名录。注：本文美术作品由中国美术家协会会员梁健老师友情提供。O网页链接",,,,,0,0,1,2018-12-04 11:33,努比亚Z17S无边全面屏,"['http://ww3.sinaimg.cn/large/007cn4mXly1fxuk2j6ho6j30qo1d915d.jpg', 'http://ww3.sinaimg.cn/large/007cn4mXly1fxuk2iear8j30qo18fgw0.jpg', 'http://ww3.sinaimg.cn/large/007cn4mXly1fxuk2jxg3yj30qo1hlgx6.jpg']",,
4251184230018932,Gltxd04Vm,2872546434,我是刘颖颖颖颖颖er,下周要检查扶贫工作，我联系三联三同38户喊走，还要检查农技员走访资料，我联系另个村100户，现在的本职工作天天都是白天下乡晚上加班，这哈扶贫来了，我感觉我只有每天不睡觉了，真的太累了，小小抱怨下，抱怨完了继续干，端午不用休息了，天天走贫困户,,,,,0,7,3,2018-06-15 14:39,vivo X21屏幕指纹手机,,,
