﻿id,bid,user_id,用户昵称,微博正文,头条文章url,发布位置,艾特用户,话题,转发数,评论数,点赞数,发布时间,发布工具,微博图片url,微博视频url,retweet_id
4539975443420338,JgLWwelMK,5369702701,一年磨十二剑,赣锋锂业和江特有一腿？？精准扶贫？,,,,,0,0,0,2020-08-20 12:32,HUAWEI nova 3,,,
4508379312528612,J3vZ1aBO4,6546556865,股海贪狼ac,今日看盘本周还是关注以政策为导向的概念。政策市#A股##股票##股市#1.发改委昨天发消息有重磅政策。还是以促消费为主，可能会有优惠政策政策给受疫情冲击特别大的行业，如汽车，旅游，文化电影。除了商品和服务型消费外，还可能有围绕新基建为中心的，重点看数据中心的建设，其次5G、物联网。还有一点，扶贫政策，被提及好多次，可能会在家电，汽车方向发力。标的：横店影视，分众传媒，数据港，烽火通信2.上周整个板块异动的概念，我认为有持续性。动力电池的重大变革，从目前的卷绕工艺，到新技术CTP叠片技术的变革，周三锂电池集体走了一波，代表这次变革是被市场认可的。但是目前许多的配套设备都是为卷绕设计的，设备和生产端需要跟上。正极高镍化，负级目前采用石墨，有可能采用碳硅负级，但是会导致锂电池损失更多的锂离子。预锂化是一个解决方案，减少锂离子损失。金属锂的崛起，好像在路上，毕竟能源车的趋势非常明确。标：威化股份，贛锋锂业3.毛衣战，按照去年的手段，我们手里可用的牌就是稀土。可以小幅建仓玩玩。标：金力永磁，横店东磁，五矿稀土，银河磁体4.养殖说说猪价。自5/17号触底26.81之后，开始回升到29元。我国生猪价差较大，在25-33之间，短期是趋向于上涨，长期应该是趋稳。原因在于收到供求突然变大（进口冻肉），养殖企业恐慌性卖出。养殖户抗拒降价，拒不出栏，对猪价形成短期支撑。5.国产替代：半导体和国产软件，老生常谈了。半导体关注设备，原材料和封测，设计受美方制裁影响很大。6.基建充电桩：政策发力方向，周五消息特斯拉也要加快充电桩的建设。但是目前充电桩的企业，如特来电，应该是还没有实现盈利的，长期票。标的：中恒电气，万马股份，科士达7.高清视频：政府部门重点提及，5G视频，vr/ar，游戏，都需要高清视屏，甚至在电视行业，也需要打造新的消费热点，高清视屏就是一个方向。推荐：tcl科技，淳中科技8.北斗卫星：未来与美方的科技竞赛，已经不仅仅在地面，还有天空。我们要加紧抢占低轨航天的空间，发射卫星。强烈推荐：北斗星通9.光模块：烽火星空被加入实体名单，采购服务器和板卡，国内可以有替代。但对光通信相关元器件不清楚是否有影响。叠加广电和移动合作搞5G，光模块比主设备概念强一点，有国产替代叠加。推荐：剑桥科技，中天科技，新易盛,,,,"A股,股票",0,1,1,2020-05-25 08:00,今日看盘超话,['http://ww3.sinaimg.cn/large/00792GuRly1gf4dfx6jcjj323916ch0i.jpg'],,
4455252251708740,Inbmx7awk,75848,陇南礼县发布,【甘肃携手“新华社民族品牌工程”打造“甘味”品牌】12月30日，甘肃省与“新华社民族品牌工程”在京签署战略合作协议，双方联手打造省级农产品区域品牌——“甘味”。新华社旗下20多家专业机构将与“甘味”品牌建设开展全面合作。甘肃是中华农耕文明重要发祥地，传统农业大省。近年来，着眼于决胜扶贫攻坚后的持续巩固和高质量发展，大力实施品牌战略，建立“甘味”农产品区域公共品牌，构建品牌产品营销体系，持续提升农业综合效益。“新华社民族品牌工程”是响应品牌强国战略的综合服务体系，目前已服务一批世界500强、中国500强、行业龙头和中华老字号的80多个品牌。服务甘肃“甘味”，是新华社民族品牌工程服务体系向省域公共品牌建设领域的又一全新拓展。孙伟表示，甘肃脱贫攻坚中，把产业扶贫作为根本之策，走出了农业现代化发展的路子。与“新华社民族品牌工程”开展合作，必将极大提升“甘味”品牌知名度、美誉度和品牌价值，拓宽“甘味”农产品市场空间和销售渠道，对于助推甘肃打赢打好脱贫攻坚战和实施乡村振兴战略、促进甘肃农业高质量发展，具有特殊而深远的意义。刘正荣说，“新华社民族品牌工程”围绕中心、服务大局，始终坚持社会效益优先，一直重点聚焦扶贫攻坚、乡村振兴、一带一路建设等国家战略。新华社将利用丰富的媒体资源、强大的传播渠道和高端的智库力量，围绕“甘味”品牌提供实实在在的服务，将之打造成享誉全国乃至全球的“名牌”。“新华社民族品牌工程”旨在“服务民族企业发展，助力中国品牌建设”，目前服务对象包括恒大、碧桂园、京东、格力、苏宁、茅台、五粮液、泸州老窖、中国银行、中国一汽、东风汽车、中国银联、月星集团、伊利、扬子江药业、天狮、张裕、康师傅、鲁花、皓腾家居、新城控股、奇瑞汽车、海尔、中盐、蚂蚁金服、江淮汽车、西凤酒、天士力、广汽、杭萧钢构、雪松控股、金康汽车、李锦记、华谊兄弟、济民可信、今世缘酒业、九牧集团、华晨汽车等工程企业，浔龙河、足力健、重庆农投良品、联运环境、九峰医疗、春伦茶业、赣锋锂业、饭爷、仙游·仙作、安溪铁观音、大元集团、千城攻略数据技术、恒隆集团、尔康制药、博郡汽车、上海上湖、中电智云、西安高新区、广东好车、绿滋肴控股、科沃斯、德文教育集团、祥宇橄榄油、中电贵云等产业新锐，中茶、浙江寿仙谷、漳州片仔癀、重庆冷酸灵、汾酒集团、北京稻香村、广药集团、南京元先云锦、兰州佛慈制药、山西广誉远国药、恒顺醋业等中华老字号企业。,,,,,1,0,1,2019-12-30 17:32,360安全浏览器,"['http://ww3.sinaimg.cn/large/00012848ly1gaevriihr2j20rs0ilmyh.jpg', 'http://ww1.sinaimg.cn/large/00012848ly1gaevrim5lij20rs0ijn07.jpg', 'http://ww4.sinaimg.cn/large/00012848ly1gaevrijt18j20rs0iidi7.jpg']",,
4427879439924464,IbHgPFDO0,6027678738,开着重卡去投行,"冷眼看财经今日要闻：4、北京市老龄办、市老龄协会昨天联合北京师范大学中国公益研究院发布《北京市老龄事业发展报告（2018）》。截至2018年年底，北京市常住总人口2154.2万人，比2017年年末减少16.5万人。60岁及以上户籍老年人口占户籍总人口比例，从2017年年底的24.5%，上升到了2018年年底的25.4%，增加了0.9个百分点，户籍老年人口的比例首次突破四分之一。渤海水业股份有限公司的全资子公司天津铸福健康信息咨询有限公司出席了由国家发展改革委和日本经济产业省共同举办的第二届中日养老服务业合作论坛，并与株式会社早稻田老年健康事业团、一般社团法人日中健康医疗交流协会就“日本介护预防在中国普及推广项目”达成合作。三方将充分利用各自资源，引进并推广日本成熟的老年人介护预防理念、技术和服务体系等，避免卧床不起等疾病状态，帮助更多的中国老人实现健康长寿的目标。5、这个问题困扰了我自己多年，今年的诺贝尔经济学奖出来了，论穷。只是不知道他们找到了解决的办法，如果有，我这个穷人需要研究一下。为什么贫穷，为什么穷人摆脱不了贫穷？这是《贫穷的本质：我们为什么摆脱不了贫穷》探讨的主要问题。主要讨论贫穷的原因以及对主流“扶贫观念”的反思：为什么穷人吃不饱饭还要买电视？为什么他们的孩子即使上了学也不爱学习？为什么他们放着免费的健康生活不去享受，却要自己花钱买药？为什么他们能创业却难以守业？为什么大多数人认为小额信贷、穷人银行没什么效用？6、产业链的传导，大家要小心，之前写新能源汽车难过的时候你们应该猜到了。需要注意的是，现在在新能源汽车行业，整车生产商的地位是十分强势的，现在好多配件的供应商存货都堆积在整车商的仓库里，大家小心年末的存货减值损失，到时候就看谁先撑不住了。10月14日晚间，A股两大锂电池巨头同发下修业绩预告，业绩凉凉堪比近期连续而来的冷空气。虽然原因各异，但新能源汽车销量的下滑或才是最重要的因素。天齐锂业10月14日晚间公告，下修业绩预告，预计前三季度净利润12000万元–16000万元，同比下降92.90%-90.53%。赣锋锂业10月14日晚间公告，下修业绩预告，预计前三季度净利润同比下降63.85%-72.89%，盈利30,000.00万元–40,000.00万元。",,,,,0,0,0,2019-10-16 04:43,Android,,,
4192866882399984,FCXTia4lq,3046729851,-每日新余-,【新时代新气象新作为】江西赣锋锂业股份有限公司支持我市产业扶贫举行签约仪式L新余市广播电视台的秒拍视频,,,,,1,1,0,2018-01-05 16:27,360安全浏览器,,"http://f.us.sinaimg.cn/001gwt3qlx07h8FdgdE4010402006nTT0k01.mp4?label=mp4_ld&template=28&ori=0&ps=1BVp4ysnknHVZu&Expires=1602653144&ssig=P0jkgLMhpV&KID=unistore,video",
4192901636669194,FCYNlrYXE,2008922563,新余章志宏,赣锋锂业是锂电产业的龙头，也是企业扶贫的先锋。,,,,,0,0,0,2018-01-05 18:45,三星 GALAXY Note8,,,4192866882399984
4192498890950974,FCOjL3Zoi,3171944275,新余发布,#新余身边事#【赣锋锂业支持产业扶贫签约仪式举行】1月3日，江西赣锋锂业股份有限公司支持产业扶贫签约仪式举行。市委副书记曾萍，市委常委、组织部部长赖国根，副市长林愚出席仪式。据了解，赣锋锂业支持产业扶贫签约是我市“千企帮千户”脱贫攻坚行动的有效措施。仪式上，赣锋锂业就提供精准脱贫扶助资金、产业扶贫资金投资合作与我市部分乡镇负责人进行签约，公司将为全市113户建档立卡贫困户、282名贫困人口每年增加稳定的经济收入。2017年以来，我市扎实开展脱贫攻坚问题整改和“百日行动”，全力推进“两不愁、三保障”政策落实，扎实推进脱贫攻坚“八大工程”，脱贫攻坚工作取得明显成效。贫困户实现产业扶贫全覆盖，贫困村每村至少有一个扶贫主导产业、每个贫困户至少有一项扶贫产业带动，每个贫困人口至少有一份扶贫产业收入。此次，赣锋锂业公司与部分乡镇签订支持产业扶贫合作协议书，对扎实推进我市相关乡镇产业扶贫工作、有效增加贫困人口收益具有重要推动作用。,,,,新余身边事,2,0,2,2018-01-04 16:04,360安全浏览器,"['http://ww4.sinaimg.cn/large/bd100753gy1fn4mxykkm7j208c069jrp.jpg', 'http://ww3.sinaimg.cn/large/bd100753gy1fn4mygwhs0j20b406daah.jpg']",,
4156606247116851,FnKAotRpV,3614623053,小兰纪事,15:00|【收盘播报】沪指延续窄幅整理态势，市场成交量持续低迷，权重股表现萎靡，题材股活跃，通讯板块掀起涨停潮。[点击查看全文]14:54|【周期板块再度上涨分级基金排队发布上折预警】今天周期股再度上涨，截至发稿，钢铁、煤炭板块涨幅居前，各涨2.03%、1.52%。安阳钢铁涨停，凌钢股份、宝泰隆涨逾8%。受此影响，多只分级基金跟涨，钢铁B涨逾4%，煤炭B级、煤炭B涨逾3%。（中国证券网）[点击查看全文]14:53|涉嫌信披违法违规证监会拟对*ST佳电及多名相关人员作出处罚[点击查看全文]14:52|【中核集团携手神华等多家企业拉开四代核电行波堆发展序幕】中核集团消息，9月26日，中核集团副总经理和自兴与神华集团副总经理王树民签署《中核集团与神华集团深化战略合作协议》，双方走向更深入的合作发展。随后，中国核电董事长陈桦与神华集团、浙能电力、建投能源代表签署《行波堆项目投资协议》，拉开四代核电行波堆发展的序幕。行波堆属于钠冷快中子反应堆，在设计上属于第四代核电技术。（证券时报网）[点击查看全文]14:48|日韩股市收跌日股跌0.31%[点击查看全文]14:44|【中远海运“相中”河南】14:40|紫光股份：SDN/NFV技术在5G移动核心网开始应用[点击查看全文]14:39|30多家机构调研安洁科技关注智能手机及新能源汽车领域业务[点击查看全文]14:38|首届UR-EXPO国际博览会在世博展览馆闭幕[点击查看全文]14:38|气氛回暖题材活跃“中小创”领涨两市[点击查看全文]14:25|亚士创能9月28日上市发行价格12.94元[点击查看全文]14:23|仪器仪表概念股盘中异动拉升康斯特涨停[点击查看全文]14:20|5G概念股再起升势中兴通讯AH股大涨[点击查看全文]14:20|短线A股热钱有进一步做多意愿[点击查看全文]14:19|莱茵体育控股股东所持1550万股股份被质押[点击查看全文]14:19|帝龙文化持股5%以上股东质押股票[点击查看全文]14:18|滨江集团控股股东通过大宗交易累计增持2252万股公司股票[点击查看全文]14:17|浔兴股份将持有的价之链65%股权出质给厦门信托[点击查看全文]14:10|短线防风险62只股短期均线现死叉[点击查看全文]14:10|今日58只个股突破年线[点击查看全文]14:05|今日121只个股跨越牛熊分界线[点击查看全文]14:05|今日沪指涨0.14%通信行业涨幅最大[点击查看全文]14:05|两大因素助涨地产股[点击查看全文]14:04|次新股午后快速拉升畅联股份等多股涨停[点击查看全文]14:01|中国联通：明年在重点城市进行5G商用实验[点击查看全文]13:55|【运营商加速布局5G商用产业标准研究制定将加强】在2017年中国国际信息通信展览会上获悉，中国联通集团公司副总经理姜正新表示，中国联通在共建良好产业生态圈方面，重点从三方面做了准备。并透露，明年，中国联通计划在全国进行5G试商用部署。前不久，中国电信表示，要推动5G落地，将在6城启动创新示范区。可见，运营商在5G布局方面已经跃跃欲试。（中国证券网）[点击查看全文]13:54|华邦封条(836640)股东虞振勇、虞丐旦、郑英丕于2017年9月28日在股转系统通过取得公众公司发行的新股方式合计增持525万股，当前持股比例为87.13%。[点击查看全文]13:53|昨日，宝源生物(870410.OC)公告，公司于近期向证监会山东监管局报送首次公开发行股票并上市辅导备案材料，公司于9月21日收到山东省证监局发出的《辅导材料接收函》，目前公司正接受光大证券上市辅导，辅导期自2017年9月21日开始计算。[点击查看全文]13:52|金逸影视、聚灿光电、洛凯股份9月28日申购指南[点击查看全文]13:52|亚士创能9月28日上交所上市定位分析[点击查看全文]13:51|9月27日消息，佳保安全(831231)股东徐卫东及其一致行动人周萍于2017年9月29日在股转系统通过股票定向发行方式增持48万股，当前持股比例为67.94%。13:50|5G概念股午后继续上攻4股封板[点击查看全文]13:47|煤炭行业动态报告：煤炭供应难以释放，后市价格大概率走高>[点击查看全文]13:42|茅台带动中高端白酒涨价专家：炒作成分大泡沫已现[点击查看全文]13:42|【新疆火炬首发暂缓上半年盈利下滑四成】9月26日晚，主板发审委公布了第150次、151次发审会议结果，扶贫概念股新疆火炬(832099.OC)首发暂缓。今年扶贫概念股的IPO之路波折不断，新疆火炬是第一家被发审委暂缓表决的新三板扶贫概念股企业。[点击查看全文]13:40|通信设备板块午后走强吉大通信等多股涨停[点击查看全文]13:39|房地产板块午后快速走强上海临港涨逾9%[点击查看全文]13:38|[东江环保]增资并购危废企业，公司布局优质市场业绩可期>[点击查看全文]行业资金流排行名称	净流入	流入最大股通讯行业	13.89亿	中兴通讯有色金属	8.23亿	赣锋锂业煤炭采选	3.38亿	宝泰隆电子元件	2.96亿	欧菲光造纸印刷	2.77亿	晨鸣纸业概念资金流排行名称	净流入	流入最大股基金重仓	15.33亿	赣锋锂业5G概念	11.79亿	中兴通讯中证500	9.10亿	赣锋锂业次新股	8.66亿	畅联股份特斯拉	7.49亿	赣锋锂业,,,,,0,0,0,2017-09-27 15:00,微博 weibo.com,['http://ww1.sinaimg.cn/large/d772c54dly1fjy4exxf0sj20fu05gdga.jpg'],,
