﻿id,bid,user_id,用户昵称,微博正文,头条文章url,发布位置,艾特用户,话题,转发数,评论数,点赞数,发布时间,发布工具,微博图片url,微博视频url,retweet_id
4543290987257664,Jiacaus36,3772399967,中酒头条,#中酒头条#【洋河累计为宿迁助学捐款1200万元】8月28日，宿迁2020年度“群”众扶贫助学资金发放仪式在宿迁广播电视台举行。洋河股份与“群”众扶贫助学活动一起走过了五年的时间，累计为宿迁助学捐款1200万元。对于捐资助学，苏酒集团董事局主席、洋河股份董事长、党委书记王耀认为，这是义不容辞的责任。,,,,中酒头条,0,0,2,2020-08-29 16:07,HUAWEI P30,['http://ww1.sinaimg.cn/large/e0da415fly1gi7qvhaa9rj21hc0xc41i.jpg'],,
4512473098746660,J5etTAHpa,3962396995,萍乡湘东发布,#脱贫攻坚#湘东区老关镇：爱心企业捐赠生活物资回馈社会心系困难群众6月2日，洋河股份萍乡分公司董事长陈星国一行来到江西省萍乡市湘东区老关镇，为建档立卡贫困户开展捐赠活动，助力老关镇脱贫攻坚工作。下午两点，在老关镇政府院内，举行了简单的捐赠仪式。洋河股份萍乡分公司董事长陈星国表示，关心贫困群众是企业回馈社会应尽的责任和义务，洋河股份萍乡分公司一直在帮扶困难群众，今后也将一如既往地履行好企业的社会责任，带动更多的企业家和爱心人士参与到扶贫工作中来，让更多的贫困家庭得到实惠，也为脱贫工作尽上一点微薄之力。此次捐赠活动，洋河股份萍乡分公司为老关镇的65户建档立卡贫困户捐赠了油和米价值8000元的生活物资，接受捐赠的贫困家庭纷纷对政府和爱心企业表示感谢，让他们对未来的生活更有信心，日子更有奔头。O网页链接,,,,脱贫攻坚,2,2,3,2020-06-05 15:08,360安全浏览器,"['http://ww4.sinaimg.cn/large/ec2d6143gy1gfhfhj89dzj20go0b445d.jpg', 'http://ww4.sinaimg.cn/large/ec2d6143gy1gfhfhj8j2nj20go0b4460.jpg', 'http://ww1.sinaimg.cn/large/ec2d6143gy1gfhfhj9cnuj20go0b4tga.jpg', 'http://ww1.sinaimg.cn/large/ec2d6143gy1gfhfhj49yuj20u00aejti.jpg', 'http://ww2.sinaimg.cn/large/ec2d6143gy1gfhfhj7z6oj20zk0i2jtk.jpg', 'http://ww4.sinaimg.cn/large/ec2d6143gy1gfhfhj6iqhj20u00gwtba.jpg']",,
4512133344472972,J55DUiLCI,2188365700,大江网萍乡频道万炳全,#萍乡新闻快报#【【暖新闻·江西2020】心系困难群众爱心企业捐赠8000元生活物资回馈社会】6月2日，洋河股份萍乡分公司来到湘东区老关镇为老关镇的建档立卡贫困户开展捐赠活动，助力老关镇脱贫攻坚工作。当日下午，在老关镇政府院内，举行了简单的捐赠仪式。洋河股份萍乡分公司董事长陈星国表示，关心贫困群众是企业回馈社会应尽的责任和义务，洋河股份萍乡分公司一直在帮扶困难群众，今后也将一如既往地履行好企业的社会责任，带动更多的企业家和爱心人士参与到扶贫工作中来，让更多的贫困家庭得到实惠，也为脱贫工作尽上一点微薄之力。O【暖新闻·江西2020】心系困难群众爱心企业捐赠8000元生活物资回馈社会@萍乡湘东发布@萍乡发布@萍乡同城@文明江西@看萍乡,,,"萍乡湘东发布,萍乡发布,萍乡同城,文明江西,看萍乡",萍乡新闻快报,0,0,0,2020-06-04 16:38,微博 weibo.com,"['http://ww3.sinaimg.cn/large/826fcf84gy1gfgayvvdokj20dw0b213f.jpg', 'http://ww1.sinaimg.cn/large/826fcf84gy1gfgayxforsj20dw09mjzp.jpg']",,
4478317271207395,IwRob5467,5330619059,丹徒发布,#工作动态#【爱心企业捐赠防疫物资积极践行社会责任】3月2日，洋河股份镇江分公司向谷阳商会捐赠了口罩、酒精等价值5万多元的防疫物资，助力谷阳镇企业复工复产。洋河股份镇江分公司城市经理张敏说，希望为谷阳商会及谷阳的企业尽一份绵薄之力，同时也希望企业家们能尽快摆脱疫情的影响，走出困境。据了解，多年来，洋河股份镇江分公司积极践行社会责任，在扶贫帮困、支教助学、抗震救灾等方面作出了突出贡献，多次被评为全国文明单位。截至目前，该公司向各项社会公益事业共捐赠爱心物资价值15万多元。,,,,工作动态,0,0,1,2020-03-03 09:05,微博 weibo.com,"['http://ww2.sinaimg.cn/large/005OKJwLgy1gcggqqcaewj30go0ci7lc.jpg', 'http://ww1.sinaimg.cn/large/005OKJwLgy1gcggquidmgj30go0af4el.jpg']",,
4470186126146675,ItrRqpN1V,1755301113,干群皇太后VVIP,《干群世界创业者》平常喝一点白酒好处多多，白酒具有一定的开胃消食功能，尤其是一些浓香型白酒，香味浓郁，让人回味无穷，在吃饭的时候喝一点白酒可以很好的提高我们的食欲，帮助我们更好的进餐。平常喝一点白酒，在寒冷的冬天，人们为了抵抗严寒，会想出很多方法，比如穿棉袄，吃火锅，躲在屋子里开暖气，当然了少不了几个朋友聚在一起，喝点白酒，既开怀畅饮，又驱散了冬日的寒气。酒类一直被认为利润非常高的行业，特别是白酒，堪称暴利。一瓶不到20元小酒卖出上百亿，今捐1.17亿款物，超过了茅台五粮液。2019年，茅台营收885亿元，净利润达到了405亿元，净利润率为45.76%，预计是中国利润率最高的企业。在这次新型肺炎疫情中，酒企也非常积极，截至2月5日，有超过980家企业和个人，捐款总额达到了11.77亿元。白酒类别中，五粮液三次捐款9200万，茅台捐赠8000万，郎酒捐款2400万，洋河2200万，泸州老窖、古井贡酒、汾酒三家各捐2000万。其他还有不少捐1000万，500万，300万等金额的，总体上来说，这次酒企表现得非常不错。不过，今天要说的这家企业，必须特别点名，它就是劲牌，一家来自湖北黄石的本土企业，累计捐了1.17亿款物，超过茅台、五粮液，成为所有酒企捐赠之首。1月25日，率先捐了5000万药品，26日，又捐了5000万现金；后续又两次捐赠了1706万现金，可以说是非常大方了，后续还可能继续捐赠。劲牌有限公司旗下最知名的品牌就是劲酒了，那句“劲酒虽好，不要贪杯哦”深入人心。劲酒其实是一个保健酒品牌，业绩却非常凶猛。2017年，劲牌成功跻身白酒行业“百亿俱乐部”，销售额逾104亿元。当年，茅台销售额为582亿，五粮液301亿，洋河股份199亿，泸州老窖104亿。因此，劲牌与泸州老窖并列成为中国第四大白酒企业。最关键是它的零售价不到20元，相比其他白酒几百元，上千元的价格，完全不是一个档次，但却创造了销售奇迹。公开资料显示，劲牌的前身是大冶县御品酒厂，创立于1953年，至今已经67年。劲牌能有今日的成就，他的掌门人吴少勋功不可没。出生于1956年的吴少勋是本地人，当了6年兵，转业后到大冶纱厂上班，从基层做起，一路做到厂长。后来，组织上见他能力突出，就将他调到了御品酒厂担任厂长，彼时，这家小厂产值不足500万元，负债却高达700万元。吴少勋可以说是临危受命，带着挽救落败国营酒厂的使命来的。外行人吴少勋一进入酒厂，就开始了广泛的调查和学习。中国白酒历史悠久，知名品牌众多，竞争激烈。而保健酒类别虽然也很多，但鱼龙混杂，真正有名气的品牌却很少。吴少勋看到了这个机遇，在1989年，推出了“中国劲酒”，正式进入保健酒行业。当兵出身的吴少勋有魄力，执行力强，当时很少有保健酒打广告，吴少勋率先就找到中央电视台投放广告，将劲酒的名气打了出去。不过，后来又遇到了瓶颈，因为大众对保健酒认为有需求才喝。所以，为了打破这种印象，弱化保健的作用。吴少勋又找到了著名相声演员姜昆代言，并打出了“劲酒虽好，不要贪杯哦”的广告，再次打开了市场，销售额持续上涨。到1997年，产值暴涨了2088%，上缴税收增长852%。1997年，小厂正式改名为劲牌公司，公司也进行了股份制改造，由国企变成以吴少勋为第一大股东的私营企业，另外，还有全员持股，极大的带动了员工的积极性。在吴少勋的带领下，劲牌发展迅猛，销售额连年上涨，2012年达到了56亿，到2017年突破104亿，5年时间，几乎翻了一倍。如今，劲牌已经击败椰岛鹿龟酒，成为了保健酒第一品牌。和娃哈哈一样，吴少勋坚持不上市，一方面是劲牌自己有充足的钱，拿融资来的钱不知道干嘛。另一方面是怕给股民带来损失，他对企业上市圈钱深恶痛绝。所以，尽管已经是百亿企业，但却是一家不上市的另类企业。对于慈善，吴少勋非常热衷，1998年，劲牌成为民营企业后，他就开始了慈善活动。吴少勋认为，扶贫先扶智，哪怕一丁点资助，也许能改变一个贫困生甚至一个家庭的命运。所以，劲牌的慈善主要是用于教育和环保行业为主。2007年设立了“湖北慈善劲牌公益基金”，在汶川地震时，就捐了1180万元。2014年之前，每年都花费几千万用来做慈善公益，在这之后，更是每年金额超过亿元。2016年吴少勋捐赠3.2亿元排第八位，2019年捐赠1.2亿排在32位。十余年间，劲牌酒业仅通过湖北慈善总会的捐赠总额已超过12亿元。可以说是年年登陆慈善榜，是中国酒企中的有名慈善家。在企业不断的发展壮大过程，吴少勋没有忘记自己的社会责任，一直把慈善当作一个事业来做，希望能够帮到更多人，为社会做出贡献。,,成都,,,0,0,0,2020-02-09 22:34,iPhone客户端,"['http://ww4.sinaimg.cn/large/689fc4f9gy1gbqitgrsocg20em092q77.jpg', 'http://ww3.sinaimg.cn/large/689fc4f9gy1gbqithq402j20m80ic0ul.jpg', 'http://ww3.sinaimg.cn/large/689fc4f9gy1gbqitibp0nj20b4087q3n.jpg', 'http://ww4.sinaimg.cn/large/689fc4f9gy1gbqitirqozj20b407emxh.jpg', 'http://ww4.sinaimg.cn/large/689fc4f9gy1gbqitjy0cjj20cn09udgb.jpg', 'http://ww3.sinaimg.cn/large/689fc4f9gy1gbqitk9tl8j20dw09x74u.jpg', 'http://ww1.sinaimg.cn/large/689fc4f9gy1gbqitkvnnrj20dw0aqaau.jpg', 'http://ww2.sinaimg.cn/large/689fc4f9gy1gbqitlvlldj20sg0gtgo2.jpg', 'http://ww2.sinaimg.cn/large/689fc4f9gy1gbqitmkx1aj20lc0qujvi.jpg']",,
4459568275085467,IoZDRlkXF,3188978050,强者恒强大V,#下一个十年·致未来的自己#2010年大学毕业，2012年入职成为一名公务员，2018年被组织选派到一个贫困村任第一书记和扶贫工作队队长，开始奋战在扶贫最前线。开启了经常“5+2”“白+黑”的奋斗模式，工作很辛苦，也很累，但是当我村最后一户的贫困户通过省第三方评估验收，顺利脱贫了，我很开心，很快乐。2020年是脱贫攻坚决战决胜之年，也是我3年挂职生涯的最后一年，我为能亲身参加脱贫攻坚这一伟大历史性工程，把青春和热血洒向农村而感到骄傲和自豪。2020年是下个十年的起点，我将只争朝夕，不负韶华，决胜脱贫攻坚，继续做好帮扶工作，决不辜负组织和群众的重托。未来十年，我坚信祖国明天一定能更美好，人民生活更加幸福，我的事业也能更顺利。图为:我和我曾经帮扶贫困户在领取脱贫光荣证时的合影@江苏新闻@洋河股份@梦之蓝@江苏卫视新闻眼,,,"江苏新闻,洋河股份,梦之蓝,江苏卫视新闻眼",下一个十年·致未来的自己,2,1,0,2020-01-11 15:23,,['http://ww2.sinaimg.cn/large/be13f182ly1gakzub6u9mj20c80lqmz5.jpg'],,
4444421455950014,IiDBvoXRY,3106250394,南通发布,【继成功创造“洋河神话”后投资酒业的又一大手笔丨江苏综艺集团控股贵州醇】O网页链接继成功入主洋河股份后，又一家知名酒企进入江苏综艺集团的投资版图。今天（30日）下午，“真年份贵州醇”开坛鉴真仪式在贵州省黔西南州兴义市举行，这是综艺集团控股贵州醇酒业有限公司后首次对外亮相。贵州醇是国内首家以“醇”命名的酒企，曾以“中华第一醇”驰骋江湖。作为黔派浓香典范，贵州醇曾开创了35度优质浓香型白酒的先河，也曾在白酒行业风行一时，成为贵州酒业的双子星座之一，业界流传“北有茅台酒，南有贵州醇”一说。近些年来，由于种种原因，贵州醇在激烈的市场竞争中遇到严峻挑战，企业连年亏损，其间虽有其他资本注入，但也未有多大起色。正在进入全面脱贫攻坚战的黔西南州领导忧心忡忡，期待贵州醇尽快扭亏为盈，增加税收和就业，助力当地脱贫。经过反复论证，他们向曾经在酒业创造过“洋河神话”的江苏综艺集团发来邀请。今年7月初，江苏综艺集团董事长昝圣达应邀考察贵州醇酒业有限公司。交流中，当地党委、政府推进全面小康的迫切心情和多措并举令他十分感动。他发现，贵州醇虽多年销路不畅，但酿酒生产仍然处于稳定发展和持续提升当中，形成大量的优质陈年美酒窖存，有的甚至达几十年之久，这在全国酒厂极为罕见，为今后贵州醇东山再起，扛起“真年份”酒大旗，提供了雄厚的老酒储备。昝圣达果断决定实施产业扶贫，帮助贵州醇尽快扭亏为盈，全力支持黔西南州的扶贫事业。今年7月17日，江苏综艺集团出手收购贵州醇酒业有限公司81％的股权。昝圣达遍邀各方高人为企业进行全面深入的“体检”，摸准其由盛转衰的“病根”，为贵州醇开出了切合实际的扭亏为盈、做大做强的“良方”。据了解，综艺集团控股贵州醇后，将坚守“踏踏实实做好酒、扎扎实实做品牌理念，依托自身最美生态酒庄，实施“酒旅结合”，品鉴“生态体验游”；扛起“真年份酒”大旗，做大做强贵州醇，实现在全国的地位由后发赶超变成先发引领，为当地提供更多的税收和就业，帮助黔西南州的布依族苗族群众尽快走向富裕。,,,,,1,1,2,2019-11-30 20:15,专业版微博,,,
4437430356808452,IfHJxszbK,2046576145,商丘日报,【中国第三届（河南商丘）资本市场扶贫高峰论坛举行颁奖活动】11月9日下午，中国第三届（河南商丘）资本市场扶贫高峰论坛举行颁奖活动，向在精准扶贫方面作出突出贡献和显著成果的企业和个人分别颁发了年度扶贫企业奖、年度最佳精准扶贫奖、年度最佳创新扶贫奖、年度公益创新企业奖和年度扶贫先锋人物奖。我市2家企业1名个人获奖。年度扶贫企业奖获奖企业有：阿里巴巴脱贫基金、比亚迪、碧桂园、博时基金、东方证券、国泰君安证券、汇添富基金、佳兆业、京东集团、世茂集团、申万宏源、万达集团、中国平安集团、中国建设银行。年度最佳精准扶贫奖获奖企业有：博源股份、传化智联、东莞证券股份有限公司、国华人寿保险、光大永明人寿保险、广发期货、恒大、建业集团、利得集团、利安人寿、万惠集团、携程集团、兴业银行、正荣集团。年度最佳创新扶贫奖获奖企业有：贝店、本来生活、第一创业证券、东证期货、国泰基金、华侨永亨银行（中国）、河南省豫东牧业开发有限公司、嘉吉、驴妈妈（景域集团）、民生证券、三六一度集团、新力公益基金会、商丘市农村信用社、银河期货、中原证券。年度公益创新企业奖获奖企业有：安利、奥园集团、达人店、二三四五、光大证券、华菁证券、健合（中国）有限公司、建信人寿保险、泸州老窖、融创中国、祥生地产集团、雅居乐、洋河股份、浙商证券、中国国际金融股份有限公司。年度扶贫先锋人物获奖嘉宾为：广发证券王月洪、湖南证监局派驻凤凰县樟坡村第一书记邱孝、中证焦桐基金党支部书记于建、创梦者电子商务培训有限公司总经理王茜。#商丘日报#记者祁博,,,,商丘日报,2,0,0,2019-11-11 13:15,微博 weibo.com,,,
4408516833830355,I3zyPg4rV,1834861571,洋河股份,#梦之蓝公益#8月23日，由宿迁市委、市政府牵头，多部门共同发起、全社会共同参与的“众善众举圆梦大学——2019年度‘群’众扶贫助学资金发放仪式暨梦之蓝公益助学行动”大型公益活动在宿迁举行。因为对本次宿迁助学活动的公益支持，洋河股份再次被宿迁市政府授予“特别贡献奖”！,,,,梦之蓝公益,0,2,7,2019-08-23 18:23,iPhone客户端,"['http://ww3.sinaimg.cn/large/6d5dc403ly1g69s957g84j20zk0olwny.jpg', 'http://ww1.sinaimg.cn/large/6d5dc403ly1g69s95fpmaj20u00ks0y6.jpg', 'http://ww3.sinaimg.cn/large/6d5dc403ly1g69s94wecij20u00ktwky.jpg', 'http://ww1.sinaimg.cn/large/6d5dc403ly1g69s95mnasj20zj0lwtfd.jpg']",,
4405225894738230,I2bWRjSD4,2618552362,宿迁民政,发布了头条文章：《江苏洋河股份有限公司扶贫助学慈善资金捐赠仪式在我局举行》O江苏洋河股份有限公司扶贫助学慈善资金捐赠仪式在我局举行,http://t.cn/AiHfJl5l,,,,0,0,2,2019-08-14 16:26,微博 weibo.com,,,
4371434194874969,HtYkrkscx,6861410690,每日食讯,贵州茅台sh600519五粮液sz000858洋河股份sz002304酒鬼酒sz000799梳理白酒上市企业2018年年报发现，在白酒行业三巨头中，洋河投入精准扶贫力度最弱，投入资金仅为茅台和五粮液精准扶贫资金的零头。O哪些上市白酒企业在精准扶贫方面放空炮,,,,,0,0,1,2019-05-13 10:29,微博 weibo.com,,,
4327397782435147,HbuJYaduz,5885052214,上饶市红十字,@江西省红十字会@中国红十字总会@中国红十字报【精准扶贫“1+1”开门入户“心连心”——2019年上饶市“红十字博爱送万家活动”启动仪式举行】为积极响应市委、市政府提出的打好“精准扶贫、精准脱贫”攻坚战的号召。元月11号上午，市红十字会在鄱阳县双港镇余沈村举行精准扶贫“1+1”开门入户“心连心”――2019年“洋河股份”上饶市红十字博爱送万家活动启动仪式。出席启动仪式的领导有:市人民政府副市长、市红十字会长郑少薇，市政府副秘书长、市红十字兼职副会长顾海敏，市卫计委主任王金福，市红十字会党组书记胡锦斌、常务副会长曹海燕、副调研员黄琴声，鄱阳县人民政府副县长杨军，以及上饶市、鄱阳县红十字会的相关同志、市卫计委相关人员，鄱阳县、双港镇的相关同志及受助困难群众代表及媒体代表。启动仪式由市红十字会常务副会长曹海燕主持。仪式现场，郑少薇副市长等领导为72户贫困家庭代表发放了棉被、米和油。此次发放的棉被由市红十字会捐赠，米、油由鄱阳县某爱心企业通过县红十字会捐赠。活动结束后，郑少薇副市长一行前往鄱阳县枧田街高桥看望慰问麻风康复患者，送去慰问金及棉被、棉袄，把党和政府的温暖与关怀及时送到特殊群体心里！,,,"江西省红十字会,中国红十字总会,中国红十字报",,1,0,0,2019-01-11 22:04,360安全浏览器,"['http://ww4.sinaimg.cn/large/006qh4V0gy1fz2zve55qxj31fc0u0b2a.jpg', 'http://ww1.sinaimg.cn/large/006qh4V0gy1fz2zvg6dy1j318z0u0x6p.jpg', 'http://ww4.sinaimg.cn/large/006qh4V0gy1fz2zvl0nz4j31400u0u0z.jpg', 'http://ww1.sinaimg.cn/large/006qh4V0gy1fz2zvmyae1j317o0u04qr.jpg', 'http://ww4.sinaimg.cn/large/006qh4V0gy1fz2zvpfhguj312w0u0e83.jpg']",,
4328365559121677,HbTUTCgXP,3032145314,江西省红十字会,#博爱送万家#11日，上饶市红十字会举行精准扶贫“1+1”  开门入户“心连心”――2019年“洋河股份”上饶市红十字博爱送万家活动启动仪式，为72户贫困家庭代表发放了棉被、米和油，看望慰问鄱阳县枧田街高桥麻风康复患者，为他们送去慰问金及棉被、棉袄。,,,,博爱送万家,0,0,0,2019-01-14 14:10,搜狗高速浏览器,,,4327397782435147
4326141827211793,HaY4eug7f,2362872187,山东人民广播电台,第一书记年货献爱心省企农副产品汇泉城2019年1月8日，隆冬季节的济南良友富临酒店热闹非凡。由7家省属涉农企业共同发起、10个第一书记驻村参加、10余家知名企业赞助加盟的第一书记扶贫爱心年货暨省属涉农企业产品展示会在这里举办。数十品类、数百品种的农副产品、健康食品等参加展示，竞相展现着我省国有企业改革开放40年以来的成就和收获。展会围绕“优质粮食工程”实施，主动对接“齐鲁粮油”公共品牌打造，以“国企品牌健康品质”为主题，组织涉农企业进行产品展销、加强合作，探索“集中展销-产品联盟-战略合作”的发展模式，拓宽耕地直供餐桌的订单式农副产品产销渠道，旨在推动形成省属涉农企业强强联合长效机制，联手创建一批有一定知名度的特色农副产品品牌及龙头企业，促进涉农产业兴旺、企业增效、农民增收。据悉，这次展会初始由鲁粮集团和山东种业发起，得到了广泛赞同和积极回应，上升到包括鲁粮集团、山东种业、水发集团、山东盐业、山东高速、鲁商集团、山钢集团等联合举办。特邀参展的第一书记扶贫村共10个，涉及省国资委、省粮食和物资储备局、省再担保集团等部门、单位对口帮扶贫困村。活动得到了山东省供销社、天园茶业、洋河股份等单位的大力支持。各参会方表示，感谢举办方搭建这样一个展销合作、发展共赢的平台，各相关企业可以根据自身产业布局，通过活动平台互通有无、开展贸易合作洽谈，实施两家或多家之间的战略合作，给未来发展提供更多利好，也希望今后有更多的企业参与进来，在协同发展的道路上共同行稳致远。,,,,,0,0,0,2019-01-08 10:54,iPhone 7,"['http://ww4.sinaimg.cn/large/8cd6917bly1fyyzmpu1raj20zk0qogue.jpg', 'http://ww1.sinaimg.cn/large/8cd6917bly1fyyzmsdh2yj20zk0qo107.jpg', 'http://ww1.sinaimg.cn/large/8cd6917bly1fyyzmtm14fj20zk0qogzn.jpg', 'http://ww3.sinaimg.cn/large/8cd6917bly1fyyzmotbv5j20zk0qonbv.jpg', 'http://ww2.sinaimg.cn/large/8cd6917bly1fyyzmrdtqzj20zk0qo162.jpg', 'http://ww2.sinaimg.cn/large/8cd6917bly1fyyzmus7mhj20zk0qotj2.jpg', 'http://ww4.sinaimg.cn/large/8cd6917bly1fyyzmw3onvj20qo0zkgu9.jpg', 'http://ww1.sinaimg.cn/large/8cd6917bly1fyyzmx1d33j20zk0qoqbc.jpg', 'http://ww1.sinaimg.cn/large/8cd6917bly1fyyzmy7mowj20zk0qon5o.jpg']",,
4275061273772515,GvuGzfPp1,1834861571,洋河股份,今天上午，2018年宿迁市“群”众扶贫助学活动暨梦之蓝公益基金发放仪式在宿迁电视台举行。洋河股份董事长王耀在现场与学生分享了这首被央视《经典咏流传》唱🔥的《苔》，激励这些受捐助的贫困学生们。L洋河股份的秒拍视频,,,,,2,0,1,2018-08-20 11:58,秒拍网页版,,"http://f.us.sinaimg.cn/001FPNcclx07mYpJHtFC010402000MaK0k010.mp4?label=mp4_ld&template=632x360.28&ori=0&ps=1BVp4ysnknHVZu&Expires=1602652152&ssig=sZEcFobZuY&KID=unistore,video",
4246049096605539,GjjWJrIoX,5963400022,天天有米网,"【今日头条】　　1、5月PMI为51.9%连续22个月高于荣枯线　　国家统计局5月31日数据显示，5月中国制造业采购经理指数(PMI)为51.9%，高于上月0.5个百分点，达2017年10月以来最高点，连续第22个月保持在荣枯线之上。业内专家认为，制造业总体扩张有所加快，表明经济运行的微观动能充足，中国经济稳中向好预期不变。　　2、A股正式“入摩”：增量资金入场急短中期机会多　　今日，A股正式跨进“入摩”时代，这标志着A股在国际化进程中迈出了实质性的一步。分析人士表示，“入摩”落地后，将进一步吸引国际长期资金，并为A股提供进一步动能。考虑到此前A股市场中蓝筹、成长估值均有所调整，以国际比较的角度看并不贵；其他种种催化因素也都已使A股重新回到一个可以逐步配置的时点。　　3、5月净买入509亿元北上资金“入摩”前加紧抢筹　　随着6月1日A股正式纳入MSCI新兴市场指数和MSCIACWI全球指数，中国资本市场国际化将正式迈向一个新台阶。作为外资配置A股的重要通道，通过沪、深港通的北上资金今年持续流入A股，在5月份净买入额创下单月最高纪录，同时对拟纳入MSCI的成分股进行配置，最新规模已经超5480亿元。　　4、5月机构扎堆调研MSCI成份股7只龙头股最受海外机构青睐　　海康威视(002415,股吧)当月接待调研机构家数居首，达到142家，此外，石基信息(002153,股吧)（50家）、美的集团（47家）、洋河股份(002304,股吧)（46家）、三七互娱（45家）、大族激光(002008,股吧)（37家）等公司机构调研家数也均在30家以上。　　5、78家医药生物公司披露中报预告4家亏损2家首亏　　随着中报期的临近，越来越多的上市公司披露了2018年中报预告。截至5月31日，据记者通过数据统计，医药生物行业中已有78家公司发布了中报预告，其中1家不确定业绩，2家略减，37家略增，1家扭亏，2家首亏，1家续亏，11家续盈，2家预减，20家预增，1家增亏，以此来看，有超八成医药生物上市公司业绩预喜。　　6、6月限售股解禁4204亿元环比增加四成　　6月份首发原股东限售股的解禁市值为2816.72亿元，比5月份增加了893.59亿元，增加幅度为46.47%。股改、定向增发等部分的非首发原股东解禁市值为1387.15亿元，比5月份增加了322.59亿元，增加幅度为30.30%。6月份合计限售股解禁市值为4204亿元，比5月份增加了1216.18亿元，增加幅度为40.71%。6月份解禁市值环比增加四成，目前计算为年内第三高。6月份首发原股东限售股解禁市值占到全月解禁市值的67.00%，而5月份这一比例为64.37%，出现上升。　　7、小米近期先在上交所发行CDR后在港交所IPO　　据报道，小米将于近期在上交所发行CDR，成为国内首家发行的CDR的企业。为了配合CDR的发行进度，小米将在港上市时间推迟，先在上交所发行CDR，后在港交所IPO。这样一来，小米便不必满足“已经上市红筹企业要求估值不低于2000亿元人民币”的标准，而对应“未上市红筹企业和境内创新企业上市估值不低于200亿元人民币、同时最近一年的营收不低于30亿元”的CDR试点标准。　　【板块掘金】　　1、中央推进乡村振兴和产业扶贫、农产品(000061,股吧)加工前景佳　　中央政治局5月31日召开会议，审议《乡村振兴战略规划(2018-2022年)》和《关于打臝脱贫攻坚战三年行动的指导意见》。会议提出，要让农业成为有奔头的产业，让农民成为有吸引力的职业，让农村成为安居乐业的美丽家园。要强化到村到户到人的精准帮扶举措，加大产业扶贫力度，全力推进就业扶贫，深入推动易地扶贫搬迁，加强生态扶贫。",,,,,0,1,0,2018-06-01 10:34,专业版微博,['http://ww2.sinaimg.cn/large/006vzOLkgy1frvh3wr94gj30e80e8dh9.jpg'],,
4182343625209182,Fyy8ilR94,5743823317,河南省安阳县第一高级中学,"#安阳校园#12月7日上午十点,安阳县一中合堂教室异常温暖,洋河股份安阳市殷都区精准教育扶贫捐赠仪式在这里隆重召开。政协殷都区委员会副主席郭宪林，安阳市教育局机关党工委副书记、安阳市教育基金会副秘书长霍明瑞，殷都区教科体局局长刘现义，沙钢永兴钢铁公司董事长李增伟先生，洋河股份豫北区总经理陶力先生，安阳市南湾湖大酒店有限责任公司董事长、安阳市大董1968商贸有限责任公司董事长董元斌先生，安阳县一中校长王现民，安阳县一中党支部书记刘相文和教师、学生代表出席了捐赠仪式。洋河股份豫北区总经理陶力先生代表集团公司向安阳县一中捐赠人民币20万元。洋河股份精准教育扶贫捐赠将帮助贫寒学子顺利完成学业、鼓励他们用知识改变命运，学会奉献，用爱心回报社会；将激励乐于奉献的优秀教师以优异的教育教学成绩为殷都区的教育发展再建新功。相信安阳县一中定能够继续发扬乐于奉献的精神、不断创新教学方法，为新殷都的教育发展再创佳绩！@安阳市教育局@殷都区教体局",,,"安阳市教育局,殷都区教体局",安阳校园,6,3,6,2017-12-07 15:31,UC浏览器电脑版,"['http://ww4.sinaimg.cn/large/006gIuPzly1fm88muqzxuj31kw0w0b2b.jpg', 'http://ww4.sinaimg.cn/large/006gIuPzly1fm88mx6sjvj31kw0w0kjn.jpg', 'http://ww1.sinaimg.cn/large/006gIuPzly1fm88mzwyl3j31kw0w0e83.jpg', 'http://ww1.sinaimg.cn/large/006gIuPzly1fm88n29xrij31kw0w0npe.jpg']",,
4146785666818833,FjD6KsBTb,5690515231,武汉高校,【湖北政企携手洒爱黄陂36名贫困学子七夕受助】28日，中国传统的七夕节。上午，湖北省工商联、湖北省青基会与洋河股份（苏酒集团）武汉分公司相关人员一行来到武汉市黄陂三中捐资助学，与36名受助贫困学生和家长代表一起“过节”，精准扶贫、洒播爱心。,,,,,0,0,0,2017-08-31 12:36,,"['http://ww3.sinaimg.cn/large/006d6OXJly1fj2sv5a5emj30m80gojtx.jpg', 'http://ww2.sinaimg.cn/large/006d6OXJly1fj2sv61ic3j30m80godhp.jpg', 'http://ww2.sinaimg.cn/large/006d6OXJly1fj2sv6uawvj30m80goadm.jpg']",,
4146153560293306,FjmFe1eiK,3176185864,人民网湖北频道,【湖北政企携手洒爱黄陂36名贫困学子七夕受助】28日，中国传统的七夕节。上午，湖北省工商联、湖北省青基会与洋河股份（苏酒集团）武汉分公司相关人员一行来到武汉市黄陂三中捐资助学，与36名受助贫困学生和家长代表一起“过节”，精准扶贫、洒播爱心。O湖北政企携手洒爱 黄陂36名贫困学子七夕受助,,,,,0,0,1,2017-08-29 18:45,微博 weibo.com,"['http://ww4.sinaimg.cn/large/bd50c008gy1fj0c6w749dj20m80gomyu.jpg', 'http://ww1.sinaimg.cn/large/bd50c008gy1fj0c6w7yxwj20m80goaba.jpg', 'http://ww1.sinaimg.cn/large/bd50c008gy1fj0c6wcnqvj20m80gomzh.jpg']",,
4143618459313611,FiiIlD4Tx,6115570163,宿迁财经网,《洋河股份捐资300万元帮扶寒门学子圆大学梦　》8月18日上午，宿迁市委市政府举办了《梦想天空分外蓝———“群”众扶贫助学资金发放仪式暨梦之蓝公益助学行动》大型公益活动。活动中，洋河股份董事长、党委书记王耀宣布通过梦之蓝公益基金捐资300万元，13位“梦之蓝公益圆梦大使”结对帮扶13名贫困大学生，同时洋河股份还在今后4年中每年再拿出20万元来奖励表现优异的受助学生。O洋河股份捐资300万元帮扶寒门学子圆大学梦　,,,,,0,0,0,2017-08-22 18:51,微博 weibo.com,,,
4142128253193133,FhFWNdoG9,5516021915,重庆市酒类流通商会,"酒讯l8.18周五1、【禁止公费购酒】据新浪财经15日消息，有爆料称，高校、央企、政府机关下发开展违规公款购买高端白酒的整治工作，强调对违规公款购买高档白酒问题进行集中排查。2、【沱牌】15日，沱牌舍得发布晚间公告，董事会收到张萃富先生、王晓平先生的书面辞职报告。经公司研究，拟提名公司副总经理张萃富担任控股子公司四川天马玻璃有限公司总经理，同时，张萃富申请辞去公司副总经理职务。拟任命公司副总经理王晓平担任公司副总工程师，同时，王晓平申请辞去公司副总经理职务。3、【茅台招聘】15日，为满足学院发展要求，努力打造一支与学院发展理念及发展目标相适应的高水平、高标准""双师型""师资队伍。茅台学院特面向社会公开招聘教师47名，财务人员3名。硕士研究生年薪不低于12万元；博士研究生、副教授年薪不低于18万元；教授年薪面商。4、【捐赠】14日8:30，泸州老窖赴九寨沟地震灾区捐赠救灾物资发车仪式在泸州老窖营销指挥中心泸州老窖广场举行。履行社会责任，践行“共生”理念，投身公益行动，在灾难面前，积极伸出援手。从汶川地震到青海玉树地震，从雅安芦山地震到云南鲁甸地震，泸州老窖一直在行动。5、【社会责任】14日-15日，上市公司社会责任贵州行暨第十九届中国上市公司金牛奖颁奖典礼在贵州省贵阳市隆重举行。洋河股份获得“金牛奖”三连冠。期间，洋河股份董事长、党委书记王耀与贵州省常务副省长王晓光、中共贵州省常委、贵阳市委书记李再勇进行了会见，并就贵阳市的发展规划、投资建设、民生扶贫等问题进行了深入交流。6、【贵州酒博会】14日下午，第七届中国（贵州）国际酒类博览会（以下简称“贵州酒博会”）河南参会企业筹备会在河南省商务厅四楼会议室召开，河南省商务厅副厅长李若鹏要求各级商务部门按照厅里的统一部署，成立专门机构，加强沟通与协调，确保展览、推介活动的顺利实施。7、【爱心企业”】14日，湖南宁乡县食品药品工商质量监督管理局领导一行来到麓湖郎酒总部，对郎酒在湖南宁乡抗洪救灾做出的重要贡献表示衷心感谢，赠送郎酒“爱心企业”称号牌匾。8、【古井贡酒】近日，古井贡酒合肥营销中心拉开了2017年内训师PK赛活动序幕。经过初赛的激烈角逐，10名来自各大区的优秀选手脱颖而出。9、【经销商智能升级论坛】12日，由中国商业联合会智慧商业分会、山东云媒股份软件有限公司主办，山东云媒讯猫物流有限公司协办、仰韶窖香担任论坛晚宴唯一指定用酒的“2017中国•经销商智能升级论坛”在郑州金水区弘润华夏大酒店盛大启幕。10、【收购】泸州老窖14日晚间公告，公司拟出资3.97亿元（含税费共计约4.2亿元）收购泸州市机关事务管理局挂牌出让的“泸州老窖天府中学凤凰校区资产（含土地46.943亩及其附属建筑）”，用于升级改造国窖广场旅游工业园景区。交易不构成关联交易，不构成重大资产重组。11、【酿酒专业】近日，齐鲁工业大学和新西兰东部理工学院（EIT）正式签署关于酿酒专业课程教育的合作协议，进行葡萄酿酒工程本科教育。新西兰东部理工学院（EIT）是新西兰唯一提供葡萄栽培与酿酒专业高等学历的理工学院。12、【梦之蓝】近期，梦之蓝（M9）产品进行了迭代升级，目前45度梦之蓝（M9）17版（普通）已进入批量生产阶段。梦之蓝（M9）内部的瓶和外部的盒都换了新包装。13、【沱牌舍得】近期，一档由沱牌舍得酒业独家打造的IP访谈节目《舍得智慧讲堂》在凤凰网、蜻蜓FM、喜马拉雅、优酷等线上平台上线。据尼尔森统计，5期节目，其收听收看受众已突破千万人次。14、【黄酒】日前，浙江省绍兴市市场监管局通报了前期对全市黄酒生产企业、黄酒经销企业及黄酒网商的商标标识和产品标签的检查情况。在6月26日至7月5日开展的绍兴黄酒产品标识标注“维权一号”执法行动中，共实地检查了全市黄酒生产企业75家（其中11家已停产或者关闭），黄酒批发部11家，大型超市1家，网上巡查了黄酒网商20家。发现各类问题169个，现场责令限期整改企业64家，立案查处违法案件1起。15、【青岛啤酒】近日，“全球举杯共分享—青岛啤酒远销100个国家暨一带一路市场拓展发布会”在青岛香格里拉大酒店重磅开启，青岛啤酒以全球篇、举杯篇、共分享篇三幕大戏，向“新全球化”吹响了号角。16、【智利葡萄酒】日前，智利政府表示已经同中国第二大电子商务平台京东进行合作，销售智利生产的葡萄酒。17、【百威英博】近日，百威英博旗下的创新公司ZXVentures脑洞大开。他们宣布支持一家非酒精饮料初创企业Canvas，把公司每年投喂牲口的80亿磅麦糟变成一种人类可以喝的大麦牛奶饮料。",,,,,0,0,0,2017-08-18 16:09,微博 weibo.com,,,
4032217003181247,Edw6UdlAr,3446305084,henrydebaobao,#脱贫攻坚看中国#徽州区“多企帮多村”激发社会扶贫新动能洋河股份为东山村48户扶贫户捐助扶持发展特色种养业；浪漫红公司、乌金园养殖公司与贫困户达成协议免费提供皖南花猪苗，更多的企业家购买猪仔、香榧苗、油茶苗免费发放给贫困户，鼓励他们自力更生，勤劳致富……,,,,脱贫攻坚看中国,0,0,0,2016-10-19 09:01,超话,,,
3797102322571559,BEK4EaMYL,3952004833,洋河1号,#流弊婆家之二三事#@洋河股份先后与中国扶贫基金会、中国社会福利基金会、天使妈妈基金会等公益组织合作，通过“梦想星搭档”、“中国梦想秀”等公益平台共同帮助了63个公益项目，累计捐助近1000万元，挽救了12个垂危的生命，帮助了数万个需要援助的家庭。中国梦•我的梦•梦之蓝,,,洋河股份,流弊婆家之二三事,277,118,560,2015-01-09 14:00,微博 weibo.com,"['http://ww2.sinaimg.cn/large/eb8ecee1gw1eo3206eztfj21kw11xk42.jpg', 'http://ww1.sinaimg.cn/large/eb8ecee1gw1eo3203hs84j21kw11xn6s.jpg', 'http://ww4.sinaimg.cn/large/eb8ecee1gw1eo3204spjij21kw11x12e.jpg']",,
3783381730944112,ByZ8F3XBC,1647171880,中国扶贫基金会,#交通安全日#“交通安全书包”发放学校——昌平区北七家镇智星学校的校长送来锦旗表示感谢，共924个孩子得到帮助。中国每年超过1.85万名14岁以下儿童死于交通事故，儿童因交通事故死亡率是欧洲2.5倍，美国的2.6倍。感谢@加多宝凉茶@洋河股份以及@通用汽车中国帮助降低孩子交通事故风险@扶贫中国行,,,"加多宝凉茶,洋河股份,通用汽车中国,扶贫中国行",交通安全日,10,2,4,2014-12-02 17:19,微博 weibo.com,"['http://ww3.sinaimg.cn/large/622dd928jw1emvgeuzuoyj20zk0k0wjn.jpg', 'http://ww2.sinaimg.cn/large/622dd928jw1emvgevz624j20zk0k0gqn.jpg', 'http://ww4.sinaimg.cn/large/622dd928jw1emvgewews7j20zk0qmwgu.jpg', 'http://ww2.sinaimg.cn/large/622dd928jw1emvgex4yrsj20qm0zkwhb.jpg']",,
3651510296516998,AlC17rlmS,3199162553,橄榄枝958,今天，我们在燕京小天鹅公益小学开展#让我看见你#公益活动，为孩子送上带有荧光标识的安全书包，培训交通安全知识，帮助他们提升交通安全意识。儿童成长需要你我护航，安全驾驶，给孩子多一份安全保障！@中国扶贫基金会@洋河股份@梦之蓝公益,,,"中国扶贫基金会,洋河股份,梦之蓝公益",让我看见你,1,0,1,2013-12-03 19:49,微博 weibo.com,['http://ww2.sinaimg.cn/large/beaf58b9gw1eb6r95cdi9j2028028mwz.jpg'],,
3651026878252107,AlprpyCKv,2636713617,刘聪聪miya,今天是全国第二个交通安全日，@梦之蓝公益和@CCTV1梦想星搭档节目组，中国扶贫基金会还有各个区的交警同志们来到北京市燕京小天鹅公益学校来给小朋友们送安全书包🎒，交通安全问题也是孩子们最容易遇到的问题，关注孩子，为了孩子，给孩子一个安全的童年！@洋河股份我在:,,216省道,"梦之蓝公益,CCTV1梦想星搭档,洋河股份",,8,48,31,2013-12-02 11:48,iPhone客户端,"['http://ww1.sinaimg.cn/large/9d290e91jw1eb57g2h440j218g0xch0t.jpg', 'http://ww1.sinaimg.cn/large/9d290e91jw1eb57imoac2j20xc18ggzj.jpg', 'http://ww2.sinaimg.cn/large/9d290e91jw1eb57lxm6n2j218g0xcapr.jpg', 'http://ww2.sinaimg.cn/large/9d290e91jw1eb57nyj145j20xc18ggxx.jpg', 'http://ww1.sinaimg.cn/large/9d290e91jw1eb57pgf7o3j218g0xc7i0.jpg', 'http://ww3.sinaimg.cn/large/9d290e91jw1eb57r562xtj218g0xcn9w.jpg']",,
3609667517478052,A43uLvnnK,2618602820,重瞳少年,@宿迁之声近日，以洋河股份有限公司代表的十家企业，在拟成立新区慈善会申请表上庄重签字，发起成立洋河新区慈善会。洋河新区慈善会成立后将秉承传播慈善文化，发扬人道主义精神，弘扬中华民族扶贫济困的传统美德，帮助社会上不幸的个人和困难群众开展形式多样的社会救助工作。,,,宿迁之声,,0,0,0,2013-08-10 08:41,微博桌面,,,
3609092503337098,A3Oxke08a,2707537564,阳光宿迁,[ppb鼓掌]@宿迁之声洋河股份有限公司等十家企业发起成立洋河新区慈善会。慈善会将不断创新募捐方式，以良好形象取信公众、取信社会，开展筹募善款、赈灾救助、扶贫济困和公益援助等活动，切实管好用好善款，扩大慈善组织的影响。[ppb鼓掌],,,宿迁之声,,0,0,0,2013-08-08 18:36,微博 weibo.com,,,
3608948038836934,A3KMjB4Tc,2957487740,spealing60,@宿迁之声洋河股份有限公司等十家企业发起成立洋河新区慈善会。8月6日，洋河股份有限公司等十家企业发起成立洋河新区慈善会。洋河新区慈善会成立后将秉承传播慈善文化，发扬人道主义精神，弘扬中华民族扶贫济困的传统美德，帮助社会上不幸的个人和困难群众开展形式多样的社会救助工作。,,,宿迁之声,,0,0,0,2013-08-08 09:02,微博 weibo.com,,,
3534786515753856,zeAXho8Q8,1834861571,洋河股份,#蓝色经典•梦之蓝爱心之路#洋河股份（苏酒集团）作为江苏省“慈善之星”企业，除了扶贫济困、助学助老，还先后建立了“洋河酒厂关爱基金会”及“蓝色经典爱心基金”，为社会公益事业奉献更多的光和热，让蓝色梦想布满神州大地。,,,,蓝色经典•梦之蓝 爱心之路,21,12,0,2013-01-15 17:30,皮皮时光机,['http://ww4.sinaimg.cn/large/6d5dc403jw1e0udqghdjsj.jpg'],,
