﻿id,bid,user_id,用户昵称,微博正文,头条文章url,发布位置,艾特用户,话题,转发数,评论数,点赞数,发布时间,发布工具,微博图片url,微博视频url,retweet_id
4517837102070362,J7u1w8GAW,3319940460,吉林市发布,【防疫常态下的“快进”——全市经济社会发展迅速恢复白描】经过一个月的艰苦战“疫”之后，丰满区、船营区、昌邑区下调了疫情风险等级。已经多日不出门的丰满区日升小区居民马先生，驾车上路后发现，厦门街、深中路等街道维修一新，路两旁的商铺已开始营业。悠然地驾着车，马先生心情大好。他的好心情显然是缘于走出封闭的小区，又找回了城市应有的经济生活。但他并不知道，小区实施封闭式管理，道路维修施工并没有停工。市市政设施管理中心负责的93条主次街路，到现在已修复89条。其中，桃源路、厦门街、铁西路等街路是在5月份完成维修的。本地新冠肺炎确诊病例突然出现后，疫情防控到了最紧张的时候，全市仍在“坚持两手抓，夺取双胜利”中，毫不松懈地谋划、推进经济社会发展重点工作。第一时间传达部署国家新增中央投资项目储备申报工作，主动衔接相关部门策划申报项目。其中，聚焦新基建“761”工程策划项目737项，总投资3450亿元；聚焦“十个围绕”初步策划重点项目778项，总投资4871亿元。把握机遇，对标投向，精准策划，多路并进，这些关乎城市未来发展的工作一天也未停歇。到现在，我市通过国家发改委、财政部审核项目45项，争取专项债券限额108亿元，占全省22.4%。5月份，“双胜利”的成绩尤其值得点赞。这个月，疫情得到有效控制，重点项目招商有了突破，恒大高科农业基地及养生谷等16个大项目集中签约，总投资额达426亿元。对比同期，今年前5个月，全市招商引资到位资金82亿元，120个项目实现签约，投资总额1009亿元，签约项目数量同比增长56%。其中，投资额10亿元以上大项目21个，数量和质量均超过往年。坚持防控、发展两线作战，基础设施建设工作压力巨大。在人力不足、原材料供应不畅的情况下，全市重点城建项目施工单位努力保持施工队伍稳定，持续作业进度。全市200余个新建续建城建项目，196个实现了开复工。白山大桥、中海河山郡等重点工程建设进展顺利。公路建设重点项目前期工作也在克服困难中向前推进。长春经济圈环线高速公路九台至双阳段建设项目征收工作已基本完成。新开工项目大蒲柴河至烟筒山、烟筒山至长春段两段高速公路建设项目可研立项批复、初步设计审查、施工图设计审查等工作已经完成。珲乌高速公路吉林至机场段改扩建工程、国道珲乌公路吉林至饮马河段工程稳步推进。巴虎至万科松花湖度假区农村道路、腰屯至青山农村道路、城区2020年“四好农村路”3个项目申请一般债券，已经落实0.75亿元。巴虎至万科松花湖度假区道路年内可竣工通车。迎宾大路、滨江南路改造工程正处于立项审批阶段，年内也将完成项目建设。打开“阿里巴巴国际站”页面，输入“吉林石化进出口公司”的英文名称，进入店铺就可以看到吉林石化的氯磺化聚乙烯、丙烯腈、甲甲酯等13个品种在线销售，每个产品都有详细的指标和应用介绍，并标有价格。吉林石化进出口公司区外一科业务员王晓璇介绍说，受疫情影响，各类展览会、行业会议取消，他们就尝试进行网上销售，不但降低交易成本，还足不出户就能开发新客户。吉林石化可谓坚持“两手抓”实体经济的一个样本——确保疫情防控到位的同时，内强管理，外寻机遇。在丙烯腈产品市场低迷期间，他们加大丙烯外销力度，5月份实现增效580万元，并首次成功向泰国出口72吨聚氧乙烯醚减水剂单体、向澳大利亚出口16吨95%乙醇产品。疫情可以造成经济波动，并不能动摇一个卓越企业发展战略。5月份，在疫情防控工作最紧张时，吉林化纤集团注册组建吉林国兴碳纤维有限公司，挺进碳纤维复合材料领域。今年以来，吉林化纤集团碳纤维原丝产量同比增长81%，销量同比增长43%；碳纤维产量同比增长114%，销量同比增长144%。这家有着近60年历史的老国企逆势而上，全力向着打造集10万吨原丝、4万吨碳丝、5000吨复材于一体的碳纤维产业园目标挺进。在疫情防控进入常态化以后，受冲击最大的商贸企业，开始快速恢复正常生产经营秩序。到本月16日，全市限额以上商贸企业复工率达到83.1%、复产率达到71.8%。其中，限上法人商贸企业复工率达到88.4%、复产率达到72.9%，在5个县（市）中，磐石市率先实现限上商贸企业全部复工复产。东北亚农产品批发市场、市果品批发市场一直承担着保障全市“菜篮子”“果盘子”的重任。5月份，东北亚农产品批发市场加大外地蔬菜的采购力度，组织业户从外省等地向我市紧急调运蔬菜。为缓解本地蔬菜种植户卖菜难，他们专门开设了免费交易专区。市果品批发市场采取多项措施，全力保证全市水果供应不断档、不涨价。全市扶贫攻坚力度不减，前5个月，扶贫发展资金已拨付1127.19万元，在强大的资金支持下，全市25家扶贫龙头企业和5个扶贫车间全部复工复产。112户危房改造任务在5月底前全部完成。疫情防控常态化下的经济全面正常化还需要些时日，但是疫情风险等级下调后，在不到两周时间内，市委、市政府召开了经济运行、招商引资和项目建设调度会，创建全国文明城市、国家卫生城市“百日攻坚战”动员大会等重要会议，研究破解当前面临的突出问题，对下一阶段经济社会发展工作进行部署。全市上下保持必胜信念，强化统筹、科学施策、锁定脱贫攻坚、全面建成小康社会目标，坚决夺取疫情防控和经济社会发展的全面胜利。现在，特殊时期还没有结束。当下复工复产复市的“快进”片段，如果能让马先生心情大好，那么，在不长时间内，经济恢复的图景让马先生们心情更好，也就在情理之中了。,,,,,1,2,0,2020-06-20 10:22,微博 weibo.com,,,
4275044131562640,GvueV6yvS,6088215586,腾云智投,#股票分析#腾云智投-【今日重要资讯2018/8/20】O网页链接上周五大跌后，官方未有实质性安抚措施，媒体“证监会紧急开会应对大跌”的报道也被辟谣，早间证券日报头版刊文，对如何救市提出了八条具体建议。半官方的表态聊胜于无，打铁还需自身硬，市场想扭转颓势，必须先建立起信心，2638前期低点，破掉可能会吸引更多抄底资金，给行情带来真正的转机。今日建议关注以下几个方向：国企改革：鲁信创投、岳阳林纸、金陵饭店并购重组：东方新星、南卫股份、高科石化扶贫：永吉股份、吉峰农机、山民江水电钢铁煤炭：安阳钢铁、南钢股份、柳钢股份,,,,股票分析,0,0,0,2018-08-20 10:50,微博 weibo.com,['http://ww2.sinaimg.cn/large/006E1wZAgy1fufz599me1j30s30ijtms.jpg'],,
4275020215515551,GvtCln8Qv,5890201750,梦娟涨停自选池,"板块机会国企改革：“双百行动”消息传出后，国改概念持续活跃，昨晚鲁信创投、岳阳林纸、金陵饭店、天地科技公告被纳入国企改革""双百行动""企业，短线或迎来反弹契机。并购重组：证监会表示将压缩并购重组审核时间，政策松绑预期利好并购重组概念，关注东方新星、南卫股份、高科石化、赫美集团等。扶贫：脱贫攻坚战三年行动指导意见发布，贫困地区以及参与具体扶贫项目的上市公司，短线或迎反弹，概念股可关注永吉股份、吉峰农机、岷江水电、高争民爆等。钢铁煤炭：焦炭主力合约连创新高，概念股山西焦化、开滦股份有望延续趋势反弹；多家钢企盈利重返历史高点，安阳钢铁、南钢股份、柳钢股份等或将走强。（文中所提股票，仅是热点预判，并非个股推荐）",,,,,0,0,1,2018-08-20 09:15,微博 weibo.com,,,
4275012666078914,Gvtqapvp0,6630008652,挖金早盘股,"【耐心等待市场底的确认】重要资讯深夜紧急澄清!“证监会家急开会应对大跌”报道不实。经济观察报为了“数市”也是拼了，虽然是条虚假新闻，但心承投资者，迫切想挽救股民于火，精神可嘉。刘并没有在北京。更没有在证监会，也没有在证监会召开会议。连续多日在外地调研”，这种市道之下，能调研什么呢?资本市场如何更好支持实体经济?如果跟救市无关.就真的令人心海和失望了!板块机会国企改革：“双百行动”消息传出后，国改概念持续活跃，昨晚鲁信创投、岳阳林纸、金陵饭店、天地科技公告被纳入国企改革""双百行动""企业，短线或迎来反弹契机。并购重组：证监会表示将压缩并购重组审核时间，政策松绑预期利好并购重组概念，关注东方新星、南卫股份、高科石化、赫美集团等。扶贫：脱贫攻坚战三年行动指导意见发布，贫困地区以及参与具体扶贫项目的上市公司，短线或迎反弹，概念股可关注永吉股份、吉峰农机、岷江水电、高争民爆等。钢铁煤炭：焦炭主力合约连创新高，概念股山西焦化、开滦股份有望延续趋势反弹；多家钢企盈利重返历史高点，安阳钢铁、南钢股份、柳钢股份等或将走强。",,,,,0,0,2,2018-08-20 08:45,Android,,,
