﻿id,bid,user_id,用户昵称,微博正文,头条文章url,发布位置,艾特用户,话题,转发数,评论数,点赞数,发布时间,发布工具,微博图片url,微博视频url,retweet_id
4551640462662887,JlFp4baJN,7469243643,糯米学姐RCBS,周一商业快报9.21绿色食品基地持续建设“精准扶贫”的农产品你试过吗1、达实智能与腾讯健康签订战略合作协议2、中国邮政与拼多多达成战略合作2、第七次人口普查将于11月开始人才巴士公众号，每天下午6点更新远程实习~#实习##校招##腾讯##中国邮政##拼多多#,,,,"实习,校招,腾讯,中国邮政,拼多多",0,0,0,2020-09-21 17:05,微博 weibo.com,['http://ww3.sinaimg.cn/large/0089ubtFgy1giydspxw8fj30k00zktc0.jpg'],,
4354135216650175,HmIiRrU0T,3217001275,百色新闻网,【彭晓春率团赴深圳加强扶贫协作工作对接】3月25日，自治区政协副主席、市委书记、市人大常委会主任彭晓春，率百色市党政代表团到深圳市对接做实扶贫协作工作。广东省委副书记、深圳市委书记王伟中会见我市党政代表团一行并就做好下一阶段扶贫协作重点工作进行座谈交流。深圳市市长陈如桂主持座谈会。市长周异决在会上介绍深圳——百色对口扶贫协作工作进展情况。自2016年9月深圳对口帮扶百色以来，深圳市始终把扶贫协作作为重大政治责任，不断加强与百色的对接谋划，扶贫协作成效显著。两年多来，深圳各级财政累计投入援助资金6.08亿元，实施帮扶项目139个，使3237个贫困村30.1万贫困人口受益，特别是易地扶贫搬迁力度大，百色最大的易地扶贫搬迁项目即“深圳小镇”项目一期建成投入使用，完成了9个贫困县（市、区）共2315户9831名贫困对象安置入住；产业发展合作势头好，工业、农业、旅游等领域合作发展加快推进，启动创建粤桂现代特色农业产业协作示范区29个，深百产业园也正在提速建设，众多产业项目陆续落户园区；助推百色脱贫攻坚取得了决定性进展，深圳各项帮扶措施累计直接带动百色7.18万贫困人口脱贫，为到2020年打赢脱贫攻坚战打下了决定性基础。彭晓春在座谈会上代表百色市委、市政府以及全市400多万各族人民感谢深圳对百色的倾情帮助和大力支持。彭晓春说，历届深圳市委、市政府站在党和国家战略全局高度，全方位、宽领域、多层次支持百色改革发展和扶贫事业，有力地促进了百色革命老区振兴发展和脱贫致富。对深圳市的真情帮扶和大力支持，百色各族人民心怀感恩、永远铭记，我们将以此为动力，在深圳市大力帮扶下，以不获全胜、决不收兵的必胜信心和决心，坚决打赢脱贫攻坚战。彭晓春说，当前百色脱贫攻坚战到了决战决胜的紧要关头，脱贫攻坚工作到了最吃劲的时候。百色将深入学习贯彻习近平总书记关于扶贫工作的重要论述，落实好两广两市扶贫协作部署精神，始终把脱贫攻坚作为百色最大政治任务、最大民生工程、最大发展机遇，聚焦重点难点，深化务实协作，推动脱贫攻坚取得更大战果，着眼长远全局，深化互利合作，在促进共同发展上取得更大突破，健全协作机制，提升互通水平，在深化交流合作上取得更大成效，全力巩固和发展好深百扶贫协作良好态势，与深圳一道共同打赢打好脱贫攻坚战。王伟中指出，在以习近平同志为核心的党中央坚强领导下，在广东省委、省政府，广西壮族自治区党委、自治区人民政府的统筹领导下，经过两市扶贫干部、专业人才、企业力量和社会各界的共同努力，深圳对口百色扶贫协作工作取得了显著的阶段性成效。当前，脱贫攻坚已进入啃硬骨头、攻坚拔寨的冲刺期。深圳将深入贯彻习近平总书记今年全国两会期间关于脱贫攻坚工作的重要指示要求，坚决落实粤桂扶贫协作框架协议，继续携手百色迎难而上、真抓实干，坚决打赢脱贫攻坚战。王伟中强调，要坚持用心用情，坚决服从服务“两个大局”，扶贫不图名、实干见真情，勇当扶贫协作工作尖兵，交出优异答卷。要坚持目标标准，瞄准建档立卡贫困人口，尤其是特困人口、极度贫困县精准发力，集中优势兵力打好攻坚战，稳定实现贫困人口“两不愁三保障”。要坚持实事求是，多做实事、好事，多做对老百姓有益的事，谋划更多针对性更强、作用更直接、效果更可持续的工作抓手，切实提升贫困地区群众的幸福感获得感。要坚持持续“造血”，在产业规划、招商引资、营商环境优化等方面加强交流合作，加大“深圳小镇”、深百产业园、“扶贫车间”等项目扶持力度，确保贫困群众就业有门路、增收有来源，实现稳定脱贫。当天下午，彭晓春一行还深入深港科技创新特别合作区、三诺集团、深圳达实智能股份有限公司实地考察，学习特区在解放思想、创新发展等方面的先进经验。郑轲、高自明、李廷忠等深圳市领导参加座谈会。广东省第二扶贫协作工作组组长、自治区扶贫办副主任杨胜军，市领导周武红、石国怀、刘明国、吴军军、张启胜、韦晓东等参加上述活动。,,,,,0,0,1,2019-03-26 16:49,微博 weibo.com,,,
4230426966534371,GcLxKrpT5,2522689367,金山农民,【4月19日早九点公开消息阅读】友情提示：以下公开消息为网络整理，仅供参考，更优质个股请支持收费早九点点睛（含2精选股）查阅。1.达实智能(002421)公告，近日公司与腾讯、财付通签订了《“智慧交通”创新应用合作框架协议》，共同负责交通二维码（地铁+公交）行业应用标准的起草与制定，打造“互联网+”公共交通领域创新服务行业应用的试点及样板工程并共享由此带来的商业收益。2.科大讯飞(002230）瑞士时间4月17日，科大讯飞与国际电信联盟（ITU）在日内瓦举行战略合作签约仪式。双方将基于智能语音及人工智能技术，共同研制人工智能系统及装备，致力于推进国际电信联盟组织的办公和会议更加智能、高效和便捷，降低重复性劳动时间和成本。国际电联是主管信息通信技术事务的联合国机构。3.华海药业(600521)公告，公司制剂产品吡格列酮片获得美国FDA批准文号，标志着公司具备了在美国市场销售该产品的资格。吡格列酮片主要用于治疗糖尿病。4.科华恒盛(002335)近日，由科华恒盛提供逆变器系统解决方案的四川省首座集中式光伏扶贫电站——国家电投四川阿坝州红原县若先20MW项目正式并网发电，投入使用。该项目总投资1.4亿元。5.丰元股份(002805)18日在互动平台表示，公司子公司锂电池正极材料磷酸铁锂产品已进入下游客户认证试验阶段。6.市场传言国家集成电路产业基金举牌太极实业(600667)，对此，太极实业方面4月18日表示，3月底拿到的股东名册里，没有上述情况；如果存在持股超5%的情况，会及时公告。7.据悉，通威股份（600438）单晶炉产销两旺。1月与HKGTU签订了单晶炉供货合同，合同金额约2.7亿人民币；3月又与中环光伏签署单晶炉设备购销合同，合同金额8.58亿元。目前，公司未完成合同金额超过了30亿元。随着半导体高端装备的精密制造水平不断提升，有望成为国产化半导体关键材料和设备的领军企业。7.18日机构席位大举买入自主可控概念个股，主要分布在云计算、软件、芯片板块。具体来看，电子政务云服务商，太极股份（002368)获四机构买入1.55亿元，主营信息安全软件的北信源（300352)获三机构买入1.12亿元，从事医疗信息化的和仁科技（300550)获四机构买入2393万元。此外，北方华创、中国长城也获得机构少量买入。其他：宇环数控：拟10转5派3元三晖电气：拟10转6派0.6元苏利股份：拟10转2派5元南卫股份：拟10转3派1.45元北斗星通：2017年净利1.05亿同比增103%勘设股份：去年净利同比增105%拟10派8元透景生命：2017年净利同比增三成拟10转5派4元东宏股份：去年净利同比增长25%拟10转3派1.85元【精选早九点（含2只精选股）欢迎加入VIP圈子查阅】圈子集“大势研判、个股推荐、技术讲解、问题交流”为一体。我讲盘说个股，你操作学选股，盘后对个股做点评建议，赚钱学习一举两得，欢迎了解后申请：O申请加学员交流群（圈子）的要求说明+直播平台服务说明,,,,,0,0,0,2018-04-19 07:57,微博 weibo.com,,,
4150723383694090,FlhxUfv06,5411235517,a总舵主,个股利好：杭州园林向全体股东每10股转增10股；华西能源中标18.49亿元PPP项目；当代东方签下世界巡回演唱会项目代理合同；众合科技联合体中标建设杭绍台铁路PPP项目；天域生态签下6.6亿水利扶贫PPP项目；安徽水利中标20亿古镇保护及旅游开发PPP项目；宏润建设联合中标409亿元杭绍台铁路PPP项目；南威软件：预中标2.16亿元高清视频监控项目；安徽水利：联合中标20.15亿元PPP项目；贝肯能源：签乌克兰重大经营合同金额近4亿；西藏旅游获西藏纳铭举牌；焦作万方获和泰安成举牌；威华股份、荃银高科、必康股份、科达洁能、普利特获增持。个股利空：西部创业：终止收购境界实业股权；炼石有色：公司铼资源储量未有变化；溢多利终止非公开发行股票事项；君正集团因实施PVC价格垄断被罚；勤上股份：公司及实控人遭证监会立案调查；鄂尔多斯：子公司因涉嫌实施价格垄断协议而遭行政处罚；亿利洁能：子公司涉聚氯乙烯树脂价格垄断被罚2061万元；聚飞光电、飞马国际、天马股份、金卡智能、证通电子、创力集团、百川能源、汤臣倍健、四川双马、达实智能、天创时尚、益生股份减持。,,,,,0,0,0,2017-09-11 09:23,360安全浏览器,,,
4150723312935960,FlhxNcjMc,5743719115,阿狸T策略,个股利好：杭州园林向全体股东每10股转增10股；华西能源中标18.49亿元PPP项目；当代东方签下世界巡回演唱会项目代理合同；众合科技联合体中标建设杭绍台铁路PPP项目；天域生态签下6.6亿水利扶贫PPP项目；安徽水利中标20亿古镇保护及旅游开发PPP项目；宏润建设联合中标409亿元杭绍台铁路PPP项目；南威软件：预中标2.16亿元高清视频监控项目；安徽水利：联合中标20.15亿元PPP项目；贝肯能源：签乌克兰重大经营合同金额近4亿；西藏旅游获西藏纳铭举牌；焦作万方获和泰安成举牌；威华股份、荃银高科、必康股份、科达洁能、普利特获增持。个股利空：西部创业：终止收购境界实业股权；炼石有色：公司铼资源储量未有变化；溢多利终止非公开发行股票事项；君正集团因实施PVC价格垄断被罚；勤上股份：公司及实控人遭证监会立案调查；鄂尔多斯：子公司因涉嫌实施价格垄断协议而遭行政处罚；亿利洁能：子公司涉聚氯乙烯树脂价格垄断被罚2061万元；聚飞光电、飞马国际、天马股份、金卡智能、证通电子、创力集团、百川能源、汤臣倍健、四川双马、达实智能、天创时尚、益生股份减持。,,,,,0,0,2,2017-09-11 09:23,360安全浏览器,,,
4150721484075349,FlhuQh6br,3922371220,股票分析--林辉,#利好个股#：宏润建设联合中标409亿杭绍台铁路PPP项目，为民营资本首个铁路控股项目；安徽水泥联合体中标20.15亿元泸溪县PPP项目；华西能源中标18.49亿元PPP项目；美晨科技拟合作开发下渚湖国家湿地公园，项目投资额预计10亿元；铁汉生态签订7亿元总承包（EPC）项目合同；天域生态签6.6亿水利扶贫PPP项目；贝肯能源签订3.98亿元乌克兰重大经营项目；南威软件预中标2.16亿元高清视频监控项目；鸿路钢构签订1亿元装配式住宅项目；齐心集团中标中信银行和国家电网电商化采购项目；当代东方签下世界巡回演唱会项目代理合同；奥特佳子公司成为德国大众欧洲电动压缩机供货商；东方创业出售海通证券获投资收益6500万；南宁糖业收到双高基地建设政府补助4600万；海正药业孙公司二甲双胍缓释片获美国FDA批准；华大基因子公司获美国CLIA实验室资质认证；威华股份、荃银高科股东增持；四川双马、普利特股东拟增持。#个股利空#：*ST中安终止重大资产重组；溢多利终止10.86亿元定增事项；西部创业终止收购界实业股权；君正集团、鄂尔多斯、亿利洁能涉嫌PVC价格垄断遭罚；勤上股份及实控人遭证监会立案调查；宝利国际及相关当事人被深交所公开谴责；达实智能、飞马国际股东减持；益生股份、天翔环境、聚飞光电、证通电子、金卡智能、百川能源、创力集团、华控赛格、天马股份、天创时尚股东拟减持。上证指数sh000001上证指数sh000001,,,,"利好个股,个股利空",0,0,0,2017-09-11 09:16,360安全浏览器,,,
4150717381808379,Flhoe7Arp,3221735744,邓坤论股,#邓坤直播室实时大盘解析#【欢迎大家积极的与我互动】QQ:1165793747　四、【上市公司】　　[重要公告]　　中国建材与中材股份合并尘埃落定中国巨石、北新建材、祁连山、宁夏建材、中材国际、中材科技、天山股份七家公司9月11日复牌　　中大力德：9月11日起停牌核查上市以来连收9涨停　　贝肯能源：签乌克兰重大经营合同金额近4亿　　西藏旅游：举牌方西藏纳铭拟继续增持股份　　雅化集团：与川能投共同收购国理公司62.75%股权　　四川双马：终止筹划重大资产重组控股股东抛亿元增持计划　　翔鹭钨业：拟1.4亿元控股大余隆鑫泰钨业　　九鼎投资：三家子公司收到警示函　　南山铝业：拟配股募资不超50亿用于印尼100万吨氧化铝项目　　华大基因：停牌核查子公司获美国CLIA实验室资质认证　　[并购重组]　　西部创业：终止收购境界实业股权11日起复牌　　雄韬股份：筹划收购某动力电池公司股权11日起停牌　　泛微网络：筹划重大事项11日起停牌　　天夏智慧：重组目标系收购在印尼上市的智慧城市公司　　文投控股：重组标的为海润影视　　*ST中安：终止重大资产重组　　华源控股：拟3.77亿元并购瑞杰科技丰富产品线　　云天化：停牌筹划资产置换　　溢多利：终止非公开发行股票事项　　威尔泰：重组标的为控股股东所持紫竹数码港100%股权　　胜利股份：逾1亿收购江西尚典晟100%股权　　华侨城A：逾87亿收购信和置业成都公司80%股权　　[业绩公告]　　通威股份：前三季度净利预增50%-70%　　杭州园林：向全体股东每10股转增10股　　[公司动态]　　万和电气：控股股东持股在同一实控人下进行协议转让　　天山生物：股价异动无重大事项未披露　　南威软件：预中标2.16亿元高清视频监控项目　　奥特佳：子公司成为德国大众欧洲电动压缩机供货商　　再升科技：增资获深圳中纺34%股权丰富产品结构　　能科股份：携手西门子等共建军民融合智能制造创新中心　　银之杰：停牌系筹划重大资产重组　　奇精机械：拟公开发行不超3.3亿可转债　　S佳通：股票11日复牌18日再停牌　　君正集团：因实施PVC价格垄断被罚　　安信信托：拟非公开发行不超68亿优先股补血　　宏润建设：联合中标409亿元杭绍台铁路PPP项目　　博闻科技：停牌筹划重大事项　　华鑫股份：拟公开发行不超16亿元可转债　　当代东方：签下世界巡回演唱会项目代理合同　　众合科技：联合体中标建设杭绍台铁路PPP项目　　漳泽电力：控股股东被注入省国资运营公司　　北部湾港：前8月旅客吞吐量增近五成　　安徽水利：中标20亿古镇保护及旅游开发PPP项目　　申达股份：控股股东股权被划转至上海国盛　　龙头股份：控股股东股权被划转至上海国盛　　东方创业：控股股东股权被划转至上海国盛　　大秦铁路：前8月货运量增逾三成　　青岛海尔：拟公开发行不超56.4亿可转债　　勤上股份：公司及实控人遭证监会立案调查　　ST慧球：整改已经基本完成11日复牌　　一汽夏利：因重大事项停牌　　华西能源：中标18.49亿元PPP项目　　大连热电：2500万转让大连体育场商城15%股权　　天域生态：签下6.6亿水利扶贫PPP项目　　众泰汽车：前8月产销双降两成　　焦作万方：获和泰安成举牌　　南宁糖业：收到双高基地建设政府补助4600万　　泰禾集团：近1.7亿全控惠州汇景川投资公司　　浪潮信息：与IBM设合资公司拓展服务器业务　　[增持减持]　　增持：　　荃银高科：获大北农增持1.2%股份　　威华股份：获控股股东增持逾1%股份　　凯撒旅游：控股股东完成增持计划　　必康股份：实际控制人增持公司股份达到2%　　普利特：控股股东计划增持2亿至4亿元　　减持：　　汤臣倍健：控股股东、公司高管等合计减持475万股　　证通电子：持股5%以上股东减持3100万股　　达实智能：控股股东已累计减持1925万股　　金卡智能：股东拟减持不超230万股原始股　　益生股份：控股股东计划减持不超6%股份　　天翔环境：股东安德里茨拟减持不超2.59%股份　　飞马国际：控股股东减持1.08%股份　　天马股份：大股东计划减持不超3%股份　　天创时尚：股东和谐成长拟减持不超4.95%股份　　科达洁能：股东及管理层集体增持股份出售完毕　　聚飞光电：股东王桂山计划减持3745万股　　东方创业：出售海通证券股票获投资收益6500万　　百川能源：股东曹飞拟减持5441万股　　深赛格：拟减持华控赛格不超2%股份　　创力集团：高管拟减持不超35.8万股,,,,邓坤直播室实时大盘解析,0,0,0,2017-09-11 09:00,微博 weibo.com,,,
4150717318836765,Flho7B4Qt,6307867233,陌路6307867233,#刘岚直播室实时大盘解析#【欢迎大家积极的与我互动】QQ:2458974143四、【上市公司】　　[重要公告]　　中国建材与中材股份合并尘埃落定中国巨石、北新建材、祁连山、宁夏建材、中材国际、中材科技、天山股份七家公司9月11日复牌　　中大力德：9月11日起停牌核查上市以来连收9涨停　　贝肯能源：签乌克兰重大经营合同金额近4亿　　西藏旅游：举牌方西藏纳铭拟继续增持股份　　雅化集团：与川能投共同收购国理公司62.75%股权　　四川双马：终止筹划重大资产重组控股股东抛亿元增持计划　　翔鹭钨业：拟1.4亿元控股大余隆鑫泰钨业　　九鼎投资：三家子公司收到警示函　　南山铝业：拟配股募资不超50亿用于印尼100万吨氧化铝项目　　华大基因：停牌核查子公司获美国CLIA实验室资质认证　　[并购重组]　　西部创业：终止收购境界实业股权11日起复牌　　雄韬股份：筹划收购某动力电池公司股权11日起停牌　　泛微网络：筹划重大事项11日起停牌　　天夏智慧：重组目标系收购在印尼上市的智慧城市公司　　文投控股：重组标的为海润影视　　*ST中安：终止重大资产重组　　华源控股：拟3.77亿元并购瑞杰科技丰富产品线　　云天化：停牌筹划资产置换　　溢多利：终止非公开发行股票事项　　威尔泰：重组标的为控股股东所持紫竹数码港100%股权　　胜利股份：逾1亿收购江西尚典晟100%股权　　华侨城A：逾87亿收购信和置业成都公司80%股权　　[业绩公告]　　通威股份：前三季度净利预增50%-70%　　杭州园林：向全体股东每10股转增10股　　[公司动态]　　万和电气：控股股东持股在同一实控人下进行协议转让　　天山生物：股价异动无重大事项未披露　　南威软件：预中标2.16亿元高清视频监控项目　　奥特佳：子公司成为德国大众欧洲电动压缩机供货商　　再升科技：增资获深圳中纺34%股权丰富产品结构　　能科股份：携手西门子等共建军民融合智能制造创新中心　　银之杰：停牌系筹划重大资产重组　　奇精机械：拟公开发行不超3.3亿可转债　　S佳通：股票11日复牌18日再停牌　　君正集团：因实施PVC价格垄断被罚　　安信信托：拟非公开发行不超68亿优先股补血　　宏润建设：联合中标409亿元杭绍台铁路PPP项目　　博闻科技：停牌筹划重大事项　　华鑫股份：拟公开发行不超16亿元可转债　　当代东方：签下世界巡回演唱会项目代理合同　　众合科技：联合体中标建设杭绍台铁路PPP项目　　漳泽电力：控股股东被注入省国资运营公司　　北部湾港：前8月旅客吞吐量增近五成　　安徽水利：中标20亿古镇保护及旅游开发PPP项目　　申达股份：控股股东股权被划转至上海国盛　　龙头股份：控股股东股权被划转至上海国盛　　东方创业：控股股东股权被划转至上海国盛　　大秦铁路：前8月货运量增逾三成　　青岛海尔：拟公开发行不超56.4亿可转债　　勤上股份：公司及实控人遭证监会立案调查　　ST慧球：整改已经基本完成11日复牌　　一汽夏利：因重大事项停牌　　华西能源：中标18.49亿元PPP项目　　大连热电：2500万转让大连体育场商城15%股权　　天域生态：签下6.6亿水利扶贫PPP项目　　众泰汽车：前8月产销双降两成　　焦作万方：获和泰安成举牌　　南宁糖业：收到双高基地建设政府补助4600万　　泰禾集团：近1.7亿全控惠州汇景川投资公司　　浪潮信息：与IBM设合资公司拓展服务器业务　　[增持减持]　　增持：　　荃银高科：获大北农增持1.2%股份　　威华股份：获控股股东增持逾1%股份　　凯撒旅游：控股股东完成增持计划　　必康股份：实际控制人增持公司股份达到2%　　普利特：控股股东计划增持2亿至4亿元　　减持：　　汤臣倍健：控股股东、公司高管等合计减持475万股　　证通电子：持股5%以上股东减持3100万股　　达实智能：控股股东已累计减持1925万股　　金卡智能：股东拟减持不超230万股原始股　　益生股份：控股股东计划减持不超6%股份　　天翔环境：股东安德里茨拟减持不超2.59%股份　　飞马国际：控股股东减持1.08%股份　　天马股份：大股东计划减持不超3%股份　　天创时尚：股东和谐成长拟减持不超4.95%股份　　科达洁能：股东及管理层集体增持股份出售完毕　　聚飞光电：股东王桂山计划减持3745万股　　东方创业：出售海通证券股票获投资收益6500万　　百川能源：股东曹飞拟减持5441万股　　深赛格：拟减持华控赛格不超2%股份　　创力集团：高管拟减持不超35.8万股,,,,刘岚直播室实时大盘解析,0,0,0,2017-09-11 08:59,微博 weibo.com,,,
