﻿id,bid,user_id,用户昵称,微博正文,头条文章url,发布位置,艾特用户,话题,转发数,评论数,点赞数,发布时间,发布工具,微博图片url,微博视频url,retweet_id
4510933067745139,J4ApYwuRB,6352876244,环球新视界天行道义,6月1日盘前重要公司新闻上海证券报社2020-06-01已关注乘势而上，奋发有为！随着脱贫攻坚战迈入决胜年，那些深入一线的扶贫人不仅扎下了根，而且还以点带面，引领更多人奔向希望的田野。上市公司每年年报披露后，市场的目光会迅速转至交易所的事后问询。企业业绩真不真、经营实不实，都能从年报问询中一探究竟。上海证券交易所与中证指数有限公司近日宣布将调整上证50、上证180、上证380等指数的样本股，中证指数有限公司同时宣布将调整沪深300、中证100、中证500、中证香港100等指数样本股，本次调整于6月15日正式生效。皖通科技两大阵营间的内斗仍在继续。在5月28日上演了一场“全武行”后，周发展控制的南方银谷与李臻掌控的皖通科技董事会，如今又快速转入“舌战”阶段5月31日晚间，包括棕榈股份、吉电股份、卓胜微、雪峰科技和同方股份在内的数家公司“扎堆”披露定增预案，合计涉及资金超110亿元。,,,,,0,3,7,2020-06-01 09:08,荣耀V9 我想要的快,,,
4440363844420989,IgW2Yiy6h,5899598912,海口林业,据预计，2019年我市林业经济总产值59.49亿元（全年产值数据参照去年同期估算，下同）同比增长2.4%。其中第一产业完成产值32.45亿元，同比增长3.2%，第二产业完成产值25.84亿元，同比负增长4.5%，第三产业完成产值1.2亿元，同比增长9%。一是扎实推进花卉产业发展。2019年，全市花卉产值约11.5亿元，同比增长4.5%。因地制宜，指导各花卉企业、合作社、花农做好节假日花卉产品供应，鲜切花类1452.25万枝，盆栽植物类774.3万盆，观赏苗木1848.26万株。大力发展花卉产业，云龙镇、演丰镇、红旗镇、三门坡镇等地新增三角梅、散尾葵等花卉复种面积5000多亩。二是抓产业促乡村振兴。海南罗兰生态农业有限公司东山镇文心兰基地和红旗镇的海南大湖桥园林股份有限公司的示范园区已分别成为海口市秀英区和美兰区产业精准扶贫示范基地，帮扶贫困户63户。同时安置就业人数23人，其中贫困户4人，平均每人年工资25000元以上，临时性用工100多人，农民收入水平大幅提高。三是积极培育省级现代农业示范园区和林业国家级、省级龙头企业。我市深入调研，对接企业，推荐有条件的企业积极申报国家级、省级龙头企业。2019年，海南金棕榈园艺有限公司获得国家级林业产业化龙头企业（全省获批的唯一一家企业），海口金棕榈种质资源科技产业园获得省级产业园称号。截止目前，我市共有6家企业获得的现代农业产业园示范园称号，现代农业产业园是转变农业生产方式，推进农业现代化的重要平台，进一步推进农业转型升级和提质增效。,,,,,0,0,1,2019-11-19 15:31,360安全浏览器,,,
4352713385202506,Hm7jAlPpo,3610275200,遂宁文化,【投资10亿元打造安居区拦江镇莲花湖景区】近日，棕榈股份西南区域与安居区签订了《莲花湖乡村振兴文农旅融合发展示范项目投资框架协议书》，棕榈股份先期投资10亿元打造安居区拦江镇莲花湖景区。此次签约，将依托莲花湖得天独厚的自然资源，围绕“商、养，学，闲、情、奇”等旅游要素，建设以耕读文明、禅韵特色、民宿旅游、巴蜀渔家文化为本底，以湖光山色等旅游资源和体验项目为重点的自然风景小镇，并使其成为全国知名的休闲旅游区和西部“特色小镇+乡村振兴+扶贫开发”的标杆。,,,,,0,0,0,2019-03-22 18:40,微博 weibo.com,['http://ww2.sinaimg.cn/large/d7306d80gy1g1bpczqac7j20fh08pgoi.jpg'],,
4334100791680461,Hej7h73ad,5786884150,婺源发布,婺源年接待游客人次连续12年全省第一#上饶身边事##婺源旅游##新浪旅游##江西旅游#日前，笔者从婺源旅游部门获悉，2018年该县接待游客2370万人次、旅游综合收入220亿元，分别比增9%、30%，实现年接待游客人次连续12年全省第一。　　近年来，婺源践行新发展理念，实施“发展全域旅游、建设最美乡村”战略，打造高品质旅游，推动旅游业高质量发展。该县旅游项目全域推进，主动对接国开基金、山水文园、棕榈股份、中景集团、中青旅、华侨城等大企业大财团，加快一大批重大旅游项目引进，度假小镇、文化小镇、演艺小镇等竞相绽放。旅游产品全域盛开，推动全域旅游与民宿度假、康体养生、文化体育等产业深度融合，一大批旅游新业态、新热点争奇斗艳。旅游体制日臻完善，组建了婺源县旅游产业发展集团；成立了婺源“旅游110”和全国首个旅游诚信退赔中心，开展优质旅游服务提升年活动等，不让一位游客在婺源受委屈。　　在全域旅游的带动下，截至目前，婺源拥有国家5A级景区1个、4A级景区13个，巩固了4A级旅游景区数量全国县级第一的地位，江西省5A级乡村旅游点数量位居全省县级第一。同时全域旅游促进了旅游扶贫，据统计直接从事旅游人员达8万人，间接受益者超25万人，占全县总人口的70%，走出了吃“生态饭”发“山水财”的“婺源之路”。去年，婺源实现10个贫困村“摘帽”和1943名贫困人口脱贫，全县贫困发生率由2014年的4.65%下降为2018年的1.29%，累计退出贫困村17个。（吕富来）,,,,"上饶身边事,婺源旅游,新浪旅游,江西旅游",0,0,1,2019-01-30 10:00,微博 weibo.com,"['http://ww3.sinaimg.cn/large/006jDaV8gy1fzodpl7hd8j30dw099mxm.jpg', 'http://ww3.sinaimg.cn/large/006jDaV8gy1fzodplagz4j30kk09qdhf.jpg']",,
4315315132761952,H6qpPbAvC,1378910582,小顾在路上,热烈庆祝：河源市南领大健康产业有限公司揭牌仪式，顺利举行乡村振兴，精准扶贫棕榈人我们在行动#态度者##棕榈生态城镇发展股份有限公司##全球领先的生态城镇服务商#,,广州,,"态度者,棕榈生态城镇发展股份有限公司,全球领先的生态城镇服务商",0,0,0,2018-12-09 13:52,vivo X21屏幕指纹手机,"['http://ww4.sinaimg.cn/large/52308176gy1fy0g70wr8cj23281j4qv7.jpg', 'http://ww3.sinaimg.cn/large/52308176gy1fy0g735vvvj23281j4e83.jpg', 'http://ww4.sinaimg.cn/large/52308176gy1fy0g74ut62j23281j47wj.jpg']",,
4303657149258286,H1x8CCQvc,5786884150,婺源发布,#婺源旅游#江西风景独好#旅游风景#打造全国乡村旅游及乡村振兴的示范和标杆(图文)今年1月，上饶市委提出把婺源打造成为全国乡村旅游及乡村振兴的示范和标杆。婺源，全域2967平方公里是一个国家3A级景区，拥有1个5A级、12个4A级景区，4A级以上景区数量位居全国县级之首；游客接待人次连续11年位居全省之首。近年来，婺源实施“发展全域旅游、建设最美乡村”战略，推动乡村旅游和乡村振兴协调发展，谱写人民群众幸福美好生活新篇章。坚持保护优先，让乡村美起来“建设生态文明是中华民族永续发展的千年大计。”婺源护好青山，出台《领导干部自然资源资产离任审计方案》。以县人大决议的形式明确长期禁伐天然阔叶林，落实“林长制”，森林质量持续提升。治好绿水，落实“河长制”，开展山塘水库承包养殖管理整治，严格限制沿河沿溪项目开发。守好净土，开展农村面源污染防治工程，推动全县生活垃圾无害化处理等，各乡镇出水界面水质均达Ⅱ级以上。如今，婺源优美生态催生了美丽经济。今年1至9月，全县接待游客1734.5万人次，旅游综合收入128.8亿元。借助优美风光和古朴村落，婺源民宿如雨后春笋般兴起。将军府、西冲院、晓起揽月等百余家精品民宿和500多家大众民宿已经形成了巨大的产业集群效应，打造了中国乡村民宿“婺源样板”。为策应全省“四绿一红”茶叶品牌战略，婺源11家茶叶龙头企业完成品牌整合，婺源绿茶品牌价值增至17.34亿元，全年实现茶产业系列产值逾35亿元，连续20余年通过国际有机食品认证。为推动农旅融合发展，婺源打造了松风翠现代农业休闲公园等一批农业休闲体验项目，创建了20个休闲农业示范点。坚持发展为要，让产业强起来“发展是解决一切问题的基础和关键。”婺源推进全省唯一的首批中国优秀国际乡村旅游目的地建设，不断提升乡村旅游质量，满足世界游客对婺源的美好向往。婺源坚持高质量发展，提升全域旅游，加速乡村振兴。紧紧抓住产业融合这个重点，加快推进“旅游+”和“+旅游”战略，推动全域旅游与民宿度假、康体养生、生态工业、文化体育、商务会展等产业深度融合，一大批旅游新业态、新热点百花齐放，唱响了全域旅游精彩大戏。主动对接国开基金、山水文园、棕榈股份、中景集团、中青旅、华侨城等大企业大财团，加快一大批重大旅游项目引进；篁岭创国家5A级景区取得阶段性成果。为打出全域旅游发展“组合拳”，婺源各乡镇找准自己的特色优势，坚持差异化发展，达到“各美其美、美美与共”的目的；各部门围绕旅游找准定位，按照《婺源县旅游发展委员会兼职委员工作规则》的要求，切实搞好服务。全县上下齐心协力，将“绿色、红色、古色”资源，汇聚成“金色”优势，促使绿水青山转化为金山银山。坚持脱贫攻坚，让百姓富起来“说一千、道一万，增加农民收入是关键”。婺源把脱贫攻坚作为第一民生工程抓紧抓实。开展产业扶贫全覆盖、健康扶贫再提升、教育扶贫再对接、贫困村村庄整治再推进“四大工程”，坚持扶贫同扶志、扶智相结合，激发贫困群众内生动力，提升脱贫攻坚质量。同时，采取有针对性的帮扶措施，抓好城市贫困人口的帮扶，确保全面小康路上城市和农村群众“一个都不能少、一步都不能慢”。为解决好发展不平衡不充分的问题，加快建成覆盖全民、城乡统筹、权责清晰、保障适度、可持续的多层次社会保障体系，努力实现学有所教、病有所医、老有所养、住有所居。积极落实就业创业扶持政策，加强就业创业技能培训，培育更多具有现代市场意识、竞争意识、创造意识的第二代旅游人，一起参与市场管理，提供新型业态，开展创意营销，带动婺源旅游转型升级。截至目前，婺源有8万余人从事涉旅行业，全县近70%的人口受益旅游发展。全县贫困发生率由2014年的4.65%下降至1.5%，全县26个贫困村已实现7个“摘帽”。今年上半年，婺源城镇居民人均可支配收入11649，同比增长10.1%；农村居民人均可支配收入6413元，同比增长10.4%。,,,,"婺源旅游,旅游风景",0,0,1,2018-11-07 09:48,微博 weibo.com,"['http://ww1.sinaimg.cn/large/006jDaV8gy1fwz9azh8y6j30dw098wg0.jpg', 'http://ww3.sinaimg.cn/large/006jDaV8gy1fwz9azfsmsj30dw098js5.jpg', 'http://ww2.sinaimg.cn/large/006jDaV8gy1fwz9azglyuj30dw098dh6.jpg']",,
4250006149680752,GkYT4ECpa,5668294125,倍特期货有限公司绵阳营业部,早间要闻：20180612宏观1、央行公告称，目前银行体系流动性总量处于较高水平，可吸收央行逆回购到期等因素的影响，6月11日不开展公开市场操作。当日有200亿元逆回购到期，净回笼200亿元；Shibor多数上涨。2、工业部部长苗圩带队赴河北雄安新区开展调研，与河北省省长许勤共同签署支持雄安新区规划建设战略合作协议。苗圩表示将与河北省的合作，通过部省双方共同努力，把雄安新区建设成为贯彻落实新发展理念的创新发展示范区。3、据人民网，能源局相关负责人表示，《关于2018年光伏发电有关事项的通知》本身不是“急刹车”，在政策研究制定过程中，借鉴了德国、西班牙、捷克等国家经验，通过征求意见会（2月）、新闻发布会（4月）等多种方式充分征求意见、吹风提示，还专门召开会议听取了地方发展改革委（能源局）、有关电网企业意见并作了政策宣介。经多次修改完善、反复论证后，于5月31日正式印发了《通知》。4、据新华社，主管部门解读光伏产业政策调整：推动光伏产业从规模增长向高质量发展转变。国家能源局有关负责人表示，调整并非“一刀切”。今年第一批418万千瓦光伏扶贫已经下达，第二批400万千瓦正在准备。第三批领跑基地项目已选定650万千瓦，第四批将于下半年适时启动。5、海通宏观姜超：工业经济时代，劳动力数量决定经济增长。而知识经济时代，劳动力质量决定经济增长。我国高中及以上教育程度人口比重已从改革开放初期的7%上升至23%，每年高等教育毕业生人数也已突破1200万人，高素质劳动力总量持续扩张，表明知识经济时代正在到来。6、经济参考报头版刊文称，要深入实施乡村振兴战略，未来的改革中尚需克服三大难关。首先，要解决人才短缺的问题。其次，要解决资金短缺的问题。再次，要解决农民增收的问题。7、经济参考报：美联储14日加息几成定局，在市场普遍关注流动性是否会再度受扰动因素影响背景下，央行下一步货币操作引人关注。多位专家表示，此次央行大概率跟随美联储“加息”。由于市场预期充分，且市场利率与政策利率之间仍存在明显的利差，预计公开市场操作利率的上调将波澜不惊。海外1、IMF总裁拉加德：全球经济增长面临的风险变得越来越阴暗，在6月份加拿大魁北克G7首脑峰会后尤其如此；信心所面临的最大风险是贸易摩擦。2、英国4月工业产出同比1.8%，预期2.7%，前值2.9%。英国4月制造业产出环比-1.4%，该跌幅为2012年10月以来最大；预期0.3%，前值-0.1%。3、意大利经济部长重申新政府无意退出欧元区，称不希望通过赤字支出来刺激增长。此外意大利市场监管机构负责人称，意大利的欧元区成员国身份“坚如磐石”。4、野村证券：本周美联储极有可能再度加息25个基点；最新的利率预期“点阵图”料暗示2018年将加息四次，而非此前的加息三次；美国2018年及2019年核心通胀将逐渐上扬，到2019年第四季度，美国核心PCE通胀料将达到2.2%。5、巴西央行发布每周经济数据报告，将今年巴西经济增长预期下调至1.94%，同时上调通胀预期。期货1、NYMEX原油期货收涨0.5%，报66.07美元/桶。伊朗与委内瑞拉原油供应中断令油价得到支撑。沙特称5月产量提高使油价涨幅受限。布伦特原油期货收跌0.13%，报76.36美元/桶。2、COMEX黄金期货收涨0.13%，报1304.4美元/盎司。COMEX白银期货收涨1.28%，报16.955美元/盎司。特金会与美联储会议前，投资者情绪谨慎。3、伦敦基本金属涨跌不一，LME期锌收涨0.11%，报3205.5美元/吨；LME期锡收跌0.24%，报21175美元/吨；LME期铜收跌1.23%，报7222美元/吨，连跌两日；LME期铅收涨0.67%，报2482.5美元/吨；LME期镍收跌1.01%，报15265美元/吨；LME期铝收涨0.43%，报2309美元/吨。4、国内商品期货夜盘涨跌互现。焦炭、焦煤、动力煤分别收涨0.66%、0.64%、0.70%。铁矿石收涨0.32%。豆油、菜油、棕榈油分别收涨0.31%、0.18%、0.04%。豆粕、菜粕、大豆分别收跌0.48%、0.71%、0.08%。螺纹钢、热轧卷板分别收涨0.66%、0.48%。橡胶收平，沥青收涨1.00%。5、大商所和郑商所相继发布消息称，玉米期货期权、棉花期货期权立项申请获中国证监会批复同意。6、郑商所：自6月14日结算时起，苹果期货合约交易保证金标准自10%调整为9%，涨跌停板幅度自5%调整为6%，其中苹果期货1807合约交易保证金标准自15%调整为25%。7、宝钢股份：7月份热轧（宝山、东山、梅山）基价上调100元/吨；不锈钢厚板基价含税上调1000元/吨。8、据秦皇岛煤炭网，全国大范围高温即将来到，矿区环保、安检检查还在继续，低硫高热值煤种供需矛盾突出。神华已通知各用户月度价合同兑现量将会降低，上限90%，下不保底，伊泰也已跟用户沟通减量供应。9、CCTD秦皇岛动力煤5500K综合价报589元/吨，与上期持平；5000K综合价报549元/吨，环比上涨2元/吨；5000K现货价报615元/吨，环比上涨37元/吨。虽然环渤海地区现货动力煤价格保持整体上涨，但各方的谨慎情绪也有所升高。（来源：Wind资讯）,,,,,0,0,0,2018-06-12 08:38,微博 weibo.com,,,
4187318556658916,FADynrWhS,5330351946,游资老道,【热点资讯】一、中央经济工作会议强调，打好精准脱贫攻坚战精准扶贫概念股：凯迪生态(000939)、隆基股份（601012）、通威股份（600438）、华英农业（002321）华英农业sz002321“打赢蓝天保卫战”“启动大规模国土绿化行动”，调整产业结构，淘汰落后产能，调整能源结构，加大节能力度和考核，调整运输结构大气治理：菲达环保、先河环保、雪迪龙、永清环保等水治理：创业环保、渤海股份、巴安水务、中电环保等土壤修复：天瑞仪器、铁汉生态、蒙草生态、永清环保等园林绿化：美丽生态、东方园林、棕榈股份等京津冀产业转移规划发布，初步明确“2+4+46”个平台，包括北京城市副中心和河北雄安新区两个集中承载地，四大战略合作功能区及46个专业化、特色化承接平台，本地上市公司望受益概念股：启迪桑德（000826）、汇中股份（300371）等#启迪桑德sz000826[股票]#,,,,,0,0,0,2017-12-21 09:00,搜狗高速浏览器,,,
4169759265759886,FtgKWoapo,6124096202,你的脑袋里少了些什么,【棕榈股份联合中标8.56亿元扶贫工程总包项目】O棕榈股份联合中标8.56亿元扶贫工程总包项目,,,,,0,0,0,2017-11-02 22:05,微博头条iPhone,,,
4169218868495990,Ft2HkzEc6,5939063463,·钱眼海哥的微博,最新消息面及操作策略：今晨纳指再创盘中历史新高，道指上涨0.12%，纳指上涨0.43%，标普上涨0.09%，欧洲主要国家股市收高。纽约原油期货上涨23美分，涨幅为0.42%，收于每桶54.38美元；纽约黄金期货收跌0.6%，收于每盎司1270.5美元。其他消息面：10月官方制造业PMI为51.6，连续15月在荣枯线上方；昨日6家企业首发上会，仅有2家获通过；北上资金持仓规模超4900亿元；全国碳排放交易即将启动（涉置信电气、华测检测等）；京津冀大气环保局将于年底前组建；上海自由贸易港方案正在完善和报批；雄安新区22个专项规划、32个专题研究均取得阶段性成果；个股利好：北新建材年报大幅预增；龙源技术年报扭亏为盈；中国铁建中标34.58亿元扶贫小镇项目；浦东建设中标合计8.88亿元多个项目；富煌钢构签署8亿元安置区产业化工程项目；东华科技联合体预中标8亿元PPP项目；棕榈股份中标合计3.64亿元多个景观工程设计项目；汇川技术预中标1.23亿元轨道交通项目；蓝盾股份联合签署5608万元项目合同；科力远子公司签技术许可协议，预计获益超6000万；汉鼎宇佑转让微贷金融1.5%股权，预计增利4575万；大唐发电、南京化纤、宜安科技定增获批；奇信股份董事长增持，引入首席科学家；中顺洁柔、三垒股份、东方通股东拟增持。个股利空：精功科技、人人乐终止重大资产重组事项；龙蟒佰利终止收购海外钛矿项目控制权；闻泰科技、茂业通信、隆鑫通用、网宿科技、劲拓股份、海联讯、宝馨科技、赞宇科技、九强生物、昊志机电、和科达、新易盛、吉宏股份、振华股份、和仁科技股东拟减持。今日限售股解禁：浩云科技、高伟达、理工光科、佳发安泰、中富通。昨天大盘缩量上涨，还是属于急跌后的反弹，今天继续观察反弹量能和力度，如果继续弱反，仍可再回落可能，注意先趁反弹减仓拉升力度大的个股。再等继续低吸高卖的机会。,,,,,0,0,0,2017-11-01 10:18,微博 weibo.com,,,
4169204867292486,Ft2kKuB6K,5821543722,大连前能商品经纪,"#股评#个股利好：北新建材年报大幅预增；龙源技术年报扭亏为盈；中国铁建中标34.58亿元扶贫小镇项目；浦东建设中标合计8.88亿元多个项目；富煌钢构签署8亿元安置区产业化工程项目；东华科技联合体预中标8亿元PPP项目；棕榈股份中标合计3.64亿元多个景观工程设计项目；汇川技术预中标1.23亿元轨道交通项目；蓝盾股份联合签署5608万元项目合同；科力远子公司签技术许可协议，预计获益超6000万；汉鼎宇佑转让微贷金融1.5%股权，预计增利4575万；大唐发电、南京化纤、宜安科技定增获批；奇信股份董事长增持，引入首席科学家；中顺洁柔、三垒股份、东方通股东拟增持。个股利空：精功科技、人人乐终止重大资产重组事项；龙蟒佰利终止收购海外钛矿项目控制权；闻泰科技、茂业通信、隆鑫通用、网宿科技、劲拓股份、海联讯、宝馨科技、赞宇科技、九强生物、昊志机电、和科达、新易盛、吉宏股份、振华股份、和仁科技股东拟减持。限售股解禁：浩云科技、高伟达、理工光科、佳发安泰、中富通。",,,,股评,0,0,0,2017-11-01 09:22,股评超话,,,
4169204841979799,Ft2kI8j2f,3229899765,涨停一哥008,个股利好：1、雄韬股份(002733)拟在武汉投建氢燃料电池产业园2、富煌钢构(002743)签订工程合同3、中国铁建(601186)中标中马钦州产业园区特色扶贫小镇项目4、浦东建设(600284)中标多项重大工程5、棕榈股份(002431)：中标多个景观工程设计项目6、赛摩电气(300466)拟收购广浩捷，充实智能制造生态圈7、北特科技(603009)拟收购光裕股份拓展汽车零部件领域8、东方通(300379)董事长计划增持不低于1000w股9、长盈精密(300115)：员工持股计划完成股票购买,,,,,0,0,0,2017-11-01 09:22,微博 weibo.com,,,
4169204804179000,Ft2kEhx9e,3007843942,咔源网,个股利好：北新建材年报大幅预增；龙源技术年报扭亏为盈；中国铁建中标34.58亿元扶贫小镇项目；浦东建设中标合计8.88亿元多个项目；富煌钢构签署8亿元安置区产业化工程项目；东华科技联合体预中标8亿元PPP项目；棕榈股份中标合计3.64亿元多个景观工程设计项目；汇川技术预中标1.23亿元轨道交通项目；蓝盾股份联合签署5608万元项目合同；科力远子公司签技术许可协议，预计获益超6000万；汉鼎宇佑转让微贷金融1.5%股权，预计增利4575万；大唐发电、南京化纤、宜安科技定增获批；奇信股份董事长增持，引入首席科学家；中顺洁柔、三垒股份、东方通股东拟增持。,,,,,0,0,0,2017-11-01 09:22,微博 weibo.com,,,
4169204569613614,Ft2kgEkWi,2460147301,C姐看市,【个股公告】上海沪工（603131）：收购航天华宇拓展航天军工领域赛摩电气（300466）：收购广浩捷充实智能制造生态圈茂业通信（000889）：拟收购中天嘉华中远海能（600026）：定增募资54亿打造领先油运船队北特科技（603009）：拟收购光裕股份95.7123%股份会稽山（601579）：拟现金收购咸亨股份100%股权雄韬股份（002733）：拟50亿元在武汉投建氢燃料电池产业园汇川技术（300124）：预中标1.23亿元轨道交通项目蓝盾股份（300297）：联合签署5608万元项目合同耐威科技（300456）：参与投资设立半导体产业投资基金富煌钢构（002743）：签逾8亿元棚户区改造施工合同东华科技（002140）：联合预中标8亿元PPP项目中国铁建（601186）：中标中马钦州产业园区特色扶贫小镇项目浦东建设（600284）：中标多项重大工程棕榈股份(002431)：中标多个景观工程设计项目总金额3.64亿人民网（603000）：与浦东科创集团签署战略合作备忘录康美药业（600518）：与华大基因战略合作拟共建研究院和公司山东高速（600350）：发起设立50亿产业投资基金投资金融等行业奇信股份（002781）：董事长拟增持不低于2000万元东方通（300379）：董事长计划增持不低于1000万股恒瑞医药（600276）：发布2017年度限制性股票激励计划,,,,,0,0,0,2017-11-01 09:21,微博 weibo.com,,,
4169204494005742,Ft2k9gO4K,5660146208,老梁--股事汇,个股利好：1、雄韬股份(002733)拟在武汉投建氢燃料电池产业园2、富煌钢构(002743)签订工程合同3、中国铁建(601186)中标中马钦州产业园区特色扶贫小镇项目4、浦东建设(600284)中标多项重大工程5、棕榈股份(002431)：中标多个景观工程设计项目6、赛摩电气(300466)拟收购广浩捷，充实智能制造生态圈7、北特科技(603009)拟收购光裕股份拓展汽车零部件领域8、东方通(300379)董事长计划增持不低于1000w股9、长盈精密(300115)：员工持股计划完成股票购买,,,,,0,0,0,2017-11-01 09:21,360安全浏览器,,,
4169204393459084,Ft2jZevRG,3753356644,股市猎手复盘,【11-1热点消息+附股】1、超高密人脸识别方案问世，AI芯片行业空间广阔。评：随着高清摄像头的进一步普及和无人驾驶的逐渐落地，计算任务前移将成为人工智能产业发展的下一阶段，智能芯片作为计算任务的承载，将蕴含重大投资机会。AI芯片概念股：景嘉微（300474）、中科创达（300496）、中科曙光（603019）、国科微（300672）等。2、铁总改革加速，国家铁路集团将成立评：第三批混改试点名单行将公布，地方国企有望“唱大戏、担主角”;下半年是铁改加速的黄金时期，关注有预期的混改相关概念股。铁总在高铁、土地、普铁以及制度上的全面推进，而未来的铁路改革重点将在改善投融资体系以及市场化推进。铁改概念股：铁龙物流（600125）、广深铁路（601333）等。3、京东组建产业联盟未来引入数十万辆新能源车。评：东风汽车（600006）是京东物流的合作伙伴之一，多款物流车连续进入推广目录；蓝海华腾（300484）的电控产品营收中，物流车领域占到了65%左右；科泰电源（300153）拟定增8.126亿元投入新能源物流车运营项目。【个股公告】上海沪工（603131）：收购航天华宇拓展航天军工领域赛摩电气（300466）：收购广浩捷充实智能制造生态圈茂业通信（000889）：拟收购中天嘉华中远海能（600026）：定增募资54亿打造领先油运船队北特科技（603009）：拟收购光裕股份95.7123%股份会稽山（601579）：拟现金收购咸亨股份100%股权雄韬股份（002733）：拟50亿元在武汉投建氢燃料电池产业园汇川技术（300124）：预中标1.23亿元轨道交通项目蓝盾股份（300297）：联合签署5608万元项目合同耐威科技（300456）：参与投资设立半导体产业投资基金富煌钢构（002743）：签逾8亿元棚户区改造施工合同东华科技（002140）：联合预中标8亿元PPP项目中国铁建（601186）：中标中马钦州产业园区特色扶贫小镇项目浦东建设（600284）：中标多项重大工程棕榈股份(002431)：中标多个景观工程设计项目总金额3.64亿人民网（603000）：与浦东科创集团签署战略合作备忘录康美药业（600518）：与华大基因战略合作拟共建研究院和公司山东高速（600350）：发起设立50亿产业投资基金投资金融等行业奇信股份（002781）：董事长拟增持不低于2000万元东方通（300379）：董事长计划增持不低于1000万股恒瑞医药（600276）：发布2017年度限制性股票激励计划,,,,,0,0,1,2017-11-01 09:20,搜狗高速浏览器,,,
4169204250913935,Ft2jL3PKT,5573328846,股金女王,最新消息面及操作策略：消息面上：10月官方制造业PMI为51.6，连续15月在荣枯线上方；昨日6家企业首发上会，仅有2家获通过；北上资金持仓规模超4900亿元；全国碳排放交易即将启动（涉置信电气、华测检测等）；京津冀大气环保局将于年底前组建；上海自由贸易港方案正在完善和报批；雄安新区22个专项规划、32个专题研究均取得阶段性成果；个股利好：北新建材年报大幅预增；龙源技术年报扭亏为盈；中国铁建中标34.58亿元扶贫小镇项目；浦东建设中标合计8.88亿元多个项目；富煌钢构签署8亿元安置区产业化工程项目；东华科技联合体预中标8亿元PPP项目；棕榈股份中标合计3.64亿元多个景观工程设计项目；汇川技术预中标1.23亿元轨道交通项目；蓝盾股份联合签署5608万元项目合同；科力远子公司签技术许可协议，预计获益超6000万；汉鼎宇佑转让微贷金融1.5%股权，预计增利4575万；大唐发电、南京化纤、宜安科技定增获批；奇信股份董事长增持，引入首席科学家；中顺洁柔、三垒股份、东方通股东拟增持。个股利空：精功科技、人人乐终止重大资产重组事项；龙蟒佰利终止收购海外钛矿项目控制权；闻泰科技、茂业通信、隆鑫通用、网宿科技、劲拓股份、海联讯、宝馨科技、赞宇科技、九强生物、昊志机电、和科达、新易盛、吉宏股份、振华股份、和仁科技股东拟减持。今日限售股解禁：浩云科技、高伟达、理工光科、佳发安泰、中富通。昨天大盘缩量上涨，还是属于急跌后的反弹，今天继续观察反弹量能和力度，如果继续弱反，仍可再回落可能，注意先趁反弹减仓拉升力度大的个股。再等继续低吸高卖的机会。上证指数sh000001,,,,,0,1,7,2017-11-01 09:20,微博股票,,,
4169204178944563,Ft2jDBwT9,3064769105,股菲尔,个股利好：1、雄韬股份(002733)拟在武汉投建氢燃料电池产业园2、富煌钢构(002743)签订工程合同3、中国铁建(601186)中标中马钦州产业园区特色扶贫小镇项目4、浦东建设(600284)中标多项重大工程5、棕榈股份(002431)：中标多个景观工程设计项目6、赛摩电气(300466)拟收购广浩捷，充实智能制造生态圈7、北特科技(603009)拟收购光裕股份拓展汽车零部件领域8、东方通(300379)董事长计划增持不低于1000w股9、长盈精密(300115)：员工持股计划完成股票购买上证指数sh000001,,,,,0,0,0,2017-11-01 09:20,微博股票,,,
4169204163128492,Ft2jCd7Ry,5364747223,股儿菲菲,个股利好：1、雄韬股份(002733)拟在武汉投建氢燃料电池产业园2、富煌钢构(002743)签订工程合同3、中国铁建(601186)中标中马钦州产业园区特色扶贫小镇项目4、浦东建设(600284)中标多项重大工程5、棕榈股份(002431)：中标多个景观工程设计项目6、赛摩电气(300466)拟收购广浩捷，充实智能制造生态圈7、北特科技(603009)拟收购光裕股份拓展汽车零部件领域8、东方通(300379)董事长计划增持不低于1000w股9、长盈精密(300115)：员工持股计划完成股票购买上证指数sh000001,,,,,0,0,0,2017-11-01 09:19,微博股票,,,
4169203986407399,Ft2jkqSR9,5888181274,张钟陶金,【个股公告】上海沪工（603131）：收购航天华宇拓展航天军工领域赛摩电气（300466）：收购广浩捷充实智能制造生态圈茂业通信（000889）：拟收购中天嘉华中远海能（600026）：定增募资54亿打造领先油运船队北特科技（603009）：拟收购光裕股份95.7123%股份会稽山（601579）：拟现金收购咸亨股份100%股权雄韬股份（002733）：拟50亿元在武汉投建氢燃料电池产业园汇川技术（300124）：预中标1.23亿元轨道交通项目蓝盾股份（300297）：联合签署5608万元项目合同耐威科技（300456）：参与投资设立半导体产业投资基金富煌钢构（002743）：签逾8亿元棚户区改造施工合同东华科技（002140）：联合预中标8亿元PPP项目中国铁建（601186）：中标中马钦州产业园区特色扶贫小镇项目浦东建设（600284）：中标多项重大工程棕榈股份(002431)：中标多个景观工程设计项目总金额3.64亿人民网（603000）：与浦东科创集团签署战略合作备忘录康美药业（600518）：与华大基因战略合作拟共建研究院和公司山东高速（600350）：发起设立50亿产业投资基金投资金融等行业奇信股份（002781）：董事长拟增持不低于2000万元东方通（300379）：董事长计划增持不低于1000万股恒瑞医药（600276）：发布2017年度限制性股票激励计划,,,,,0,0,0,2017-11-01 09:19,微博 weibo.com,,,
4169203563354611,Ft2iEe4GD,5392498998,--股海浩然--,个股利好：1、雄韬股份(002733)拟在武汉投建氢燃料电池产业园2、富煌钢构(002743)签订工程合同3、中国铁建(601186)中标中马钦州产业园区特色扶贫小镇项目4、浦东建设(600284)中标多项重大工程5、棕榈股份(002431)：中标多个景观工程设计项目6、赛摩电气(300466)拟收购广浩捷，充实智能制造生态圈7、北特科技(603009)拟收购光裕股份拓展汽车零部件领域8、东方通(300379)董事长计划增持不低于1000w股9、长盈精密(300115)：员工持股计划完成股票购买,,,,,0,0,0,2017-11-01 09:17,搜狗高速浏览器,,,
4169202719574019,Ft2hhEaDF,1403683317,钱眼海哥,最新消息面及操作策略：今晨纳指再创盘中历史新高，道指上涨0.12%，纳指上涨0.43%，标普上涨0.09%，欧洲主要国家股市收高。纽约原油期货上涨23美分，涨幅为0.42%，收于每桶54.38美元；纽约黄金期货收跌0.6%，收于每盎司1270.5美元。其他消息面：10月官方制造业PMI为51.6，连续15月在荣枯线上方；昨日6家企业首发上会，仅有2家获通过；北上资金持仓规模超4900亿元；全国碳排放交易即将启动（涉置信电气、华测检测等）；京津冀大气环保局将于年底前组建；上海自由贸易港方案正在完善和报批；雄安新区22个专项规划、32个专题研究均取得阶段性成果；个股利好：北新建材年报大幅预增；龙源技术年报扭亏为盈；中国铁建中标34.58亿元扶贫小镇项目；浦东建设中标合计8.88亿元多个项目；富煌钢构签署8亿元安置区产业化工程项目；东华科技联合体预中标8亿元PPP项目；棕榈股份中标合计3.64亿元多个景观工程设计项目；汇川技术预中标1.23亿元轨道交通项目；蓝盾股份联合签署5608万元项目合同；科力远子公司签技术许可协议，预计获益超6000万；汉鼎宇佑转让微贷金融1.5%股权，预计增利4575万；大唐发电、南京化纤、宜安科技定增获批；奇信股份董事长增持，引入首席科学家；中顺洁柔、三垒股份、东方通股东拟增持。个股利空：精功科技、人人乐终止重大资产重组事项；龙蟒佰利终止收购海外钛矿项目控制权；闻泰科技、茂业通信、隆鑫通用、网宿科技、劲拓股份、海联讯、宝馨科技、赞宇科技、九强生物、昊志机电、和科达、新易盛、吉宏股份、振华股份、和仁科技股东拟减持。今日限售股解禁：浩云科技、高伟达、理工光科、佳发安泰、中富通。昨天大盘缩量上涨，还是属于急跌后的反弹，今天继续观察反弹量能和力度，如果继续弱反，仍可再回落可能，注意先趁反弹减仓拉升力度大的个股。再等继续低吸高卖的机会。,,,,,0,0,94,2017-11-01 09:14,微博 weibo.com,,,
4169202434475098,Ft2gPiMb0,2735192362,股民笔记,个股利好：1、雄韬股份(002733)拟在武汉投建氢燃料电池产业园2、富煌钢构(002743)签订工程合同3、中国铁建(601186)中标中马钦州产业园区特色扶贫小镇项目4、浦东建设(600284)中标多项重大工程5、棕榈股份(002431)：中标多个景观工程设计项目6、赛摩电气(300466)拟收购广浩捷，充实智能制造生态圈7、北特科技(603009)拟收购光裕股份 拓展汽车零部件领域8、东方通(300379)董事长计划增持不低于1000w股9、长盈精密(300115)：员工持股计划完成股票购买,,,,,0,0,0,2017-11-01 09:13,微博 weibo.com,,,
4169202325274061,Ft2gEm81v,6212594399,股市短线云谈,【公告淘金】雄韬股份：拟50亿元在武汉投建氢燃料电池产业园龙蟒佰利：终止RGM项目合作计划富煌钢构：签订8.141亿元工程合同东华科技：联合预中标8亿元PPP项目中国铁建：中标中马钦州产业园区特色扶贫小镇项目珠江控股：携物美控股打造京津冀食品产业链浦东建设：中标多项重大工程康美药业：与华大基因战略合作拟共建研究院和公司耐威科技：参与投资设立半导体产业投资基金比亚迪：剥离汽车座椅业务聚焦整车业务会稽山：拟7.35亿并购咸亨食品山东高速：发起设立50亿产业投资基金投资金融等行业人民网：与浦东科创合作拟发起设立文化产业基金棕榈股份：中标多个景观工程设计项目总金额3.64亿蓝盾股份：联合签署5608万元项目合同汇川技术：预中标1.23亿元轨道交通项目科力远：子公司签技术许可协议公司预计获益超6000万,,,,,0,0,0,2017-11-01 09:12,微博 weibo.com,['http://ww4.sinaimg.cn/large/006MrpBtly1fl2bdu110ej308t03yglk.jpg'],,
4169202308890449,Ft2gCBiOl,3800918493,酒尽墨凉,【公告淘金】雄韬股份：拟50亿元在武汉投建氢燃料电池产业园龙蟒佰利：终止RGM项目合作计划富煌钢构：签订8.141亿元工程合同东华科技：联合预中标8亿元PPP项目中国铁建：中标中马钦州产业园区特色扶贫小镇项目珠江控股：携物美控股打造京津冀食品产业链浦东建设：中标多项重大工程康美药业：与华大基因战略合作拟共建研究院和公司耐威科技：参与投资设立半导体产业投资基金比亚迪：剥离汽车座椅业务聚焦整车业务会稽山：拟7.35亿并购咸亨食品山东高速：发起设立50亿产业投资基金投资金融等行业人民网：与浦东科创合作拟发起设立文化产业基金棕榈股份：中标多个景观工程设计项目总金额3.64亿蓝盾股份：联合签署5608万元项目合同汇川技术：预中标1.23亿元轨道交通项目科力远：子公司签技术许可协议公司预计获益超6000万#上证快讯##短线牛股##牛股推荐##财经速报##财经头条文章##微博头条文章作者##微博股票#创业板指sz399006上证指数sh000001,,,,"上证快讯,短线牛股,牛股推荐,财经速报,财经头条文章,微博头条文章作者,微博股票",0,0,0,2017-11-01 09:12,微博股票,['http://ww3.sinaimg.cn/large/e28d69ddly1fl2bdrt9mpj20m80go76v.jpg'],,
4169201965170518,Ft2g4lH5s,3870970309,金融大学堂,【公告淘金】雄韬股份：拟50亿元在武汉投建氢燃料电池产业园龙蟒佰利：终止RGM项目合作计划富煌钢构：签订8.141亿元工程合同东华科技：联合预中标8亿元PPP项目中国铁建：中标中马钦州产业园区特色扶贫小镇项目珠江控股：携物美控股打造京津冀食品产业链浦东建设：中标多项重大工程康美药业：与华大基因战略合作拟共建研究院和公司耐威科技：参与投资设立半导体产业投资基金比亚迪：剥离汽车座椅业务聚焦整车业务会稽山：拟7.35亿并购咸亨食品山东高速：发起设立50亿产业投资基金投资金融等行业人民网：与浦东科创合作拟发起设立文化产业基金棕榈股份：中标多个景观工程设计项目总金额3.64亿蓝盾股份：联合签署5608万元项目合同汇川技术：预中标1.23亿元轨道交通项目科力远：子公司签技术许可协议公司预计获益超6000万#财金头条##沪指破3000#,,,,"财金头条,沪指破3000",0,0,0,2017-11-01 09:11,搜狗高速浏览器,,,
4169201877368832,Ft2fVuUY8,3064769105,股菲尔,【公告淘金】雄韬股份：拟50亿元在武汉投建氢燃料电池产业园龙蟒佰利：终止RGM项目合作计划富煌钢构：签订8.141亿元工程合同东华科技：联合预中标8亿元PPP项目中国铁建：中标中马钦州产业园区特色扶贫小镇项目珠江控股：携物美控股打造京津冀食品产业链浦东建设：中标多项重大工程康美药业：与华大基因战略合作拟共建研究院和公司耐威科技：参与投资设立半导体产业投资基金比亚迪：剥离汽车座椅业务聚焦整车业务会稽山：拟7.35亿并购咸亨食品山东高速：发起设立50亿产业投资基金投资金融等行业人民网：与浦东科创合作拟发起设立文化产业基金棕榈股份：中标多个景观工程设计项目总金额3.64亿蓝盾股份：联合签署5608万元项目合同汇川技术：预中标1.23亿元轨道交通项目科力远：子公司签技术许可协议公司预计获益超6000万上证指数sh000001,,,,,0,0,1,2017-11-01 09:10,微博股票,,,
4169201851409312,Ft2fT5UCQ,5364747223,股儿菲菲,【公告淘金】雄韬股份：拟50亿元在武汉投建氢燃料电池产业园龙蟒佰利：终止RGM项目合作计划富煌钢构：签订8.141亿元工程合同东华科技：联合预中标8亿元PPP项目中国铁建：中标中马钦州产业园区特色扶贫小镇项目珠江控股：携物美控股打造京津冀食品产业链浦东建设：中标多项重大工程康美药业：与华大基因战略合作拟共建研究院和公司耐威科技：参与投资设立半导体产业投资基金比亚迪：剥离汽车座椅业务聚焦整车业务会稽山：拟7.35亿并购咸亨食品山东高速：发起设立50亿产业投资基金投资金融等行业人民网：与浦东科创合作拟发起设立文化产业基金棕榈股份：中标多个景观工程设计项目总金额3.64亿蓝盾股份：联合签署5608万元项目合同汇川技术：预中标1.23亿元轨道交通项目科力远：子公司签技术许可协议公司预计获益超6000万上证指数sh000001,,,,,0,0,0,2017-11-01 09:10,微博股票,,,
4169188748572839,Ft1UKzYbB,1738097277,涨门姑姑,【公告集锦】　　*ST河化：生产装置继续停车　　北特科技：拟4.53亿收购光裕股份拓展汽车零部件领域　　比亚迪：剥离汽车座椅业务聚焦整车业务　　东华科技：联合预中标8亿元PPP项目　　富煌钢构：签订8.141亿元工程合同　　汇川技术：预中标1.23亿元轨道交通项目　　会稽山：拟7.35亿并购咸亨食品　　康美药业：与华大基因战略合作拟共建研究院和公司　　科力远：子公司签技术许可协议公司预计获益超6000万　　蓝盾股份：联合签署5608万元项目合同　　龙蟒佰利：终止RGM项目合作计划　　茂业通信：拟14.8亿元收购嘉华信息　　耐威科技：参与投资设立半导体产业投资基金　　浦东建设：中标多项重大工程　　奇信股份：终止筹划购买紫光智能控股权事项　　人民网：与浦东科创合作拟发起设立文化产业基金　　人人乐：终止筹划重大事项11月1日起复牌　　赛摩电气：拟6亿元收购广浩捷充实智能制造生态圈　　山东高速：发起设立50亿产业投资基金投资金融等行业　　上海沪工：拟在太仓总投资22亿元生产激光设备、机器人等　　雄韬股份：拟50亿元在武汉投建氢燃料电池产业园　　掌阅科技：无未披露的重大事项明日复牌　　兆易创新：筹划重大事项停牌前股价大涨　　中国铁建：中标中马钦州产业园区特色扶贫小镇项目　　中远海能：拟定增54亿购买油轮间接控股股东认购约42亿　　珠江控股：携物美控股打造京津冀食品产业链　　棕榈股份：中标多个景观工程设计项目总金额3.64亿,,,,,0,0,0,2017-11-01 08:18,微博 weibo.com,,,
4166045231555313,FrI8z6wBH,3242529232,昭通头条,#昭通身边事#【关注！昭通市旅发委召开中山-昭通旅游特色小镇建设招商引资工作座谈会】10月17日，昭通市旅发委召开了中山昭通旅游特色小镇建设招商引资工作座谈会。为进一步推进昭通旅游特色小镇建设项目合作落地，昭通市旅发委再次邀请相关部门和中山棕榈生态城镇发展股份公司就旅游特色小镇建设合作项目进行了进一步洽谈。会上昭通市旅发委介绍了全市旅游产业发展情况、重点旅游项目情况，市发改委介绍了全市5个特色小镇的开发建设情况。在听取了相关情况介绍后，考察组认为，昭通旅游资源丰富，大山、大水、大峡谷、大文化具有发展旅游得天独厚的优势，中山和昭通两市应当抓住对口帮扶契机，加强两市的沟通交流，特别是昭通市的特色小镇建设项目契合该公司的开发建设理念，该公司将进一步对有合作意向的特色小镇进行深入考察，并积极与所属县区取得联系，协商合作开发建设方案，争取早日实现项目签约，抓好落实开发建设。此次座谈会是继9月6日的中山昭通两市旅游扶贫协作暨招商引资会后的进一步协商洽谈。会议由昭通市旅发委副主任范镇主持，昭通市发改委、大山包极限运动小镇、市旅发委相关人员参加了座谈会。,,,,昭通身边事,1,1,0,2017-10-23 16:07,Android,,,
4164128282609289,FqUgIaWNj,5953331731,融牛投资,#今日看盘#今天大盘能否来个张灯结彩昨天大盘最后一小时放量下跌，外围股市微涨微跌，消息面偏向平静。今天大盘应该小幅低开或平开，下探时关注3360点附近的支撑，强支撑在3350点附近；回抽时关注3380点附近的压力，强压力在3390点附近。消息面上，保监会：大力推动保险业回归主业进一步推进“1+4”系列文件落地；新一届发审委昨日审核5家IPO申请4家获通过；半导体行业盛会下周开幕行业进入新一轮景气周期；国债期货收创5个月低点；上交所：积极服务贫困地区拟上市企业3家企业利用扶贫绿色通道上市；中证报头版：稳中求进深化金融改革；百度与金龙客车合作计划2018年量产无人驾驶巴士；扬子新材：中民投下属公司取得公司控制权；小康股份：并购美国电池系统公司InEVit特斯拉首任CEO全职加盟；棕榈股份：拟90亿元在江西上饶开发旅游度假区；华钰矿业：金属产品价格上涨前三季度净利预增95%；绿地控股：前三季度合同销售额同比增长17%；新华都：股东、监事拟减持2.97%股份；上海能源：前三季度净利预增90%-120%；华电能源：前三季度预亏3.9亿元；金达威：股东中牧股份拟减持1%股份；中天科技：中标6.5亿海底光缆项目；亿纬锂能：拟5亿元投建高性能锂锰电池项目；吉峰农机：子公司签订6亿元供货项目协议；华钰矿业：金属产品价格上涨前三季度净利预增95%；黄金期货收盘下跌16.80美元，跌幅1.3%；原油期货收涨0.01美元，报51.88美元/桶；美股收盘道指标普再创新高，道琼斯指数收盘上涨40.50点，涨幅0.18%等。技术上，昨天大盘冲高回落，显示大盘上方压力较重，市场担心维稳之后，维稳资金撤离，大盘开始回调，所以，昨天大盘上攻，场内不稳定资金选择撤离。这点也很正常，毕竟大盘5日线已经调头向下，今天如果不能强势拉起，大盘5日线将于10日线死叉，后期大盘还有调整，而下方3357点附近的缺口一直对大盘有向下的牵引，3331点附近也还有一个缺口，至少3357点附近的缺口本轮回调应该回补，回补以后大盘能够上行还需要关注资金面及政策面的变化，多重因数叠加，最终大盘上攻乏力，场外资金不敢进场，场内资金撤离也就很正常了。炒股缺资金就上融牛网，登录送五千元A股操盘金，盈利全归你。今天是重要会议胜利召开的日子，也是全民欢欣鼓舞的日子，大盘走势应该不会很难看，虽然大盘上涨乏力，关键时候中石油会挺身而出，所以，大家不需要担心大盘会否回调，目前关键是市场会否出现满堂红。昨天市场活跃的主要是仓储物流、次新股、高送转等题材股，次新股和高送转等题材股最容易带动市场人气，但前期活跃的5G概念股、芯片、新能源汽车这三驾马车也容易带动人气，今天建议关注这三驾马车的动态，只要这三架马车启动，今天市场将是满堂红，否则，今天市场将是不温不火，大盘张灯结彩的概率不大！上证指数sh000001,,,,今日看盘,0,0,0,2017-10-18 09:10,微博股票,"['http://ww1.sinaimg.cn/large/006uTzxxgy1fkm4m8ct9qj30xh0pg15x.jpg', 'http://ww1.sinaimg.cn/large/006uTzxxgy1fkm4mjmkrij31hc5c2e68.jpg', 'http://ww4.sinaimg.cn/large/006uTzxxgy1fkm4mk4weoj30js0podo9.jpg']",,
4164127436224785,FqUflq7lL,1832999192,淘金之策,国内股市1、上证综指震荡走低，收盘跌0.19%报3372.04点，险守10日均线；深成指涨0.04%报11275.34点；创业板指冲高回落，收跌0.3%报1876.99点。两市成交不足3900亿，创3个月新低。2、香港恒生指数涨0.02%，报28697.49点；国企指数跌0.3%，报11568.31点；红筹指数涨0.13%，报4396.24点。大市成交降至802.42亿港元，上个交易日成交1032.8亿港元。3、上交所发文指出，上交所积极服务贫困地区拟上市企业，先后走访安徽安庆、河南兰考、湖北郧阳等地，服务贫困地区拟上市企业。目前已有安徽集友新材料、西藏卫信康、宁夏嘉泽新能等3家企业顺利利用IPO扶贫绿色通道在上交所上市。4、21世纪经济报道：中国平安副董事长孙建一透露，陆金所控股已成为中国领先的互联网金融交易信息服务一站式平台，其上市进程也在积极推进中。5、中国证券市场上周新增投资者数28.08万，环比降4.39%，前值为29.37万。6、腾讯控股董事会主席兼首席执行官马化腾再度减持腾讯。据香港联交所权益披露资料显示，马化腾于10月10日至13日连续4日合共减持600万股，共套现21亿港元，持股量由8.69%降至8.63%。7、两融余额重拾升势，再次逼近万元大关并创20个月次高。截至10月16日，A股融资融券余额为9952.51亿元，较前一交易日的9939.86亿元增加12.65亿元。8、香港特区行政长官林郑月娥：运输及房屋局局长陈帆将就审议《2017年印花税（修订）条例草案》提出中止议案，以让高铁“一地两检”无约束力政府议案可在下周三先在立法会进行讨论。9、京东集团与腾讯公司宣布：将联合推出赋能品牌商的“京腾无界零售”解决方案，以腾讯的社交、内容体系和京东的交易体系为依托，为品牌商打造线上线下一体化、服务深度定制化的零售解决方案。10、由中国移动研究院提出，华为、中兴和烽火三大通信主流设备厂商联合研发的下一代5G传输系统SPN阶段试验测试圆满完成，本次测试成功拉开了全球5G传输技术由研究到实现的序幕。11、新浪：万科第一大股东深圳地铁集团近日低调换帅。来自深铁官方的消息显示，林茂德已卸任深圳市地铁集团有限公司党委书记、董事长，由深圳天健集团董事长辛杰接任。林茂德曾因带领深铁集团入股万科而备受关注。12、两只新股周三申购。庄园牧场申购代码：002910；发行价：7.46元；申购上限：18500股。合盛硅业申购代码：732260；发行价：19.52元；申购上限：21000股。13、上市公司重要公告：三毛派神获控股股东母公司增持5%股份，或继续增持；博泓合丰投资拟5.82亿元受让维维股份6.9%股份；当代明诚子公司获得2018世界杯亚洲区独家市场销售代理；中民投下属公司取得扬子新材控制权；延长化建签署重组框架协议；龙韵股份重组拟收购两公司股权；耐威科技拟收购地理信息及数据服务行业资产；盐湖股份二股东筹划重大事项；小康股份收购美国InEVit，Tesla创始人兼首任CEO加盟；棕榈股份拟90亿投资旅游度假区；金达威、川环科技、海联金汇、水晶光电、城地股份、新华都拟遭大举减持。,,,,,0,0,0,2017-10-18 09:06,360安全浏览器,,,
4164124998784694,FqUbpARiC,2374078561,短线风云-李姐,周三早间市场信息昨夜美股震荡，道指上涨0.18%，再创历史新高，纳指下跌0.01%，标普上涨0.07%，欧洲主要国家股市涨跌互现。纽约原油期货上涨1美分，收于每桶51.88美元；纽约黄金期货下跌16.8美元，跌幅为1.3%，收于每盎司1286.2美元。高通首次完成5G移动设备测试（涉天孚通信、通宇通讯等）；自动驾驶汽车明年将首次在纽约测试；中国持有美国国债的规模升至一年最高。市场信息：大会召开日期为18日至24日；合盛硅业732260、庄园牧场002910新股发行申购日；上交所积极服务贫困地区拟上市企业，3家企业利用扶贫绿色通道上市；证监会正加紧制定相关政策，住房租赁REITs全面启动倒计时；看好A股纳入MSCI投资机会，基金公司密集申报相关指基；商务部印发长江中游区域市场发展规划；国家级住房租赁条例或出台（昨日世联行、三六五网等租售同权概念股大涨）；中国五年来稳居第一制造大国，跻身互联网第二大力量；中国电信NB-IoT模组第一标招标结果出炉；新项目密集开工，今年铁路投资有望创新高；中通拟联合申通等6家成立保险公司，注册资本10亿元；银联与武汉签署住房租赁服务平台合作协议；京东腾讯联手宣布推出无界零售解决方案；双11京东将推出无人便利店、无人超市等开放平台产品；菜鸟网络发布全球领先的超级机器人旗舰仓。个股信息，利好：安纳达年报大幅预增；南钢股份、上海能源三季报大幅预增；科融环境、大恒科技、道森股份三季报扭亏为盈；东方园林联合中标20.13亿元PPP项目；中天科技中标6.5亿元海底光电复合电缆及附件项目；吉峰农机签订6亿元供货项目协议；国祯环保预中标2.06亿元项目；五洋科技签订1.87亿元合同；当代明诚与国际足联签2018世界杯亚洲区独家市场销售代理；克来机电确认为特斯拉提供生产线；曙光股份收到9000万元政府补贴；江淮汽车独家液冷技术获应用；中广核技首创电子束处理工业废水技术通过鉴定；润和软件定增获批；三毛派神股东增持。利空：多伦科技年报预降；华电能源、保税科技、宝钛股份三季报预亏；美诺华、会畅通讯三季报预降；法兰泰克三季报没有实施利润分配的计划；兴发集团磷矿停产预计减少公司当期净利润约2100万元；城地股份、新华都、水晶光电、兆日科技、金达威、海联金汇、川环科技、汇顶科技股东拟减持。其它：宝硕股份拟筹划股权激励计划；朗新科技拟推1215万股股权激励；中民投下属公司取得扬子新材控制权；棕榈股份拟90亿元在上饶开发旅游度假区；印纪传媒拟至多20亿港元收购福布斯，发力大中华区娱乐业务；新日恒力合作设立18亿元投资基金投建月桂二酸项目；东方能源拟8亿元投资100MW风电项目；南兴装备拟7.37亿元收购唯一网络；中泰桥梁拟6.39亿元向关联方剥离桥梁钢结构业务；亿纬锂能拟5亿元投建高性能锂锰电池项目；特变电工拟3.83亿元投建50MW风电项目；宏辉果蔬拟投2亿元在汕头保税区建果蔬仓储加工配送基地；禾丰牧业拟1.46亿元受让大连成三15.1%股权，完善白羽肉鸡产业链布局；博泓合丰投资受让维维股份6.9%股权；粤泰股份控股股东粤泰控股将吸收合并广州恒发；小康股份并购美国电池系统公司InEVit，特斯拉首任CEO全职加盟；延长化建拟并购北京石油化工工程公司；龙韵股份拟购买长影置业60%股权及长影娱乐47%股权；耐威科技拟收购地理信息及数据服务行业新三板企业；天目药业拟牵头设天目山养老养生产业子公司，加码大健康产业发展；银禧科技达成3000吨金属吨钴矿石原料供应合作，拓展新能源业务；启迪设计与国测集团战略合作；和晶科技与腾讯、阿里均有战略合作；金龙汽车与百度战略合作；太极股份与360企业安全集团战略合作；东方能源正积极跑办雄安分公司注册事项；华力创通提供产品参与北斗在国产民机上的应用试飞；扬子新材、南兴装备复牌。限售股解禁：美达股份、宜华健康、新乡化纤、泰晶科技、湖南黄金、腾邦国际、拓尔思、大连电瓷、新天科技、古鳌科技。正式进入会议时期，将维系指数维稳格局，投资者宜观望为主，小仓折腾。,,,,,0,0,0,2017-10-18 08:57,360安全浏览器,,,
