﻿id,bid,user_id,用户昵称,微博正文,头条文章url,发布位置,艾特用户,话题,转发数,评论数,点赞数,发布时间,发布工具,微博图片url,微博视频url,retweet_id
4496499368551526,IEuo8zSDQ,1950292293,莲子豆豆,#兴趣话题词#股市财经#今日看盘#电商板块表现火爆，农产品、芭田股份sz002170、大北农、供销大集、德生科技涨停，云图控股、友阿股份、华英农业纷纷拉升。电商在助农方面的作用，在新冠肺炎疫情期间表现得尤为明显。高层精准点评电商新业态，扶贫兴农大有可为。,,,,"兴趣话题词,今日看盘",1,16,1,2020-04-22 13:14,微博 weibo.com,,,
4247119693148353,GjLNvdd1T,1420555297,股海扬波-----boll,要闻掘金1）A股三大上升动能显现6月市场望启动全新运行方式老板电器、光大证券、三钢闽光、龙蟒佰利2）54家券商看好逾千只个股银行等三大行业最受青睐第一创业、山西证券、宝硕股份、西部证券、国海证券、国金证券3）中央推进乡村振兴和产业扶贫四条主线掘金星光农机、芭田股份、苏垦农发、大禹节水、隆平高科4）阿里巴巴投资千亿建智能物流骨干网东杰智能、音飞储存、诺力股份、长江投资、华贸物流、富临运业5）入摩前日A股强劲反弹月内MSCI成份股资金动向大起底陕西煤业、东方航空、万科Ａ,,,,,0,0,2,2018-06-04 09:28,微博 weibo.com,,,
4247114428489378,GjLF0zCts,6458027928,安信证券-小安在线,#今日看盘#【要闻掘金】1）A股三大上升动能显现6月市场望启动全新运行方式老板电器、光大证券、三钢闽光、龙蟒佰利2）54家券商看好逾千只个股银行等三大行业最受青睐第一创业、山西证券、宝硕股份、西部证券、国海证券、国金证券3）中央推进乡村振兴和产业扶贫四条主线掘金星光农机、芭田股份、苏垦农发、大禹节水、隆平高科4）阿里巴巴投资千亿建智能物流骨干网东杰智能、音飞储存、诺力股份、长江投资、华贸物流、富临运业5）入摩前日A股强劲反弹月内MSCI成份股资金动向大起底陕西煤业、东方航空、万科Ａ#全民赛实盘#O安信证券重金寻股神,,,,"今日看盘,全民赛实盘",0,0,0,2018-06-04 09:07,微博 weibo.com,,,
4227182081206351,Gbp8453Ph,5888181274,张钟陶金,两部门发文：光伏扶贫优先扶持深度贫困地区利好光伏扶贫深赛格商汤科技获阿里领投6亿美元融资合作伙伴有受关注利好商汤科技云赛智红旗软件应用打破国外产品垄断国产替代空间巨大利好Linux恒银金融癌症基因根源研究取得重要成果相关公司受关注利好基因测序迪安诊断京东宣布构建智慧农业共同体打造科技服务三农新样本利好智慧农业芭田股份杭州城市大脑发布人工智能视觉产品用机器替代人巡逻利好智慧城市数字政通腾讯受让大股东股份入股长亮科技联合打造金融云产品利好金融云新大陆,,,,,0,0,0,2018-04-10 09:03,微博 weibo.com,,,
4505714209542916,J2oEsE2y0,5119232590,助只,农村电商龙头供销大集，芭田股份、农产品、深粮控股，怡亚通、一拖股份。刺心：002982湘佳股份【龙头】开板新股＋农村电商＋业绩猪肉、养鸡、饲料(精准扶贫概念)一季度净利润1.08亿元、同比增长230.70%(子公司投建年的屠宰100万生猪及肉制品深加工项目、总投资额2亿元),,,,,2,0,0,2020-05-17 23:30,三星 GALAXY Note8,,,
4496499368551526,IEuo8zSDQ,1950292293,莲子豆豆,#兴趣话题词#股市财经#今日看盘#电商板块表现火爆，农产品、芭田股份sz002170、大北农、供销大集、德生科技涨停，云图控股、友阿股份、华英农业纷纷拉升。电商在助农方面的作用，在新冠肺炎疫情期间表现得尤为明显。高层精准点评电商新业态，扶贫兴农大有可为。,,,,"兴趣话题词,今日看盘",1,16,1,2020-04-22 13:14,微博 weibo.com,,,
4227182081206351,Gbp8453Ph,5888181274,张钟陶金,两部门发文：光伏扶贫优先扶持深度贫困地区利好光伏扶贫深赛格商汤科技获阿里领投6亿美元融资合作伙伴有受关注利好商汤科技云赛智红旗软件应用打破国外产品垄断国产替代空间巨大利好Linux恒银金融癌症基因根源研究取得重要成果相关公司受关注利好基因测序迪安诊断京东宣布构建智慧农业共同体打造科技服务三农新样本利好智慧农业芭田股份杭州城市大脑发布人工智能视觉产品用机器替代人巡逻利好智慧城市数字政通腾讯受让大股东股份入股长亮科技联合打造金融云产品利好金融云新大陆,,,,,0,0,0,2018-04-10 09:03,微博 weibo.com,,,
