﻿id,bid,user_id,用户昵称,微博正文,头条文章url,发布位置,艾特用户,话题,转发数,评论数,点赞数,发布时间,发布工具,微博图片url,微博视频url,retweet_id
4357001641439545,HnUS862ut,2858056760,光明发布,【两地人民一起攻坚克难携手并进】3月25日至27日，光明区政协主席李世清带队到西藏林芝市察隅县开展对口支援工作，并看望慰问光明区选派的援藏干部人才。李世清表示，光明区援藏工作注重将扶贫与扶智扶志相结合、注重扶贫与民生相结合、注重扶贫与民族团结相结合、注重党建引领和骨干培养相结合，在各方面取得很好的成效。光明区将一如既往地帮助察隅县发展，光明人民将与察隅人民一起攻坚克难、携手并进。据悉，光明爱心企业电连技术股份公司、光明区美盈森集团、深圳市新国业百货公司代表向工作组捐赠60万元，用于察隅县精准扶贫项目建设。O光明区领导带队到西藏察隅开展对口支援工作实现双向共赢,,,,,0,0,0,2019-04-03 14:40,微博 weibo.com,,,
4055053508220194,En6bYyurM,6060603502,股票分析-董静,其它：诺力股份资产重组获批；百利科技拟推员工持股计划；光大银行拟发行优先股募资不超过500亿；建设银行拟120亿元设立债转股业务公司；中国宝安52亿元投资锂电池项目；千山药机拟定增20亿元发展医疗项目；天邦股份20亿元投资生猪养殖精准扶贫项目；美盈森拟定增15.2亿元投入智慧型工厂；常宝股份拟9.9亿元收购医院资产；奥马电器2.2亿元收购乾坤好车49%股权；宋城演艺拟410万美元入股美VR公司，并投资1.6亿开展国内业务；皖通高速购买3000万元银行理财产品；长城电脑2000万成立智慧城市合资公司；渝三峡A定增购买饲料添加剂公司；金隅股份签订债转股合作协议；四川双马拟向子公司划转水泥资产及债务；完美世界获中国人寿资管等多家机构调研；远程电缆拟更名为睿康股份；三江购物、三毛派神、美都能源、常宝股份、千山药机、海天精工、*ST南化复牌。,,,,,0,0,0,2016-12-21 09:25,微博 weibo.com,,,
4055053486268999,En6bWqiQT,5890765779,股票分析邹,其它：诺力股份资产重组获批；百利科技拟推员工持股计划；光大银行拟发行优先股募资不超过500亿；建设银行拟120亿元设立债转股业务公司；中国宝安52亿元投资锂电池项目；千山药机拟定增20亿元发展医疗项目；天邦股份20亿元投资生猪养殖精准扶贫项目；美盈森拟定增15.2亿元投入智慧型工厂；常宝股份拟9.9亿元收购医院资产；奥马电器2.2亿元收购乾坤好车49%股权；宋城演艺拟410万美元入股美VR公司，并投资1.6亿开展国内业务；皖通高速购买3000万元银行理财产品；长城电脑2000万成立智慧城市合资公司；渝三峡A定增购买饲料添加剂公司；金隅股份签订债转股合作协议；四川双马拟向子公司划转水泥资产及债务；完美世界获中国人寿资管等多家机构调研；远程电缆拟更名为睿康股份；三江购物、三毛派神、美都能源、常宝股份、千山药机、海天精工、*ST南化复牌。,,,,,0,0,0,2016-12-21 09:25,UC浏览器电脑版,,,
4055053361077285,En6bK4wfz,5888878328,股票分析-吴倩,其它：诺力股份资产重组获批；百利科技拟推员工持股计划；光大银行拟发行优先股募资不超过500亿；建设银行拟120亿元设立债转股业务公司；中国宝安52亿元投资锂电池项目；千山药机拟定增20亿元发展医疗项目；天邦股份20亿元投资生猪养殖精准扶贫项目；美盈森拟定增15.2亿元投入智慧型工厂；常宝股份拟9.9亿元收购医院资产；奥马电器2.2亿元收购乾坤好车49%股权；宋城演艺拟410万美元入股美VR公司，并投资1.6亿开展国内业务；皖通高速购买3000万元银行理财产品；长城电脑2000万成立智慧城市合资公司；渝三峡A定增购买饲料添加剂公司；金隅股份签订债转股合作协议；四川双马拟向子公司划转水泥资产及债务；完美世界获中国人寿资管等多家机构调研；远程电缆拟更名为睿康股份；三江购物、三毛派神、美都能源、常宝股份、千山药机、海天精工、*ST南化复牌。,,,,,0,0,0,2016-12-21 09:25,微博 weibo.com,,,
4055053339882537,En6bHFsTL,5139358285,股票分析-陈雪,其它：诺力股份资产重组获批；百利科技拟推员工持股计划；光大银行拟发行优先股募资不超过500亿；建设银行拟120亿元设立债转股业务公司；中国宝安52亿元投资锂电池项目；千山药机拟定增20亿元发展医疗项目；天邦股份20亿元投资生猪养殖精准扶贫项目；美盈森拟定增15.2亿元投入智慧型工厂；常宝股份拟9.9亿元收购医院资产；奥马电器2.2亿元收购乾坤好车49%股权；宋城演艺拟410万美元入股美VR公司，并投资1.6亿开展国内业务；皖通高速购买3000万元银行理财产品；长城电脑2000万成立智慧城市合资公司；渝三峡A定增购买饲料添加剂公司；金隅股份签订债转股合作协议；四川双马拟向子公司划转水泥资产及债务；完美世界获中国人寿资管等多家机构调研；远程电缆拟更名为睿康股份；三江购物、三毛派神、美都能源、常宝股份、千山药机、海天精工、*ST南化复牌。,,,,,0,0,0,2016-12-21 09:25,微博 weibo.com,,,
4055053310169282,En6bF0I2m,5137163759,股票分析-谭颖,其它：诺力股份资产重组获批；百利科技拟推员工持股计划；光大银行拟发行优先股募资不超过500亿；建设银行拟120亿元设立债转股业务公司；中国宝安52亿元投资锂电池项目；千山药机拟定增20亿元发展医疗项目；天邦股份20亿元投资生猪养殖精准扶贫项目；美盈森拟定增15.2亿元投入智慧型工厂；常宝股份拟9.9亿元收购医院资产；奥马电器2.2亿元收购乾坤好车49%股权；宋城演艺拟410万美元入股美VR公司，并投资1.6亿开展国内业务；皖通高速购买3000万元银行理财产品；长城电脑2000万成立智慧城市合资公司；渝三峡A定增购买饲料添加剂公司；金隅股份签订债转股合作协议；四川双马拟向子公司划转水泥资产及债务；完美世界获中国人寿资管等多家机构调研；远程电缆拟更名为睿康股份；三江购物、三毛派神、美都能源、常宝股份、千山药机、海天精工、*ST南化复牌。,,,,,0,0,0,2016-12-21 09:25,360安全浏览器,,,
4055053269072808,En6bAC4fC,5141933100,股票分析师-赵娜,其它：诺力股份资产重组获批；百利科技拟推员工持股计划；光大银行拟发行优先股募资不超过500亿；建设银行拟120亿元设立债转股业务公司；中国宝安52亿元投资锂电池项目；千山药机拟定增20亿元发展医疗项目；天邦股份20亿元投资生猪养殖精准扶贫项目；美盈森拟定增15.2亿元投入智慧型工厂；常宝股份拟9.9亿元收购医院资产；奥马电器2.2亿元收购乾坤好车49%股权；宋城演艺拟410万美元入股美VR公司，并投资1.6亿开展国内业务；皖通高速购买3000万元银行理财产品；长城电脑2000万成立智慧城市合资公司；渝三峡A定增购买饲料添加剂公司；金隅股份签订债转股合作协议；四川双马拟向子公司划转水泥资产及债务；完美世界获中国人寿资管等多家机构调研；远程电缆拟更名为睿康股份；三江购物、三毛派神、美都能源、常宝股份、千山药机、海天精工、*ST南化复牌。,,,,,0,0,0,2016-12-21 09:25,微博 weibo.com,,,
4055050450586308,En6732swA,6065615730,股票--樊,其它：诺力股份资产重组获批；百利科技拟推员工持股计划；光大银行拟发行优先股募资不超过500亿；建设银行拟120亿元设立债转股业务公司；中国宝安52亿元投资锂电池项目；千山药机拟定增20亿元发展医疗项目；天邦股份20亿元投资生猪养殖精准扶贫项目；美盈森拟定增15.2亿元投入智慧型工厂；常宝股份拟9.9亿元收购医院资产；奥马电器2.2亿元收购乾坤好车49%股权；宋城演艺拟410万美元入股美VR公司，并投资1.6亿开展国内业务；皖通高速购买3000万元银行理财产品；长城电脑2000万成立智慧城市合资公司；渝三峡A定增购买饲料添加剂公司；金隅股份签订债转股合作协议；四川双马拟向子公司划转水泥资产及债务；完美世界获中国人寿资管等多家机构调研；远程电缆拟更名为睿康股份；三江购物、三毛派神、美都能源、常宝股份、千山药机、海天精工、*ST南化复牌。,,,,,0,0,0,2016-12-21 09:13,微博 weibo.com,,,
4055050408581649,En66YA0tH,6060603520,股票--董,其它：诺力股份资产重组获批；百利科技拟推员工持股计划；光大银行拟发行优先股募资不超过500亿；建设银行拟120亿元设立债转股业务公司；中国宝安52亿元投资锂电池项目；千山药机拟定增20亿元发展医疗项目；天邦股份20亿元投资生猪养殖精准扶贫项目；美盈森拟定增15.2亿元投入智慧型工厂；常宝股份拟9.9亿元收购医院资产；奥马电器2.2亿元收购乾坤好车49%股权；宋城演艺拟410万美元入股美VR公司，并投资1.6亿开展国内业务；皖通高速购买3000万元银行理财产品；长城电脑2000万成立智慧城市合资公司；渝三峡A定增购买饲料添加剂公司；金隅股份签订债转股合作协议；四川双马拟向子公司划转水泥资产及债务；完美世界获中国人寿资管等多家机构调研；远程电缆拟更名为睿康股份；三江购物、三毛派神、美都能源、常宝股份、千山药机、海天精工、*ST南化复牌。,,,,,0,0,0,2016-12-21 09:13,微博 weibo.com,,,
4055050387027512,En66WtuaY,5137023104,股票黄金分析馨儿,其它：诺力股份资产重组获批；百利科技拟推员工持股计划；光大银行拟发行优先股募资不超过500亿；建设银行拟120亿元设立债转股业务公司；中国宝安52亿元投资锂电池项目；千山药机拟定增20亿元发展医疗项目；天邦股份20亿元投资生猪养殖精准扶贫项目；美盈森拟定增15.2亿元投入智慧型工厂；常宝股份拟9.9亿元收购医院资产；奥马电器2.2亿元收购乾坤好车49%股权；宋城演艺拟410万美元入股美VR公司，并投资1.6亿开展国内业务；皖通高速购买3000万元银行理财产品；长城电脑2000万成立智慧城市合资公司；渝三峡A定增购买饲料添加剂公司；金隅股份签订债转股合作协议；四川双马拟向子公司划转水泥资产及债务；完美世界获中国人寿资管等多家机构调研；远程电缆拟更名为睿康股份；三江购物、三毛派神、美都能源、常宝股份、千山药机、海天精工、*ST南化复牌。,,,,,0,0,0,2016-12-21 09:13,微博 weibo.com,,,
4055050358041205,En66TxJSR,5138994517,wuli小馨儿可爱哟,其它：诺力股份资产重组获批；百利科技拟推员工持股计划；光大银行拟发行优先股募资不超过500亿；建设银行拟120亿元设立债转股业务公司；中国宝安52亿元投资锂电池项目；千山药机拟定增20亿元发展医疗项目；天邦股份20亿元投资生猪养殖精准扶贫项目；美盈森拟定增15.2亿元投入智慧型工厂；常宝股份拟9.9亿元收购医院资产；奥马电器2.2亿元收购乾坤好车49%股权；宋城演艺拟410万美元入股美VR公司，并投资1.6亿开展国内业务；皖通高速购买3000万元银行理财产品；长城电脑2000万成立智慧城市合资公司；渝三峡A定增购买饲料添加剂公司；金隅股份签订债转股合作协议；四川双马拟向子公司划转水泥资产及债务；完美世界获中国人寿资管等多家机构调研；远程电缆拟更名为睿康股份；三江购物、三毛派神、美都能源、常宝股份、千山药机、海天精工、*ST南化复牌。,,,,,0,0,0,2016-12-21 09:13,微博 weibo.com,,,
4055050341240960,En66S5cPu,5941954686,股票--张,其它：诺力股份资产重组获批；百利科技拟推员工持股计划；光大银行拟发行优先股募资不超过500亿；建设银行拟120亿元设立债转股业务公司；中国宝安52亿元投资锂电池项目；千山药机拟定增20亿元发展医疗项目；天邦股份20亿元投资生猪养殖精准扶贫项目；美盈森拟定增15.2亿元投入智慧型工厂；常宝股份拟9.9亿元收购医院资产；奥马电器2.2亿元收购乾坤好车49%股权；宋城演艺拟410万美元入股美VR公司，并投资1.6亿开展国内业务；皖通高速购买3000万元银行理财产品；长城电脑2000万成立智慧城市合资公司；渝三峡A定增购买饲料添加剂公司；金隅股份签订债转股合作协议；四川双马拟向子公司划转水泥资产及债务；完美世界获中国人寿资管等多家机构调研；远程电缆拟更名为睿康股份；三江购物、三毛派神、美都能源、常宝股份、千山药机、海天精工、*ST南化复牌。,,,,,0,0,0,2016-12-21 09:13,微博 weibo.com,,,
4055050315642840,En66PnFXy,5136338660,股票--石,其它：诺力股份资产重组获批；百利科技拟推员工持股计划；光大银行拟发行优先股募资不超过500亿；建设银行拟120亿元设立债转股业务公司；中国宝安52亿元投资锂电池项目；千山药机拟定增20亿元发展医疗项目；天邦股份20亿元投资生猪养殖精准扶贫项目；美盈森拟定增15.2亿元投入智慧型工厂；常宝股份拟9.9亿元收购医院资产；奥马电器2.2亿元收购乾坤好车49%股权；宋城演艺拟410万美元入股美VR公司，并投资1.6亿开展国内业务；皖通高速购买3000万元银行理财产品；长城电脑2000万成立智慧城市合资公司；渝三峡A定增购买饲料添加剂公司；金隅股份签订债转股合作协议；四川双马拟向子公司划转水泥资产及债务；完美世界获中国人寿资管等多家机构调研；远程电缆拟更名为睿康股份；三江购物、三毛派神、美都能源、常宝股份、千山药机、海天精工、*ST南化复牌。,,,,,0,0,0,2016-12-21 09:13,微博 weibo.com,,,
4055050282315987,En66M9IuD,6057514402,萌萌穅_Orange,其它：诺力股份资产重组获批；百利科技拟推员工持股计划；光大银行拟发行优先股募资不超过500亿；建设银行拟120亿元设立债转股业务公司；中国宝安52亿元投资锂电池项目；千山药机拟定增20亿元发展医疗项目；天邦股份20亿元投资生猪养殖精准扶贫项目；美盈森拟定增15.2亿元投入智慧型工厂；常宝股份拟9.9亿元收购医院资产；奥马电器2.2亿元收购乾坤好车49%股权；宋城演艺拟410万美元入股美VR公司，并投资1.6亿开展国内业务；皖通高速购买3000万元银行理财产品；长城电脑2000万成立智慧城市合资公司；渝三峡A定增购买饲料添加剂公司；金隅股份签订债转股合作协议；四川双马拟向子公司划转水泥资产及债务；完美世界获中国人寿资管等多家机构调研；远程电缆拟更名为睿康股份；三江购物、三毛派神、美都能源、常宝股份、千山药机、海天精工、*ST南化复牌。,,,,,0,0,0,2016-12-21 09:13,微博 weibo.com,,,
4055050223169226,En66Gdisy,6057516075,投资指导-吴依蔓,其它：诺力股份资产重组获批；百利科技拟推员工持股计划；光大银行拟发行优先股募资不超过500亿；建设银行拟120亿元设立债转股业务公司；中国宝安52亿元投资锂电池项目；千山药机拟定增20亿元发展医疗项目；天邦股份20亿元投资生猪养殖精准扶贫项目；美盈森拟定增15.2亿元投入智慧型工厂；,,,,,0,0,0,2016-12-21 09:12,FaWave,,,
4055050223169454,En66Gdiwe,6036578433,股票刘亚亮,其它：诺力股份资产重组获批；百利科技拟推员工持股计划；光大银行拟发行优先股募资不超过500亿；建设银行拟120亿元设立债转股业务公司；中国宝安52亿元投资锂电池项目；千山药机拟定增20亿元发展医疗项目；天邦股份20亿元投资生猪养殖精准扶贫项目；美盈森拟定增15.2亿元投入智慧型工厂；,,,,,0,0,0,2016-12-21 09:12,FaWave,,,
4055050223526654,En66GeNrw,5890851618,股票普,其它：诺力股份资产重组获批；百利科技拟推员工持股计划；光大银行拟发行优先股募资不超过500亿；建设银行拟120亿元设立债转股业务公司；中国宝安52亿元投资锂电池项目；千山药机拟定增20亿元发展医疗项目；天邦股份20亿元投资生猪养殖精准扶贫项目；美盈森拟定增15.2亿元投入智慧型工厂；,,,,,0,0,0,2016-12-21 09:12,FaWave,,,
4055050224040385,En66GgX5v,6036494925,股票操盘笔记,其它：诺力股份资产重组获批；百利科技拟推员工持股计划；光大银行拟发行优先股募资不超过500亿；建设银行拟120亿元设立债转股业务公司；中国宝安52亿元投资锂电池项目；千山药机拟定增20亿元发展医疗项目；天邦股份20亿元投资生猪养殖精准扶贫项目；美盈森拟定增15.2亿元投入智慧型工厂；,,,,,0,0,0,2016-12-21 09:12,FaWave,,,
4055049732783918,En65TbGdU,5143458351,股票杨艳,其它：诺力股份资产重组获批；百利科技拟推员工持股计划；光大银行拟发行优先股募资不超过500亿；建设银行拟120亿元设立债转股业务公司；中国宝安52亿元投资锂电池项目；千山药机拟定增20亿元发展医疗项目；天邦股份20亿元投资生猪养殖精准扶贫项目；美盈森拟定增15.2亿元投入智慧型工厂；常宝股份拟9.9亿元收购医院资产；奥马电器2.2亿元收购乾坤好车49%股权；宋城演艺拟410万美元入股美VR公司，并投资1.6亿开展国内业务；皖通高速购买3000万元银行理财产品；长城电脑2000万成立智慧城市合资公司；渝三峡A定增购买饲料添加剂公司；金隅股份签订债转股合作协议；四川双马拟向子公司划转水泥资产及债务；完美世界获中国人寿资管等多家机构调研；远程电缆拟更名为睿康股份；三江购物、三毛派神、美都能源、常宝股份、千山药机、海天精工、*ST南化复牌。,,,,,0,0,0,2016-12-21 09:10,微博 weibo.com,,,
4055049715986952,En65Rp7tK,5140257363,股票阳,其它：诺力股份资产重组获批；百利科技拟推员工持股计划；光大银行拟发行优先股募资不超过500亿；建设银行拟120亿元设立债转股业务公司；中国宝安52亿元投资锂电池项目；千山药机拟定增20亿元发展医疗项目；天邦股份20亿元投资生猪养殖精准扶贫项目；美盈森拟定增15.2亿元投入智慧型工厂；常宝股份拟9.9亿元收购医院资产；奥马电器2.2亿元收购乾坤好车49%股权；宋城演艺拟410万美元入股美VR公司，并投资1.6亿开展国内业务；皖通高速购买3000万元银行理财产品；长城电脑2000万成立智慧城市合资公司；渝三峡A定增购买饲料添加剂公司；金隅股份签订债转股合作协议；四川双马拟向子公司划转水泥资产及债务；完美世界获中国人寿资管等多家机构调研；远程电缆拟更名为睿康股份；三江购物、三毛派神、美都能源、常宝股份、千山药机、海天精工、*ST南化复牌。,,,,,0,0,0,2016-12-21 09:10,微博 weibo.com,,,
4055049699838338,En65PFhoS,6065617653,股票指导范老师,其它：诺力股份资产重组获批；百利科技拟推员工持股计划；光大银行拟发行优先股募资不超过500亿；建设银行拟120亿元设立债转股业务公司；中国宝安52亿元投资锂电池项目；千山药机拟定增20亿元发展医疗项目；天邦股份20亿元投资生猪养殖精准扶贫项目；美盈森拟定增15.2亿元投入智慧型工厂；常宝股份拟9.9亿元收购医院资产；奥马电器2.2亿元收购乾坤好车49%股权；宋城演艺拟410万美元入股美VR公司，并投资1.6亿开展国内业务；皖通高速购买3000万元银行理财产品；长城电脑2000万成立智慧城市合资公司；渝三峡A定增购买饲料添加剂公司；金隅股份签订债转股合作协议；四川双马拟向子公司划转水泥资产及债务；完美世界获中国人寿资管等多家机构调研；远程电缆拟更名为睿康股份；三江购物、三毛派神、美都能源、常宝股份、千山药机、海天精工、*ST南化复牌。,,,,,0,0,0,2016-12-21 09:10,微博 weibo.com,,,
4055049653637242,En65Lfgdc,2450409225,股票指导贾小姐,其它：诺力股份资产重组获批；百利科技拟推员工持股计划；光大银行拟发行优先股募资不超过500亿；建设银行拟120亿元设立债转股业务公司；中国宝安52亿元投资锂电池项目；千山药机拟定增20亿元发展医疗项目；天邦股份20亿元投资生猪养殖精准扶贫项目；美盈森拟定增15.2亿元投入智慧型工厂；常宝股份拟9.9亿元收购医院资产；奥马电器2.2亿元收购乾坤好车49%股权；宋城演艺拟410万美元入股美VR公司，并投资1.6亿开展国内业务；皖通高速购买3000万元银行理财产品；长城电脑2000万成立智慧城市合资公司；渝三峡A定增购买饲料添加剂公司；金隅股份签订债转股合作协议；四川双马拟向子公司划转水泥资产及债务；完美世界获中国人寿资管等多家机构调研；远程电缆拟更名为睿康股份；三江购物、三毛派神、美都能源、常宝股份、千山药机、海天精工、*ST南化复牌。,,,,,0,0,0,2016-12-21 09:10,微博 weibo.com,,,
4055049636056057,En65Jppsl,6037045894,股票指导小云,其它：诺力股份资产重组获批；百利科技拟推员工持股计划；光大银行拟发行优先股募资不超过500亿；建设银行拟120亿元设立债转股业务公司；中国宝安52亿元投资锂电池项目；千山药机拟定增20亿元发展医疗项目；天邦股份20亿元投资生猪养殖精准扶贫项目；美盈森拟定增15.2亿元投入智慧型工厂；常宝股份拟9.9亿元收购医院资产；奥马电器2.2亿元收购乾坤好车49%股权；宋城演艺拟410万美元入股美VR公司，并投资1.6亿开展国内业务；皖通高速购买3000万元银行理财产品；长城电脑2000万成立智慧城市合资公司；渝三峡A定增购买饲料添加剂公司；金隅股份签订债转股合作协议；四川双马拟向子公司划转水泥资产及债务；完美世界获中国人寿资管等多家机构调研；远程电缆拟更名为睿康股份；三江购物、三毛派神、美都能源、常宝股份、千山药机、海天精工、*ST南化复牌。,,,,,0,0,0,2016-12-21 09:10,微博 weibo.com,,,
4055049615210510,En65HlRuu,5141861928,股票投资导师,其它：诺力股份资产重组获批；百利科技拟推员工持股计划；光大银行拟发行优先股募资不超过500亿；建设银行拟120亿元设立债转股业务公司；中国宝安52亿元投资锂电池项目；千山药机拟定增20亿元发展医疗项目；天邦股份20亿元投资生猪养殖精准扶贫项目；美盈森拟定增15.2亿元投入智慧型工厂；常宝股份拟9.9亿元收购医院资产；奥马电器2.2亿元收购乾坤好车49%股权；宋城演艺拟410万美元入股美VR公司，并投资1.6亿开展国内业务；皖通高速购买3000万元银行理财产品；长城电脑2000万成立智慧城市合资公司；渝三峡A定增购买饲料添加剂公司；金隅股份签订债转股合作协议；四川双马拟向子公司划转水泥资产及债务；完美世界获中国人寿资管等多家机构调研；远程电缆拟更名为睿康股份；三江购物、三毛派神、美都能源、常宝股份、千山药机、海天精工、*ST南化复牌。,,,,,0,0,0,2016-12-21 09:10,微博 weibo.com,,,
4055049590275360,En65F19Di,5136793580,股票分析白老师,其它：诺力股份资产重组获批；百利科技拟推员工持股计划；光大银行拟发行优先股募资不超过500亿；建设银行拟120亿元设立债转股业务公司；中国宝安52亿元投资锂电池项目；千山药机拟定增20亿元发展医疗项目；天邦股份20亿元投资生猪养殖精准扶贫项目；美盈森拟定增15.2亿元投入智慧型工厂；常宝股份拟9.9亿元收购医院资产；奥马电器2.2亿元收购乾坤好车49%股权；宋城演艺拟410万美元入股美VR公司，并投资1.6亿开展国内业务；皖通高速购买3000万元银行理财产品；长城电脑2000万成立智慧城市合资公司；渝三峡A定增购买饲料添加剂公司；金隅股份签订债转股合作协议；四川双马拟向子公司划转水泥资产及债务；完美世界获中国人寿资管等多家机构调研；远程电缆拟更名为睿康股份；三江购物、三毛派神、美都能源、常宝股份、千山药机、海天精工、*ST南化复牌。,,,,,0,0,0,2016-12-21 09:10,微博 weibo.com,,,
4055049368249756,En65iyC8A,5136910878,股票分析-严,其它：诺力股份资产重组获批；百利科技拟推员工持股计划；光大银行拟发行优先股募资不超过500亿；建设银行拟120亿元设立债转股业务公司；中国宝安52亿元投资锂电池项目；千山药机拟定增20亿元发展医疗项目；天邦股份20亿元投资生猪养殖精准扶贫项目；美盈森拟定增15.2亿元投入智慧型工厂；常宝股份拟9.9亿元收购医院资产；奥马电器2.2亿元收购乾坤好车49%股权；宋城演艺拟410万美元入股美VR公司，并投资1.6亿开展国内业务；皖通高速购买3000万元银行理财产品；长城电脑2000万成立智慧城市合资公司；渝三峡A定增购买饲料添加剂公司；金隅股份签订债转股合作协议；四川双马拟向子公司划转水泥资产及债务；完美世界获中国人寿资管等多家机构调研；远程电缆拟更名为睿康股份；三江购物、三毛派神、美都能源、常宝股份、千山药机、海天精工、*ST南化复牌。,,,,,0,0,0,2016-12-21 09:09,360安全浏览器,,,
4055049346997130,En65gtmgW,6060603430,霞丙媛牡,其它：诺力股份资产重组获批；百利科技拟推员工持股计划；光大银行拟发行优先股募资不超过500亿；建设银行拟120亿元设立债转股业务公司；中国宝安52亿元投资锂电池项目；千山药机拟定增20亿元发展医疗项目；天邦股份20亿元投资生猪养殖精准扶贫项目；美盈森拟定增15.2亿元投入智慧型工厂；常宝股份拟9.9亿元收购医院资产；奥马电器2.2亿元收购乾坤好车49%股权；宋城演艺拟410万美元入股美VR公司，并投资1.6亿开展国内业务；皖通高速购买3000万元银行理财产品；长城电脑2000万成立智慧城市合资公司；渝三峡A定增购买饲料添加剂公司；金隅股份签订债转股合作协议；四川双马拟向子公司划转水泥资产及债务；完美世界获中国人寿资管等多家机构调研；远程电缆拟更名为睿康股份；三江购物、三毛派神、美都能源、常宝股份、千山药机、海天精工、*ST南化复牌。,,,,,0,0,1,2016-12-21 09:09,微博 weibo.com,,,
4055049334649085,En65fjvrf,5143469414,投资咨询-崔老师,其它：诺力股份资产重组获批；百利科技拟推员工持股计划；光大银行拟发行优先股募资不超过500亿；建设银行拟120亿元设立债转股业务公司；中国宝安52亿元投资锂电池项目；千山药机拟定增20亿元发展医疗项目；天邦股份20亿元投资生猪养殖精准扶贫项目；美盈森拟定增15.2亿元投入智慧型工厂；常宝股份拟9.9亿元收购医院资产；奥马电器2.2亿元收购乾坤好车49%股权；宋城演艺拟410万美元入股美VR公司，并投资1.6亿开展国内业务；皖通高速购买3000万元银行理财产品；长城电脑2000万成立智慧城市合资公司；渝三峡A定增购买饲料添加剂公司；金隅股份签订债转股合作协议；四川双马拟向子公司划转水泥资产及债务；完美世界获中国人寿资管等多家机构调研；远程电缆拟更名为睿康股份；三江购物、三毛派神、美都能源、常宝股份、千山药机、海天精工、*ST南化复牌。,,,,,0,0,0,2016-12-21 09:09,微博 weibo.com,,,
4055049325996644,En65epa04,5139349762,股票-李,其它：诺力股份资产重组获批；百利科技拟推员工持股计划；光大银行拟发行优先股募资不超过500亿；建设银行拟120亿元设立债转股业务公司；中国宝安52亿元投资锂电池项目；千山药机拟定增20亿元发展医疗项目；天邦股份20亿元投资生猪养殖精准扶贫项目；美盈森拟定增15.2亿元投入智慧型工厂；常宝股份拟9.9亿元收购医院资产；奥马电器2.2亿元收购乾坤好车49%股权；宋城演艺拟410万美元入股美VR公司，并投资1.6亿开展国内业务；皖通高速购买3000万元银行理财产品；长城电脑2000万成立智慧城市合资公司；渝三峡A定增购买饲料添加剂公司；金隅股份签订债转股合作协议；四川双马拟向子公司划转水泥资产及债务；完美世界获中国人寿资管等多家机构调研；远程电缆拟更名为睿康股份；三江购物、三毛派神、美都能源、常宝股份、千山药机、海天精工、*ST南化复牌。,,,,,0,0,1,2016-12-21 09:09,微博 weibo.com,,,
4055049305243417,En65cm03f,5890078530,分析股票-孙,其它：诺力股份资产重组获批；百利科技拟推员工持股计划；光大银行拟发行优先股募资不超过500亿；建设银行拟120亿元设立债转股业务公司；中国宝安52亿元投资锂电池项目；千山药机拟定增20亿元发展医疗项目；天邦股份20亿元投资生猪养殖精准扶贫项目；美盈森拟定增15.2亿元投入智慧型工厂；常宝股份拟9.9亿元收购医院资产；奥马电器2.2亿元收购乾坤好车49%股权；宋城演艺拟410万美元入股美VR公司，并投资1.6亿开展国内业务；皖通高速购买3000万元银行理财产品；长城电脑2000万成立智慧城市合资公司；渝三峡A定增购买饲料添加剂公司；金隅股份签订债转股合作协议；四川双马拟向子公司划转水泥资产及债务；完美世界获中国人寿资管等多家机构调研；远程电缆拟更名为睿康股份；三江购物、三毛派神、美都能源、常宝股份、千山药机、海天精工、*ST南化复牌。,,,,,0,0,0,2016-12-21 09:09,微博 weibo.com,,,
4055046301320728,En60m5xA4,5802905784,短线股分析-小张,其它：诺力股份资产重组获批；百利科技拟推员工持股计划；光大银行拟发行优先股募资不超过500亿；建设银行拟120亿元设立债转股业务公司；中国宝安52亿元投资锂电池项目；千山药机拟定增20亿元发展医疗项目；天邦股份20亿元投资生猪养殖精准扶贫项目；美盈森拟定增15.2亿元投入智慧型工厂；常宝股份拟9.9亿元收购医院资产；奥马电器2.2亿元收购乾坤好车49%股权；宋城演艺拟410万美元入股美VR公司，并投资1.6亿开展国内业务；皖通高速购买3000万元银行理财产品；长城电脑2000万成立智慧城市合资公司；渝三峡A定增购买饲料添加剂公司；金隅股份签订债转股合作协议；四川双马拟向子公司划转水泥资产及债务；完美世界获中国人寿资管等多家机构调研；远程电缆拟更名为睿康股份；三江购物、三毛派神、美都能源、常宝股份、千山药机、海天精工、*ST南化复牌。,,,,,0,0,0,2016-12-21 08:57,微博 weibo.com,,,
