﻿id,bid,user_id,用户昵称,微博正文,头条文章url,发布位置,艾特用户,话题,转发数,评论数,点赞数,发布时间,发布工具,微博图片url,微博视频url,retweet_id
4443603218832411,IiijLB3If,2793654960,雪域高原上扶贫之路,今天，经西藏自治区市场监管局协调，西藏易明医药向我们两个县6个村群众爱心捐赠医用药品和棉被扶贫没有旁观者，你我都是践行人,,,,,0,0,0,2019-11-28 14:03,iPhone客户端,"['http://ww3.sinaimg.cn/large/a683cab0ly1g9dpvm3fvhj21400u0k4n.jpg', 'http://ww3.sinaimg.cn/large/a683cab0ly1g9dpvmps3zj21400u015l.jpg', 'http://ww4.sinaimg.cn/large/a683cab0ly1g9dpvnfmguj21400u0ala.jpg', 'http://ww1.sinaimg.cn/large/a683cab0ly1g9dpvl89bcj21400u0nak.jpg', 'http://ww3.sinaimg.cn/large/a683cab0ly1g9dpvo2ehij21400u012m.jpg', 'http://ww4.sinaimg.cn/large/a683cab0ly1g9dpvoo9gij21400u0k1k.jpg', 'http://ww3.sinaimg.cn/large/a683cab0ly1g9dpvphfpij21400u0n8h.jpg', 'http://ww4.sinaimg.cn/large/a683cab0ly1g9dpvq5maij21400u0al0.jpg']",,
4246032713849823,Gjjwjg9vV,3046730890,股坛大禹阳光,2018.6.1日股市早盘信息提示：1.今日新股申购（780990南京证券）2.利空公告（盛运环保：终止重大资产重组，长川科技、易明医药等遭股东大额减持）3.中央推进乡村振兴和产业扶贫农产品加工前景广阔.4.两融余额持续减少沪深缩减合计9830亿元，6月限售股解禁4204亿元环比增加四成.5.美联储加息预期强烈新兴经济体将迎加息潮.大盘方面（A股今日正式入MSCI新兴市场指数，银行、食品饮料、白酒、医药等行业占比最大成外资首选对象，沪指短期内上补缺口3120点附近有冲高回落预期，下方重要支撑3041及3016点，各大指数方面延续弱势震荡整理，权重蓝筹股行情反复震荡延续，勿追高控制仓位）仅供参考,,北京·崔各庄地区,,,0,0,0,2018-06-01 09:29,iPhone 6s Plus,,,
4219761287955787,G8i52xnF9,1272611652,新东方股吧,说到次新分享一个总结，扶贫地区的次新成妖的概率大，最近几个月贵州这边贵州燃气、永吉股份、泰永长征，西藏那边现在有万兴科技，前面有易明医药和卫信康。（天天骑牛）,,,,,0,0,0,2018-03-20 21:35,HUAWEI Mate 8,,,
4079691905643306,Exr9knG54,5386348290,智者实战,"随着去年底IPO发行批文加速，及IPO扶贫、西藏或新疆“VIP”绿色通道的政策支持，最快一个IPO项目从申报到发行只花了6个月,过会到发行仅等了2个星期.安徽集友新材是首个成功上市IPO扶贫项目，注册地安徽省安庆市太湖经济开发区，为国家级贫困县地区企业。来自西藏的易明医药和高争民爆从申报到上市的时间也不到一年。",,,,,0,0,0,2017-02-27 09:10,微博 weibo.com,,,
4074666513889391,EvkpRgjO7,1739963892,手机股评网,刚才翻了一下新股，银行类新股我觉得已经高潮，后排的没必要去了，刚才说到真正转机是万里马，那么我们预判万里马为明天龙头，那么我觉得和万里马同批的天马科技等可能下午会跟上，然后再结合易明医药这类扶贫类新股，那么德新交运和高争民爆也可能机会，至于现在涨幅居前的一些前面趋势不错的股，如300580、300586、300587、002836、002837、002838这些下午也可能继续走强，但这类趋势股我更偏向低吸。,,,,,0,0,1,2017-02-13 12:21,微博 weibo.com,,,
4061834598217070,EpWBdytDo,1078455753,xhy8860,扶贫股易明医药应收账款飙涨海通证券定价11.2-12.8_手机网易网（来自@手机百度）O扶贫股易明医药应收账款飙涨海通证券定价11.2-12.8,,,手机百度,,0,0,0,2017-01-09 02:31,百度App,['http://ww4.sinaimg.cn/large/4047edc9jw1fbjsddqjgrj20l415ngq3.jpg'],,
4060840799854782,EpwKjFlG6,1594987341,股民老张投资咨询中心,发表了博文《IPO扶贫插队对市场的影响》　　英雄互娱落户延安，摆好了插队IPO的姿势。西藏易明西雅医药科技、西藏高争民爆只用9、10个月就成功插队上市，引发扶贫插队IPO的热潮。去年我在一财节目中说过OIPO扶贫插队对市场的影响,,,,,0,0,1,2017-01-06 08:42,新浪博客,,,
4058177420855348,Eopsy3AvW,1654967992,琳距离bubu,7.27元发行的易明医药14板后低开破板，第二只发行的西藏扶贫概念股，公司主营化学药和中成药，毛利率69％，三年来2000万净利润增长到5000万，今年业绩还将增长20％，高争民爆跟随者，题材想象力一般，22-25元有一定安全性#次新股该怎么做#易明医药sz002826,,,,次新股该怎么做,2,2,0,2016-12-30 00:19,微博股票,['http://ww1.sinaimg.cn/large/62a4ceb8gw1fb84cdlp61j204j04jglj.jpg'],,
4057368536365814,Eo4pTqI2q,6016078576,梦想分外蓝z,发表了博文《“扶贫”新政第一股—西藏高争民爆（002827）易明医药（002826）》截止到12月20日，新三板上的企业有的从北京到西藏，从上海到西藏，从重庆到西藏。近来，恒信玺利、天阳科技、金润科技O“扶贫”新政第一股—西藏高争民爆（002827）易明医药（002826）,,,,,0,0,0,2016-12-27 18:45,新浪博客,,,
4054420469795791,EmPIWF6kD,2395622851,牛股Plus,"#“IPO扶贫”推出3月24家新三板公司迁址贫困县#创业板指数399006#12月9日，来自西藏的高争民爆(21.000,1.91,10.01%)、易明医药(15.470,1.41,10.03%)在深交所敲钟上市，登陆中小板，同时成为沪深两市第3000家上市公司。两家企业从向证监会申报IPO到拿到发行批文，用时均不超过1年，远超同期上市企业IPO获批速度。",,,,“IPO扶贫”推出3月 24家新三板公司迁址贫困县,0,0,5,2016-12-19 15:30,搜狗高速浏览器,,,
4054366077690845,EmOjdwgJT,1660840717,美术色彩,【“IPO扶贫”推出3月24家新三板公司迁址贫困县】　　12月9日，来自西藏的高争民爆、易明医药在深交所敲钟上市，登陆中小板，同时成为沪深两市第3000家上市公司。O网页链接,,,,,0,0,0,2016-12-19 11:54,微博头条发布端,,,
4052866076786720,EmbhRstxe,5907231203,投资顾问---王亚飞,投资顾问-王亚飞【观点】　近期市场上除了保险监管提的较多之外，另一个话题就是IPO扶贫了。有了高争民爆和易明医药的先例，全国范围内尤其是新三板和排队时间较长的候审企业，都想迁址贫困区，西...　直播地址：O网页链接【来自悟空说直播】O网页链接,,,,,0,0,0,2016-12-15 08:33,分享按钮,,,
4052527194283066,Em2thhYdI,5047542505,波段王-欧阳,【两西藏公司享IPO绿色通道审核标准未降低】近期，两家西藏企业享受了证监会对扶贫地区的IPO优惠政策完成首发上市。从核准时间看，西藏高争民爆和易明医药较其他企业核准周期较短，体现了证监会对西藏经济社会发展的支持。但两家公司仍履行了完整的受理、反馈、初审、发审程序，在审核环节上没有简化，在审核标准方面没有降低。,,,,,0,0,0,2016-12-14 10:07,360安全浏览器,,,
4052511780173333,Em24q0J5H,1662611853,高尔夫日记golfbook,【两西藏公司享IPO绿色通道审核标准未降低】近期，两家西藏企业享受了证监会对扶贫地区的IPO优惠政策完成首发上市。从核准时间看，西藏高争民爆和易明医药较其他企业核准周期较短，体现了证监会对西藏经济社O网页链接,,,,,0,0,0,2016-12-14 09:06,微博头条发布端,,,
4052508030388155,Em1Yn1CYz,3896902160,-股哥,早盘消息：近期，两家西藏企业享受了证监会对扶贫地区的IPO优惠政策完成首发上市。从核准时间看，西藏高争民爆和易明医药较其他企业核准周期较短，体现了证监会对西藏经济社会发展的支持。但两家公司仍履行了完整的受理、反馈、初审、发审程序，在审核环节上没有简化，在审核标准方面没有降低。,,,,,0,0,0,2016-12-14 08:51,搜狗高速浏览器,,,
4052499470380047,Em1Kz1ARN,5388334072,股票视野APP,【两西藏公司享IPO绿色通道审核标准未降低】近期，两家西藏企业享受了证监会对扶贫地区的IPO优惠政策完成首发上市。从核准时间看，西藏高争民爆和易明医药较其他企业核准周期较短，体现了证监会对西藏经济社会发展的支持。但两家公司仍履行了完整的受理、反馈、初审、发审程序，在审核环节上没有简化，在审核标准方面没有降低。,,,,,0,0,0,2016-12-14 08:17,iPhone 6,,,
4052488258812330,Em1stAYum,1664176597,证券时报网,【两西藏公司享IPO绿色通道审核标准未降低】近期，两家西藏企业享受了证监会对扶贫地区的IPO优惠政策完成首发上市。从核准时间看，西藏高争民爆和易明医药较其他企业核准周期较短，体现了证监会对西藏经济社会发展的支持。但两家公司仍履行了完整的受理、反馈、初审、发审程序，在审核环节上没有简化，在审核标准方面没有降低。O两西藏公司享IPO绿色通道审核标准未降低,,,,,6,11,5,2016-12-14 07:32,搜狗高速浏览器,,,
4052475746953771,Em18itaZB,2283247030,股票留几手,两西藏公司享IPO绿色通道审核标准未降低近期，两家西藏企业享受了证监会对扶贫地区的IPO优惠政策完成首发上市。从核准时间看，西藏高争民爆和易明医药较其他企业核准周期较短，体现了证监会对西藏...O网页链接,,,,,0,1,3,2016-12-14 06:42,投资脉搏,,,
4051483530131893,ElBjX0yjj,5679418417,土地调研网,"西藏高争民爆、易明西雅医药科技两家企业9日在深交所上市交易。这是今年证监会发布资本市场支持扶贫攻坚的新措施以来,国内最先上市的两家国家贫困地区企业。至此,西藏上市企业达到15家。　　据了解,高争民爆成立于2007年6月,注册地位于拉萨市城关区,注册资本为1.38亿元,...",,,,,0,0,0,2016-12-11 13:00,皮皮时光机,['http://ww2.sinaimg.cn/large/006cmgaRjw1famrkfvjcdj30c8153jwu.jpg'],,
4051453422925477,ElAxoch37,2649363891,朗正投资,【上市事件：目瞪口呆！公司迁址贫困县后这两家西藏公司走上了“VIP通道”火速敲钟上市】9日，两家西藏企业同时敲响了深交所中小板的上市钟，一家是为被誉为“扶贫”新政第一股——西藏高争民爆(002827)，另一家是西藏易明医药(002826)。而这两股又同时成为两市的第3000只....O网页链接,,,,,0,0,0,2016-12-11 11:00,360安全浏览器,['http://ww4.sinaimg.cn/large/9dea15b3jw1famo3x1mb5j20f507waaq.jpg'],,
4051218508971219,EluquBDP5,5883677894,券商中国,"昨日，两家西藏企业同时敲响了深交所中小板的上市钟，一家是为被誉为“扶贫”新政第一股——西藏高争民爆（002827），另一家是西藏易明医药（002826）。而这两股又同时成为两市的第3000只股。O2家西藏公司今天敲钟上市:围观他们如何快速通过IPO""VIP通道""",,,,,0,0,2,2016-12-10 19:27,微博 weibo.com,,,
4050911485446159,ElmrimQNh,3037284894,经济日报,【A股上市公司突破3000家西藏两企IPO扶贫新政后率先上市】9日，如通股份、易明医药、高争民爆在沪深交易所挂牌，A股上市公司突破3000家，年产值30万亿元。其中，易明医药、高争民爆是今年证监会发布资本市场支持扶贫攻坚的新措施以来，国内最先上市的两家国家贫困地区企业。O网页链接,,,,,2,1,3,2016-12-09 23:07,360安全浏览器,['http://ww3.sinaimg.cn/large/b5094a1ejw1fakxv7xojqj208t05z3yg.jpg'],,
4050879886060031,EllCkpqur,69869386,南宫牟,【IPO扶贫新政开花结果西藏两家企业率先上市】原标题：IPO扶贫新政开花结果西藏两家企业率先上市新华社拉萨12月9日电（记者王军）西藏高争民爆、易明西雅医药科技两家企业9日在深交所上市交易。OIPO扶贫新政开花结果西藏两家企业率先上市,,,,,0,0,0,2016-12-09 21:01,微博头条发布端,,,
4050879822989975,EllCecxPp,1760271280,SO私爱,【IPO扶贫新政开花结果西藏两家企业率先上市】原标题：IPO扶贫新政开花结果西藏两家企业率先上市新华社拉萨12月9日电（记者王军）西藏高争民爆、易明西雅医药科技两家企业9日在深交所上市交易。OIPO扶贫新政开花结果西藏两家企业率先上市,,,,,0,0,0,2016-12-09 21:01,微博头条发布端,,,
4050879701796639,EllC27xo3,1755313755,凤摄影东_595,【IPO扶贫新政开花结果西藏两家企业率先上市】原标题：IPO扶贫新政开花结果西藏两家企业率先上市新华社拉萨12月9日电（记者王军）西藏高争民爆、易明西雅医药科技两家企业9日在深交所上市交易。OIPO扶贫新政开花结果西藏两家企业率先上市,,,,,0,0,0,2016-12-09 21:00,微博头条发布端,,,
4050698670915639,ElgU33Qcn,216987119,时间之美,【扶贫股易明医药应收账款飙涨海通证券定价11.2-12.8元】O网页链接,,,,,0,0,0,2016-12-09 09:01,微博头条发布端,,,
4050698666979527,ElgU2thH1,1760556792,平安一账通_nom,【扶贫股易明医药应收账款飙涨海通证券定价11.2-12.8元】　　11月22日，西藏易明西雅医药科技股份有限公司(以下称“易明医药”，股票代码002826)在深交所进行了上市申购，保荐机构为华西证券O网页链接,,,,,0,0,0,2016-12-09 09:01,微博头条发布端,,,
4049649172009258,EkPBj8qHo,3469375652,令狐冲asun,某环保企业（新三板挂牌，6家券商做市）拟IPO项目，标的企业注册在贫困县，明年完成纳税2000万目标报证监会扶贫绿色通道（一般报会到发行10个月左右，参考刚刚上市的高争民爆、易明医药）。项目预期4年内退出，标的企业今年净利润预计3500万，未来两年业绩对赌6000万、1亿元，未达到大股东10%年利回购。某上市公司将同步参与本轮投资，并有收购意向，未来如果IPO失败可协调收购。详细情况可私我，近期发行！(300万起投),,,,,0,2,1,2016-12-06 11:31,微博 weibo.com,,,
