﻿id,bid,user_id,用户昵称,微博正文,头条文章url,发布位置,艾特用户,话题,转发数,评论数,点赞数,发布时间,发布工具,微博图片url,微博视频url,retweet_id
4550526278566145,JlcpZzWrD,7453380639,临泽融媒,近年来，临泽县鸭暖镇坚持以实施乡村振兴战略为总揽，按照“多业兴镇、一村一品”发展思路，着力构建“三带两区一园”产业格局，有力推动产业转型升级。打好特色产业牌。围绕四大“井”字形廊道建设机遇，打造临平路乡村振兴示范带，聚焦农业现代化和农民持续增收目标，加快产业结构调整优化，以两个全覆盖为牵引持续发力，稳定发展天润汇丰脱水蔬菜订单农业，集中流转土地2000亩，打造曹庄加工蔬菜标准化种植基地1个。充分发挥全国农产品质量安全县“金字招牌”示范作用，以金桥、百惠、金地富民等专业合作社为引领，建立扶贫种植基地2个，采取“企业+基地+农户”的经营模式，辐射带动华强、白寨、小屯、曹庄、古寨发展高原夏菜、设施蔬菜2000亩，小蔬菜制种5800亩，逐步形成了以玉米制种为主导、以小蔬菜制种、蔬菜加工、设施蔬菜、高原夏菜为支撑的产业格局，走出了一条“一业主导、多元富民”的路子。做活富锶水文章。依托全县水系连通、双泉湖湿地公园项目建设机遇，深入挖掘小屯五眼渠流域丰富水资源优势，以“锶”为核心元素，做活富锶水文章，规划建设以富锶农作物种植、富锶生态养殖、富锶工业产品研发、富锶康养度假为主体的五个泉高锶产业园，力争3-5年将小屯片打造成为集水产养殖、亲水旅游、农产品开发、土地开发（流转）于一体的综合开发区和集高端农产品、保健食品、高锶矿泉水及饮料产业综合体。目前，以小屯、华强为中心流转土地3000亩，建成以小杂粮为主的富锶农作物种植基地1个；创新“以鱼改碱”盐碱地改良及水资源开发利用模式，大力发展特色富锶水产养殖，建成古寨、白寨水产养殖基地2个，发展古寨螃蟹养殖200亩，白寨、曹庄冷水鱼养殖60多亩。下好生态治理棋。牢固树立“绿水青山就是金山银山”理念，聚焦省市县委十大生态产业规划，大力发展绿色经济、通道经济。依托常青林场，在古寨西沙窝实施生态防风固沙工程，建成防风林带13公里，集中打造苗木繁育基地1个，种植以海棠、金叶榆为主的特色苗木5000亩，发展肉苁蓉、酸枣等林下经济1500亩，实现社会、经济、生态三赢叠加。立足“丹霞看完游乡村”发展规划，以临平路改造升级为契机，规划建设以乔灌木共生为主的特色绿化带，着力打造上接丹霞景区，下连黑河湿地的生态景观大廊道。（张文清  张之成）,,,,,0,0,0,2020-09-18 15:17,微博 weibo.com,"['http://ww2.sinaimg.cn/large/0088pCMLly1giutu2lfs3j30m80et7dj.jpg', 'http://ww3.sinaimg.cn/large/0088pCMLly1giutu2mm8xj30m80etgvl.jpg', 'http://ww3.sinaimg.cn/large/0088pCMLly1giutu2mnbej30m80et48j.jpg']",,
4427976710131276,IbJNJ0y9m,6293931639,广东供销社,"青海省供销社主任朱小青一行来粤调研交流　　10月8日至10日，青海省供销合作社联合社党组书记、理事会主任朱小青及党组成员、理事会副主任、青海供销集团董事长白建生一行到我社就综合改革发展、推进“两个体系”建设、社有企业经营管理和创新发展的做法和经验等方面工作进行调研交流。省社党组书记、理事会主任叶梅芬与朱小青一行交流座谈，一级巡视员陈栋参加座谈会并陪同到天润公司四会粮食产业园、天业公司佛山冷库及东莞市社等地调研。　　座谈会上，叶梅芬对朱小青一行的来访表示热烈欢迎。她表示，供销社系统在实施乡村振兴战略中，迎来了很好的发展机遇。要结合供销社自身实际，牢记“为农、务农、姓农”的服务宗旨,更好地服务“三农”工作、乡村振兴和粤港澳大湾区建设。我社为促进扶贫协作地区产品生产与粤港澳大湾区大市场对接，发起建立东西部扶贫协作供销联盟，旨在发挥供销社系统“供销一张网、产销一条龙、线上线下一体化”独特优势，希望以此为平台，深化双方交流合作。　　朱小青向大家简要介绍了青海省供销社系统的有关情况。他表示，青海省供销社目前呈现持续发展态势，希望下一步双方能在综合改革和体系建设、社有企业管理与经营及青海、广东两地开展农需产品展销活动等方面加强交流与合作。　　省社办公室、科技工业处、天禾股份公司、天润粮油集团、天业冷链集团有关同志参加调研交流活动。",,,,,0,0,0,2019-10-16 11:09,微博 weibo.com,,,
4387881457551424,HASchvGta,3676933525,新疆米泉大米,第八届新疆品牌节在乌鲁木齐国际会展中心召开米泉大米荣耀出席金色稻谷新疆米泉贡米今天6月20日，第八届新疆品牌节在乌鲁木齐国际会展中心召开。此次活动的目的是大力宣传知名自主品牌，讲好品牌故事，提高自主品牌影响力和认知度，以品牌的名义扶持越来越多的新疆企业走向世界。活动由新疆维吾尔自治区工业和信息化厅、新疆生产建设兵团工业和信息化局、中国商业联合会零售供货商专业委员会、新疆老科技工作者协会、新华网、新疆区域品牌经济发展促进会、企业家日报社、品牌新疆网联合主办，新疆盛世新谱品牌管理有限公司、中报九洲融媒体发展股份有限公司承办。本届品牌节由丝路礼物·丝路乐购商城特别协办，此次活动以“传承与奋进·创新疆名片”为主题，深入展示为新疆品牌高质量发展做出突出贡献的自主品牌，宣传推介新疆名片。新疆品牌节，一次展示新疆品牌形象的节日，一次推进新疆品牌国际化的节日，一次新疆品牌人自己的节日。历经七载洗礼，已经成为新疆高规格、大规模的年度品牌盛会，新疆品牌节自启动以来，连续七届登陆新疆《新闻联播》，全国主流媒体关注报道，受众人群超过千万，得到社会各界的关注，是全面宣传展示新疆自主品牌的综合平台。品牌节组委会组织召开了米全大米·新疆农业行业发展论坛、天润乳业·新疆乳制品行业发展论坛、庆祝第四个中国追溯日·中国追溯产业发展论坛，探讨如何更好打造新疆品牌走向世界。会议进行了中国小产区认证与保护试验示范基地的发布，荣获殊荣的企业有：新疆米全粮油购销有限公司、新疆黑果枸杞生物科技有限公司、和田昆仑山枣业股份有限公司、新疆广海记农业科技发展有限公司。现场颁发了新疆名片代言人网络人气奖、“我心中的新疆名片”网络投票人气奖、我为新疆品牌代言公益活动·入围奖等奖项。经组委会综合测评，荣获第八届新疆品牌节最佳合作伙伴的企业有：新疆乡都酒业有限公司、新疆小白杨酒业有限公司、新疆米全粮油购销有限公司、和田昆仑山枣业股份有限公司、布尔津县喀纳斯润丰食品有限公司、新疆润绿地农业开发有限公司、新疆七一酱园酿造有限公司、新疆天润乳业股份有限公司、新疆黑果枸杞生物科技有限公司、新疆广海记农业科技发展有限公司、伊犁圣玛依拉薰衣草制品有限公司、阿勒泰地区冰泉农牧科技有限公司、新疆千里行若石健康技术发展有限公司、新疆润绿地农业开发有限公司、新疆德康天佑大果沙棘生物科技有限公司、新疆金冠园生态农业科技股份有限公司、新疆居新展农业工程有限公司、有赞新疆商盟、易企秀•秀推、做事社·中小微企业服务平台、江苏永达高铁传媒有限公司、新疆华途威物联网科技有限公司、新疆工程学院。第八届新疆品牌节坚持“品牌让新疆更受尊敬”的宗旨，传承中华民族不屈不挠、自强不息、开拓进取的精神，延续长征精神、延安精神，弘扬新疆精神，总结经验、奋进向前，实施品牌强国战略目标，创新疆名片，树新疆品牌标杆，完成品牌扶贫、品牌兴疆的品牌发展使命，让新疆的品牌向高质量，高标准迈进。更好的服务新疆经济发展和社会发展，更好的服务于社会稳定和长治久安新疆工作总目标。是新疆各界庆祝“5.10中国品牌日”设立2周年的重要活动，更是新疆品牌企业为中华人民共和国70华诞的献礼。,,,,,0,1,10,2019-06-27 19:45,专业版微博,,,
4222930727026387,G9Cx2ttSP,1964019595,濮阳同城会,#濮阳身边事#【重磅！濮阳这个地方“撤乡设镇”，已正式揭牌！】清丰县韩村镇正式挂牌：近日，清丰县韩村乡举行撤乡建镇揭牌仪式，这标志着该镇进入了新的发展机遇期。2017年12月，省民政厅正式批复韩村乡撤乡建镇。该镇毗邻城区，省道302线横穿东西，大广高速纵贯南北，是我市向西发展的桥头堡。近年来，该镇按照农业强乡、产业带乡、招商活乡的发展思路，以打造生态农业旅游乡为中心，发展高效特色农业。2017年，该镇共接待游客22万人次，实现旅游综合收入7000余万元；强力招商引资，引进了一批投资亿元以上的项目，经济社会发展取得全面进步。韩村镇相关负责同志表示，今后该镇将全力对接清丰县“六区并进”战略规划，立足农民增收，注重绿色健康，以现代农业为重点，发展生态涵养区；紧抓市城区开州路北延、引黄入冀补淀工程、阳子国家生态公园建设等机遇，让生态资源和地缘优势转化为发展的强劲优势，将该镇打造成集观光旅游、采摘体验、休闲度假于一体的绿色生态涵养区。韩村乡简介：韩村乡位于清丰县西部，西与内黄县交界，南距市区20公里，东距县城6公里，省道302线横贯东西，阳子线纵贯南北，大广高速上下道口位于韩村乡域之内，区位优势明显，交通条件便利。下辖34个行政村，44个自然村，人口3.9万人，耕地4.2万亩，总面积50.4平方公里。近年来，韩村乡党委、政府在县委县政府的正确领导下，以打造“生态农业旅游乡”为目标，以“优势工作打造品牌，亮点工作突出特色，重点工作加速推进，其它工作晋位升级”为思路，以“实干、创新、和谐、见效”为要求，着力抓好招商引资，着力推进项目建设，着力改善民生，着力维护社会稳定，有力促进了全乡经济社会平稳协调发展。2017年，全乡国民生产总值完成93516万元，固定资产投资完成164298万元，规模以上工业增加值完成47000万元，财政收入完成304万元，圆满完成年初目标任务。小城镇建设明显改观。一是亮化美化集镇。韩村集高标准完成下水道建设4000米，高压线入地2000米，几通入地4850米，强弱电入地20000米、天然气管道铺设4200米、饮水管道铺设4300米，拓宽路面20000平方米，粉刷建筑立面60000余平方米，铺设马路砖20000平方米，架设路灯200盏，统一更换门面房牌匾3900平方米；人行道统一安装护栏。二是建设文化广场。投资50余万，在韩村集建设文化站300余平方米，配置电脑、图书等，建设文化广场4000余平方米，配置健身娱乐设施；三是建立农村卫生长效机制。全乡34个村庄环境卫生工作全部移交北京环卫集团，建设垃圾中转站1座，配备垃圾运送车辆4台，环卫工人60余人。彻底解决农村垃圾问题，村容村貌大幅提升。重点项目稳步推进。一是完成清丰县第二垃圾场征地工作。清丰县第二垃圾场建设项目是2015年县委县政府重点工作之一，乡党委、政府高度重视，抽调精干人员，克难攻坚，说服群众，完成征地200余亩，涉及4个行政村，农户100余户；二是协助引黄入冀补淀工程建设。坚持公平、公正、公开的原则，准确丈量，及时发放补偿款，顺利完成引黄入冀补淀工程河道清障工作；2017年，征地140余亩，积极推进引黄入冀补淀工程观光路项目建设；三是协调孟村、吕家楼等5个行政村土地征用工作，推进“南水北调”饮水项目实施。招商引资形势喜人。一是北京天润集团投资10亿元，实施风力发电项目，建设风机50座，升压站1座，2016年开始发电运营；二是投资1亿元的尚邦印象家具项目，目前已建设完成，正式投产；三是投资2.5亿元的苏艺木饰家具项目，落户产业集聚区，正在建设中；四是投资1.3亿元的顿丘农庄提升项目，目前已完成土地流转300亩；五是投资1亿元的香港迈斯顿家具项目已入驻产业集聚区。脱贫攻坚成效明显。深入学习贯彻省、市、县脱贫攻坚推进会议精神，严格按照上级部署，多次召开脱贫攻坚推进会和档卡整改工作会，确保“精准扶贫、精准脱贫”。成功迎接省、市、县扶贫督导组检查，受到上级部门的肯定和认可。积极发挥勾韩村、杨韩村、西刘庄3个扶贫就业点的作用，大力实施“党建+扶贫+食用菌”工程，全乡全年脱贫153户593人。环保攻坚初显成效。一是“小散乱污”企业整治扎实有序开展，严格按照上级部署，对辖区内“小散乱污”企业开展拉网式排查，坚决执行“两断三清”标准，共计整改68家，拆除30家；二是大气污染防治常抓不懈，乡党委多次召开专题会议，安排部署大气污染防治工作，以扬尘治理、环境卫生整治、散煤管控、秋冬季防火等为重点，开展整治行动；三是“双替代”工作扎实开展，结合韩村实际，11个行政村整村推进“双替代”。先后被授予“省级生态乡”、“省级文明乡镇”、“省级卫生先进单位”等荣誉称号。2017年12月撤乡建镇工作已通过省政府专家组评审。信息来自濮阳全攻略,,,,濮阳身边事,1,1,1,2018-03-29 15:30,微博 weibo.com,"['http://ww2.sinaimg.cn/large/75108f8bly1fptpzq7vq1j20lv0g2di2.jpg', 'http://ww4.sinaimg.cn/large/75108f8bly1fptpzr5gcmj20rq0m0wiu.jpg', 'http://ww2.sinaimg.cn/large/75108f8bly1fptpzryliyj20uy110wlr.jpg', 'http://ww2.sinaimg.cn/large/75108f8bly1fptpzsdvltj20zb0mq7e2.jpg']",,
