﻿id,bid,user_id,用户昵称,微博正文,头条文章url,发布位置,艾特用户,话题,转发数,评论数,点赞数,发布时间,发布工具,微博图片url,微博视频url,retweet_id
4455232240617276,InaQg2AA4,7003497906,中国医药报,【贵州省药监局第七党支部携手爱心企业开展扶贫捐赠活动】12月19日，贵州省药监局机关第七党支部携手爱心企业（贵州新天药业股份有限公司）来到松桃县迓驾镇马安村开展扶贫捐赠活动，助力该村脱贫攻坚事业。在马安村，支部及爱心企业向驻村第一书记了解了该村基本情况、帮扶措施、基础设施建设和产业发展状况，实地查看了天赐湖水产养殖、经果林种植等产业发展情况，听取了该村今年开展脱贫摘帽工作的汇报。随后，双方组织了简短的捐赠活动，爱心企业向马安村捐赠了4万元驻村工作经费，赠送了3.6万元的常用药品。该企业质量总监安万学表示，回馈社会、关爱社会是企业应尽的职责，参与脱贫攻坚是企业义不容辞的责任，今后企业还将继续做好扶贫济困，为打赢脱贫攻坚战尽一份力。同时，机关第七党支部书记还走访慰问了困难群众。据悉，马安村是贵州省药监局的同步小康帮扶村，于2017年脱贫出列，是全国乡村旅游扶贫重点村，该村党支部被评为2018年全省脱贫攻坚先进党组织。,,,,,0,0,0,2019-12-30 16:13,微博 weibo.com,,,
4451519308527144,IlCfEzMiA,6899938800,贵阳新天药业,【点亮希望，我们一直在路上】2019年12月18日，我公司代表参加中国证监会贵州监管局组织的调研组，赴黔东南州从江县进行扶贫工作调研。在进行了实地调研后，新天药业作为一家具有较强社会责任感的上市公司，为从江县下江镇秋新村送去了5万元的扶贫资助资金。希望我们的善举能为困难户解决一些实实在在的问题，望他们的生活越来越好，早日脱贫致富。,,,,,0,0,0,2019-12-20 10:19,微博 weibo.com,"['http://ww1.sinaimg.cn/large/007wXrhugy1ga2z1ekmpaj30z90qfkjl.jpg', 'http://ww2.sinaimg.cn/large/007wXrhugy1ga2z1bwkkej31400u0dky.jpg']",,
4359817101181716,Hp67c4XpW,5213230270,股市涨停风云,个股利好：信息发展拟10转7派0.3；盛通股份拟10转7；江阴银行拟10送2派0.5；洪汇新材拟10派10；穗恒运A、盈峰环境、岭南控股、丰乐种业一季报大幅预增；深深房A一季报扭亏为盈；中国铁建中标逾30亿元工程项目；大商股份签订16.5亿元总承包工程合同；海陆重工中标1.7亿元光伏扶贫电站建设项目；绿茵生态中标1.12亿元合同；金智科技中标6313万元模块化变电站项目。个股利空：一汽夏利、深南电A、西安饮食、友迅达一季报预亏；苏常柴A、英力特、金盾股份、翰宇药业、戴维医疗、宝莱特一季报预降；昂立教育年报预亏；音飞储存终止收购南京华德100%股权；海越能源存在重大会计差错更正，被出具警示函；刚泰控股、神雾节能将被ST；三七互娱、申通快递、飞乐音响、赫美集团、ST新梅股东减持；广汽集团、诚迈科技、鄂武商A、凤形股份、合力泰、新天药业、星网锐捷、建科院、天成自控、奥联电子、天泽信息、永安药业、欧浦智网、精研科技股东拟减持。,,,,,0,0,0,2019-04-11 09:07,360安全浏览器,,,
4359813863404754,Hp61YehJo,2177211932,金银华x,#今日解盘##股市#关注个股利好，仅仅提供参考，主意自己拿，风险自己担：信息发展拟10转7派0.3；盛通股份拟10转7；江阴银行拟10送2派0.5；洪汇新材拟10派10；穗恒运A、盈峰环境、岭南控股、丰乐种业一季报大幅预增；深深房A一季报扭亏为盈；中国铁建中标逾30亿元工程项目；大商股份签订16.5亿元总承包工程合同；海陆重工中标1.7亿元光伏扶贫电站建设项目；绿茵生态中标1.12亿元合同；金智科技中标6313万元模块化变电站项目。回避个股利空：一汽夏利、深南电A、西安饮食、友迅达一季报预亏；苏常柴A、英力特、金盾股份、翰宇药业、戴维医疗、宝莱特一季报预降；昂立教育年报预亏；音飞储存终止收购南京华德100%股权；海越能源存在重大会计差错更正，被出具警示函；刚泰控股、神雾节能将被ST；三七互娱、申通快递、飞乐音响、赫美集团、ST新梅股东减持；广汽集团、诚迈科技、鄂武商A、凤形股份、合力泰、新天药业、星网锐捷、建科院、天成自控、奥联电子、天泽信息、永安药业、欧浦智网、精研科技股东拟减持。外盘消息：昨夜美股收高，道指上涨0.03%，纳指上涨0.69%，标普上涨0.35%，欧洲主要国家股市涨跌互现。纽约原油期货上涨0.64美元，涨幅为1.0%，收于每桶64.62美元；纽约黄金期货上涨5.60美元，涨幅为0.40%，收于每盎司1313.90美元。,,,,今日解盘,0,0,0,2019-04-11 08:54,360安全浏览器,,,
4222847012324770,G9Am19KMi,3288834415,投机的股痴,002873新天药业，似乎没太多人留意。贵州股+次新股+医药股+高送，这样牛股频出的贵州扶贫概念股，值得重视。今天连华厦航空这样的贵州股都能拉，还有什么不可以的呢,,,,,0,0,0,2018-03-29 09:57,360安全浏览器,,,
4222846937477656,G9AlTvnhm,2879244941,短线道法,002873新天药业，似乎没太多人留意。贵州股+次新股+医药股+高送，这样牛股频出的贵州扶贫概念股，值得重视。今天连华厦航空这样的贵州股都能拉，还有什么不可以的呢,,,,,0,0,0,2018-03-29 09:57,微博 weibo.com,,,
4078626062123616,EwZqe8UrS,2492191854,强哥论股市,今年贵州证监局将选取1－2个市（州）开展直接融资扶贫试点，并将加大“引企入贫”力度，鼓励拟上市企业注册到贫困县。据了解，目前约有5家企业迁址到贵州贫困县。贵州证监局局长杨光预计今年贵州将新增3-4家上市公司。会议资料显示，贵州拟上市公司包括新天药业、贵交勘设、川恒化工、世纪恒通、贵燃集团、华夏航空、泰永长征、威门药业、安达科技、三力制药等,,,,,0,0,0,2017-02-24 10:34,微博 weibo.com,,,
4078625210853831,EwZoR3A7t,1789788500,浪子股侠,今年贵州证监局将选取1－2个市（州）开展直接融资扶贫试点，并将加大“引企入贫”力度，鼓励拟上市企业注册到贫困县。据了解，目前约有5家企业迁址到贵州贫困县。贵州证监局局长杨光预计今年贵州将新增3-4家上市公司。会议资料显示，贵州拟上市公司包括新天药业、贵交勘设、川恒化工、世纪恒通、贵燃集团、华夏航空、泰永长征、威门药业、安达科技、三力制药等,,,,,0,0,0,2017-02-24 10:31,微博 weibo.com,,,
